date,home_team,away_team,season,odds_implied_home,odds_implied_draw,odds_implied_away,odds_overround,odds_source,odds_move_home
2018-08-10,Manchester United,Leicester,1819,0.6203868668872486,0.24974548231102064,0.1298676508017307,0.02668626490282544,b365,
2018-08-11,Bournemouth,Cardiff,1819,0.5128205128205129,0.27065527065527073,0.21652421652421655,0.02631578947368407,b365,
2018-08-11,Fulham,Crystal Palace,1819,0.3893129770992367,0.28625954198473286,0.3244274809160305,0.027450980392156765,b365,
2018-08-11,Huddersfield,Chelsea,1819,0.15009905605407298,0.24391096608786855,0.6059899778580585,0.024964166268514054,b365,
2018-08-11,Newcastle,Tottenham,1819,0.24838238363598414,0.27676894176581085,0.4748486745982049,0.03232062055591478,b365,
2018-08-11,Watford,Brighton,1819,0.4102254731920669,0.30382324108287456,0.28595128572505846,0.028558575328865743,b365,
2018-08-11,Wolves,Everton,1819,0.41044776119402987,0.29477611940298515,0.29477611940298515,0.028001534330648115,b365,
2018-08-12,Arsenal,Manchester City,1819,0.24366984544557713,0.25649457415323906,0.4998355804011839,0.02597840755735481,b365,
2018-08-12,Liverpool,West Ham,1819,0.780278670953912,0.15005359056806,0.06966773847802786,0.025274725274725407,b365,
2018-08-12,Southampton,Burnley,1819,0.526711813393529,0.27840481565086533,0.19488337095560576,0.026254826254826114,b365,
2018-08-18,Cardiff,Newcastle,1819,0.30048847504197834,0.3150282399633644,0.3844832849946573,0.023973740255172737,b365,
2018-08-18,Chelsea,Arsenal,1819,0.5405405405405406,0.24324324324324326,0.21621621621621623,0.02777777777777768,b365,
2018-08-18,Everton,Southampton,1819,0.5147058823529411,0.27941176470588236,0.20588235294117646,0.022556390977443552,b365,
2018-08-18,Leicester,Wolves,1819,0.474848674598205,0.2767689417658109,0.2483823836359842,0.03232062055591456,b365,
2018-08-18,Tottenham,Fulham,1819,0.7575757575757576,0.1616161616161616,0.0808080808080808,0.03125,b365,
2018-08-18,West Ham,Bournemouth,1819,0.4649214659685864,0.27120418848167543,0.2638743455497382,0.02423852423852413,b365,
2018-08-19,Brighton,Manchester United,1819,0.17634709587123865,0.2694191742477257,0.5542337298810357,0.031024531024530955,b365,
2018-08-19,Burnley,Watford,1819,0.3982618552805592,0.3147553372378613,0.28698280748157945,0.02486155752623631,b365,
2018-08-19,Manchester City,Huddersfield,1819,0.887372013651877,0.0750853242320819,0.03754266211604095,0.02447552447552459,b365,
2018-08-20,Crystal Palace,Liverpool,1819,0.13771996939556236,0.19280795715378735,0.6694720734506504,0.03730158730158717,b365,
2018-08-25,Arsenal,West Ham,1819,0.7151112395261485,0.17682750650101128,0.10806125397284022,0.028223410576351693,b365,
2018-08-25,Bournemouth,Everton,1819,0.37306402381580434,0.27150770622150205,0.3554282699626936,0.023093530727118505,b365,
2018-08-25,Huddersfield,Cardiff,1819,0.4114311130879573,0.3250305793394863,0.2635383075725565,0.025544531873645582,b365,
2018-08-25,Liverpool,Brighton,1819,0.8350568769389864,0.11396070320579109,0.050982419855222325,0.03234760328813935,b365,
2018-08-25,Southampton,Leicester,1819,0.39690869191871,0.30388321725026235,0.29920809083102756,0.028355572998430167,b365,
2018-08-25,Wolves,Manchester City,1819,0.088604898828541,0.14994675186368478,0.7614483493077742,0.026005244755244794,b365,
2018-08-26,Fulham,Burnley,1819,0.4877741700351202,0.2869259823736001,0.22529984759127952,0.02506452927591374,b365,
2018-08-26,Newcastle,Chelsea,1819,0.169452596656884,0.24358810769427075,0.5869592956488452,0.026322682032477784,b365,
2018-08-26,Watford,Crystal Palace,1819,0.375,0.30000000000000004,0.325,0.02564102564102555,b365,
2018-08-27,Manchester United,Tottenham,1819,0.37072906174943826,0.2943364066010692,0.33493453164949255,0.029537278550176627,b365,
2018-09-01,Brighton,Fulham,1819,0.425,0.2875,0.2875,0.023017902813299296,b365,
2018-09-01,Chelsea,Bournemouth,1819,0.7491486946651532,0.1623155505107832,0.08853575482406358,0.02680652680652673,b365,
2018-09-01,Crystal Palace,Southampton,1819,0.48837209302325585,0.27906976744186046,0.23255813953488372,0.023809523809523725,b365,
2018-09-01,Everton,Huddersfield,1819,0.6376389141920205,0.23228274731280743,0.13007833849517217,0.025023342670401405,b365,
2018-09-01,Leicester,Liverpool,1819,0.12972972972972974,0.19459459459459463,0.6756756756756758,0.02777777777777768,b365,
2018-09-01,Manchester City,Newcastle,1819,0.8744305500351607,0.08823799186718441,0.037331458097654945,0.030271530271530178,b365,
2018-09-01,West Ham,Wolves,1819,0.3744435917114351,0.28633921719109745,0.33921719109746734,0.02716508742333712,b365,
2018-09-02,Burnley,Manchester United,1819,0.16314779270633398,0.2610364683301344,0.5758157389635318,0.021568627450980316,b365,
2018-09-02,Cardiff,Arsenal,1819,0.15057333531200648,0.2260338751796864,0.623392789508307,0.021735711222479637,b365,
2018-09-02,Watford,Tottenham,1819,0.1765791632485644,0.2312346185397867,0.5921862182116489,0.0296695174743955,b365,
2018-09-15,Bournemouth,Leicester,1819,0.3973509933774835,0.27814569536423844,0.3245033112582782,0.027210884353741305,b365,
2018-09-15,Chelsea,Cardiff,1819,0.8267159795496574,0.12194060698357444,0.051343413466768184,0.025089206066012615,b365,
2018-09-15,Huddersfield,Crystal Palace,1819,0.2954632100648113,0.3145253526496378,0.39001143728555093,0.025610948191593375,b365,
2018-09-15,Manchester City,Fulham,1819,0.8657432072456047,0.09696323921150773,0.037293553542887596,0.03131868131868121,b365,
2018-09-15,Newcastle,Arsenal,1819,0.23170731707317074,0.25609756097560976,0.5121951219512195,0.027568922305764243,b365,
2018-09-15,Tottenham,Liverpool,1819,0.3243243243243243,0.27027027027027023,0.4054054054054054,0.0277777777777779,b365,
2018-09-15,Watford,Manchester United,1819,0.2260760349741558,0.2719192309550263,0.5020047340708178,0.02154517281538082,b365,
2018-09-16,Everton,West Ham,1819,0.4887218045112782,0.26065162907268175,0.25062656641604014,0.023076923076922995,b365,
2018-09-16,Wolves,Burnley,1819,0.5585160202360877,0.2715008431703204,0.1699831365935919,0.02311939268461005,b365,
2018-09-17,Southampton,Brighton,1819,0.46379853095487933,0.28646379853095494,0.24973767051416584,0.026718379659556035,b365,
2018-09-22,Brighton,Tottenham,1819,0.19580419580419584,0.24475524475524477,0.5594405594405595,0.021428571428571352,b365,
2018-09-22,Burnley,Bournemouth,1819,0.3244274809160305,0.28625954198473286,0.3893129770992367,0.027450980392156765,b365,
2018-09-22,Cardiff,Manchester City,1819,0.04218948899799963,0.12129478086924894,0.8365157301327514,0.030547226386806736,b365,
2018-09-22,Crystal Palace,Newcastle,1819,0.4545292502941071,0.28608605753805566,0.25938469216783716,0.02807403335165848,b365,
2018-09-22,Fulham,Watford,1819,0.38438233734757254,0.2789517533893812,0.33666590926304635,0.024242659322756932,b365,
2018-09-22,Leicester,Huddersfield,1819,0.6059899778580585,0.24391096608786855,0.15009905605407298,0.024964166268514054,b365,
2018-09-22,Liverpool,Southampton,1819,0.8126195028680689,0.13001912045889102,0.05736137667304016,0.025490196078431282,b365,
2018-09-22,Manchester United,Wolves,1819,0.623392789508307,0.2260338751796864,0.15057333531200648,0.021735711222479637,b365,
2018-09-23,Arsenal,Everton,1819,0.6756756756756758,0.19459459459459463,0.12972972972972974,0.02777777777777768,b365,
2018-09-23,West Ham,Chelsea,1819,0.1624698171783374,0.21662642290444983,0.6209037599172129,0.025831564048124367,b365,
2018-09-29,Arsenal,Watford,1819,0.6720126496498758,0.18974474813643555,0.13824260221368873,0.0333800186741362,b365,
2018-09-29,Chelsea,Liverpool,1819,0.3472053462940462,0.27004860267314706,0.3827460510328068,0.028621422322209655,b365,
2018-09-29,Everton,Fulham,1819,0.5601965601965602,0.2334152334152334,0.20638820638820637,0.020050125313283207,b365,
2018-09-29,Huddersfield,Tottenham,1819,0.1137440758293839,0.21484992101105846,0.6714060031595577,0.034313725490195957,b365,
2018-09-29,Manchester City,Brighton,1819,0.8896641953772351,0.08155255124291322,0.028783253379851725,0.02183600713012468,b365,
2018-09-29,Newcastle,Leicester,1819,0.3767123287671233,0.29680365296803657,0.3264840182648402,0.020979020979020824,b365,
2018-09-29,West Ham,Manchester United,1819,0.21660761053766756,0.25650901247881686,0.5268833769835156,0.025920657499604705,b365,
2018-09-29,Wolves,Southampton,1819,0.5426356589147288,0.2713178294573644,0.18604651162790697,0.023809523809523725,b365,
2018-09-30,Cardiff,Burnley,1819,0.37145952638910384,0.3244079863798174,0.30413248723107883,0.027512722646310328,b365,
2018-10-01,Bournemouth,Crystal Palace,1819,0.43391066545123064,0.2789425706472197,0.2871467639015497,0.024276377217553602,b365,
2018-10-05,Brighton,West Ham,1819,0.36245694603903555,0.2965556831228473,0.34098737083811703,0.021832729149802388,b365,
2018-10-06,Burnley,Huddersfield,1819,0.4545771943300049,0.31380490189232596,0.23161790377766914,0.027965602882696672,b365,
2018-10-06,Crystal Palace,Wolves,1819,0.3244079863798174,0.30413248723107883,0.37145952638910384,0.027512722646310328,b365,
2018-10-06,Leicester,Everton,1819,0.4428364688856729,0.2865412445730825,0.2706222865412446,0.02644087938205586,b365,
2018-10-06,Manchester United,Newcastle,1819,0.6756756756756758,0.21621621621621623,0.10810810810810811,0.02777777777777768,b365,
2018-10-06,Tottenham,Cardiff,1819,0.7964199029126214,0.13880461165048544,0.06477548543689321,0.02919594067135045,b365,
2018-10-06,Watford,Bournemouth,1819,0.45333525221270776,0.2694826221486652,0.277182125638627,0.030781783118231765,b365,
2018-10-07,Fulham,Arsenal,1819,0.18604229810561843,0.22557091571697385,0.5883867861774078,0.023832711247497418,b365,
2018-10-07,Liverpool,Manchester City,1819,0.3827460510328068,0.27004860267314706,0.3472053462940462,0.028621422322209655,b365,
2018-10-07,Southampton,Chelsea,1819,0.16154768605760994,0.23641124788918533,0.6020410660532047,0.03168711811341707,b365,
2018-10-20,Bournemouth,Southampton,1819,0.4772469301413683,0.26313073986172736,0.2596223299969044,0.027133015368309366,b365,
2018-10-20,Cardiff,Fulham,1819,0.390359168241966,0.27882797731569,0.33081285444234404,0.024697336561743333,b365,
2018-10-20,Chelsea,Manchester United,1819,0.5574572127139364,0.2567237163814181,0.1858190709046455,0.025062656641603898,b365,
2018-10-20,Huddersfield,Liverpool,1819,0.08872581721147432,0.17745163442294865,0.733822548365577,0.024606971975392966,b365,
2018-10-20,Manchester City,Burnley,1819,0.8969883919149283,0.07451903563600944,0.02849257244906243,0.03226076755488494,b365,
2018-10-20,Newcastle,Brighton,1819,0.44328786791098346,0.30007178750897345,0.25664034458004303,0.02539565697460433,b365,
2018-10-20,West Ham,Tottenham,1819,0.23757614620070536,0.24975953831356207,0.5126643154857325,0.02662848490833092,b365,
2018-10-20,Wolves,Watford,1819,0.5555555555555556,0.2592592592592593,0.1851851851851852,0.02857142857142847,b365,
2018-10-21,Everton,Crystal Palace,1819,0.5253859743451877,0.26999001459405486,0.20462401106075737,0.028844634107791922,b365,
2018-10-22,Arsenal,Leicester,1819,0.6347656250000001,0.2158203125,0.14941406250000003,0.02966314731020603,b365,
2018-10-27,Brighton,Wolves,1819,0.30487804878048785,0.30487804878048785,0.39024390243902446,0.02499999999999991,b365,
2018-10-27,Fulham,Bournemouth,1819,0.3353828954723309,0.25936277249860257,0.4052543320290665,0.028160919540229923,b365,
2018-10-27,Leicester,West Ham,1819,0.4645476772616137,0.2787286063569682,0.2567237163814181,0.025062656641603898,b365,
2018-10-27,Liverpool,Cardiff,1819,0.8744305500351607,0.08823799186718441,0.037331458097654945,0.030271530271530178,b365,
2018-10-27,Southampton,Newcastle,1819,0.46379853095487933,0.28646379853095494,0.24973767051416584,0.026718379659556035,b365,
2018-10-27,Watford,Huddersfield,1819,0.5555555555555556,0.2592592592592593,0.1851851851851852,0.02857142857142847,b365,
2018-10-28,Burnley,Chelsea,1819,0.08858780614903597,0.19489317352787913,0.7165190203230849,0.02620320855614966,b365,
2018-10-28,Crystal Palace,Arsenal,1819,0.205219878441187,0.23775473721844836,0.5570253843403646,0.025857326242435308,b365,
2018-10-28,Manchester United,Everton,1819,0.5654046889238671,0.24935796537155167,0.1852373457045812,0.0282817957236563,b365,
2018-10-29,Tottenham,Manchester City,1819,0.205219878441187,0.23775473721844836,0.5570253843403646,0.025857326242435308,b365,
2018-11-03,Arsenal,Liverpool,1819,0.25,0.25,0.5,0.025641025641025772,b365,
2018-11-03,Bournemouth,Manchester United,1819,0.27120418848167543,0.2638743455497382,0.4649214659685864,0.02423852423852413,b365,
2018-11-03,Cardiff,Leicester,1819,0.25684834792431516,0.28706580062129344,0.4560858514543914,0.024565261421833906,b365,
2018-11-03,Everton,Brighton,1819,0.6059899778580585,0.24391096608786855,0.15009905605407298,0.024964166268514054,b365,
2018-11-03,Newcastle,Watford,1819,0.35356969402622634,0.29917435648373,0.34725594949004374,0.02847152847152845,b365,
2018-11-03,West Ham,Burnley,1819,0.5555555555555556,0.2592592592592593,0.1851851851851852,0.02857142857142847,b365,
2018-11-03,Wolves,Tottenham,1819,0.3147553372378613,0.28698280748157945,0.3982618552805592,0.02486155752623631,b365,
2018-11-04,Chelsea,Crystal Palace,1819,0.7804335742078933,0.14452473596442467,0.07504168982768206,0.025071225071225056,b365,
2018-11-04,Manchester City,Southampton,1819,0.8778205833791964,0.08858007705008257,0.03359933957072097,0.026292750430681355,b365,
2018-11-05,Huddersfield,Fulham,1819,0.42478852519308574,0.27914674512688487,0.29606472968002945,0.0235271974402409,b365,
2018-11-10,Cardiff,Brighton,1819,0.3734939759036145,0.31325301204819284,0.31325301204819284,0.029776674937965097,b365,
2018-11-10,Crystal Palace,Tottenham,1819,0.21586931155192535,0.2590431738623104,0.5250875145857643,0.029429429429429277,b365,
2018-11-10,Huddersfield,West Ham,1819,0.28628994470996155,0.2995033267734983,0.41420672851654017,0.027341869644748273,b365,
2018-11-10,Leicester,Burnley,1819,0.6519243436529595,0.22583984191211068,0.12223581443492991,0.022613548883756662,b365,
2018-11-10,Newcastle,Bournemouth,1819,0.33689024390243905,0.28734756097560976,0.3757621951219512,0.02356061788110475,b365,
2018-11-10,Southampton,Watford,1819,0.39001143728555093,0.2954632100648113,0.3145253526496378,0.025610948191593375,b365,
2018-11-11,Arsenal,Wolves,1819,0.5843071786310519,0.23094045631608234,0.18475236505286588,0.030981067125645412,b365,
2018-11-11,Chelsea,Everton,1819,0.6986301369863014,0.1863013698630137,0.11506849315068494,0.022408963585434094,b365,
2018-11-11,Liverpool,Fulham,1819,0.8744305500351607,0.08823799186718441,0.037331458097654945,0.030271530271530178,b365,
2018-11-11,Manchester City,Manchester United,1819,0.6986301369863014,0.1863013698630137,0.11506849315068494,0.022408963585434094,b365,
2018-11-24,Brighton,Leicester,1819,0.33689024390243905,0.28734756097560976,0.3757621951219512,0.02356061788110475,b365,
2018-11-24,Everton,Cardiff,1819,0.696594427244582,0.19504643962848295,0.10835913312693496,0.02539682539682553,b365,
2018-11-24,Fulham,Southampton,1819,0.37253858435337944,0.2788717402873869,0.3485896753592337,0.024536532170119862,b365,
2018-11-24,Manchester United,Crystal Palace,1819,0.6936416184971099,0.18497109826589597,0.12138728323699423,0.029761904761904656,b365,
2018-11-24,Tottenham,Chelsea,1819,0.3475935828877006,0.27807486631016043,0.37433155080213903,0.027472527472527375,b365,
2018-11-24,Watford,Liverpool,1819,0.14937182155058254,0.22423021710826477,0.6263979613411526,0.029954326385824626,b365,
2018-11-24,West Ham,Manchester City,1819,0.07462686567164178,0.14925373134328357,0.7761194029850745,0.030769230769230882,b365,
2018-11-25,Bournemouth,Arsenal,1819,0.26822558459422274,0.2503438789546079,0.4814305364511692,0.06520146520146541,b365,
2018-11-25,Wolves,Huddersfield,1819,0.6519243436529595,0.22583984191211068,0.12223581443492991,0.022613548883756662,b365,
2018-11-26,Burnley,Newcastle,1819,0.3377470734983689,0.3060832853578968,0.35616964114373445,0.02096394984326011,b365,
2018-11-30,Cardiff,Wolves,1819,0.25664034458004303,0.30007178750897345,0.44328786791098346,0.02539565697460433,b365,
2018-12-01,Crystal Palace,Burnley,1819,0.6022235948116119,0.24861025324274244,0.14916615194564545,0.031374422678770664,b365,
2018-12-01,Huddersfield,Brighton,1819,0.3893129770992366,0.32442748091603046,0.2862595419847328,0.027450980392156987,b365,
2018-12-01,Leicester,Watford,1819,0.43349753694581283,0.29556650246305427,0.27093596059113306,0.025252525252525082,b365,
2018-12-01,Manchester City,Bournemouth,1819,0.8744305500351607,0.08823799186718441,0.037331458097654945,0.030271530271530178,b365,
2018-12-01,Newcastle,West Ham,1819,0.39001143728555093,0.2954632100648113,0.3145253526496378,0.025610948191593375,b365,
2018-12-01,Southampton,Manchester United,1819,0.2260760349741558,0.2719192309550263,0.5020047340708178,0.02154517281538082,b365,
2018-12-02,Arsenal,Tottenham,1819,0.37306402381580434,0.27150770622150205,0.3554282699626936,0.023093530727118505,b365,
2018-12-02,Chelsea,Fulham,1819,0.8217522658610272,0.12120845921450152,0.0570392749244713,0.03128115653040875,b365,
2018-12-02,Liverpool,Everton,1819,0.696594427244582,0.19504643962848295,0.10835913312693496,0.02539682539682553,b365,
2018-12-04,Bournemouth,Huddersfield,1819,0.5835978294256168,0.25494010443329573,0.1614620661410873,0.032234199957725806,b365,
2018-12-04,Brighton,Crystal Palace,1819,0.3247962747380675,0.31431897555296856,0.3608847497089639,0.02628434886499398,b365,
2018-12-04,Watford,Manchester City,1819,0.08853575482406358,0.1623155505107832,0.7491486946651532,0.02680652680652673,b365,
2018-12-04,West Ham,Cardiff,1819,0.5869592956488452,0.24358810769427075,0.169452596656884,0.026322682032477784,b365,
2018-12-05,Burnley,Liverpool,1819,0.06957837020230667,0.16940820570996407,0.7610134240877292,0.026591614906832373,b365,
2018-12-05,Everton,Newcastle,1819,0.6074766355140188,0.2429906542056075,0.14953271028037385,0.028846153846153744,b365,
2018-12-05,Fulham,Leicester,1819,0.32450331125827814,0.2781456953642384,0.39735099337748336,0.027210884353741527,b365,
2018-12-05,Manchester United,Arsenal,1819,0.3973509933774835,0.27814569536423844,0.3245033112582782,0.027210884353741305,b365,
2018-12-05,Tottenham,Southampton,1819,0.7131622220633446,0.18474297562021877,0.1020948023164367,0.031033466017986067,b365,
2018-12-05,Wolves,Chelsea,1819,0.19565217391304351,0.2608695652173913,0.5434782608695653,0.022222222222222143,b365,
2018-12-08,Arsenal,Huddersfield,1819,0.7575757575757576,0.1616161616161616,0.0808080808080808,0.03125,b365,
2018-12-08,Bournemouth,Liverpool,1819,0.17031342400946187,0.21762270845653459,0.6120638675340035,0.021135265700483075,b365,
2018-12-08,Burnley,Brighton,1819,0.3377470734983689,0.3060832853578968,0.35616964114373445,0.02096394984326011,b365,
2018-12-08,Cardiff,Southampton,1819,0.3371110257395314,0.3008067614291203,0.36208221283134845,0.022890264269574523,b365,
2018-12-08,Chelsea,Manchester City,1819,0.24366984544557713,0.25649457415323906,0.4998355804011839,0.02597840755735481,b365,
2018-12-08,Leicester,Tottenham,1819,0.25553662691652473,0.2589437819420784,0.485519591141397,0.029824561403508643,b365,
2018-12-08,Manchester United,Fulham,1819,0.7329742821632302,0.1695401383090602,0.09748557952770963,0.0257927427263811,b365,
2018-12-08,West Ham,Crystal Palace,1819,0.425,0.2875,0.2875,0.023017902813299296,b365,
2018-12-09,Newcastle,Wolves,1819,0.33553398058252426,0.3040776699029126,0.36038834951456306,0.027697956577267036,b365,
2018-12-10,Everton,Watford,1819,0.5434782608695653,0.2608695652173913,0.19565217391304351,0.022222222222222143,b365,
2018-12-15,Crystal Palace,Leicester,1819,0.37145952638910384,0.30413248723107883,0.3244079863798174,0.027512722646310328,b365,
2018-12-15,Fulham,West Ham,1819,0.33720494567253656,0.2716373173473211,0.3911577369801424,0.022605363984674387,b365,
2018-12-15,Huddersfield,Newcastle,1819,0.3734939759036145,0.31325301204819284,0.31325301204819284,0.029776674937965097,b365,
2018-12-15,Manchester City,Everton,1819,0.7958533997224717,0.12945881968818873,0.07468778058933966,0.02992854140395118,b365,
2018-12-15,Tottenham,Burnley,1819,0.8267159795496574,0.12194060698357444,0.051343413466768184,0.025089206066012615,b365,
2018-12-15,Watford,Cardiff,1819,0.5903723887375113,0.2482591583409022,0.1613684529215864,0.032833020637898835,b365,
2018-12-15,Wolves,Bournemouth,1819,0.5020047340708178,0.2719192309550263,0.2260760349741558,0.02154517281538082,b365,
2018-12-16,Brighton,Chelsea,1819,0.13043478260869565,0.21739130434782608,0.6521739130434783,0.022222222222222143,b365,
2018-12-16,Liverpool,Manchester United,1819,0.6209037599172128,0.21662642290444978,0.16246981717833733,0.02583156404812459,b365,
2018-12-16,Southampton,Arsenal,1819,0.23757614620070536,0.24975953831356207,0.5126643154857325,0.02662848490833092,b365,
2018-12-21,Wolves,Liverpool,1819,0.1387232162580075,0.24276562845151314,0.6185111552904793,0.029799818016378543,b365,
2018-12-22,Arsenal,Burnley,1819,0.7839195979899497,0.1507537688442211,0.06532663316582914,0.020512820512820662,b365,
2018-12-22,Bournemouth,Brighton,1819,0.5122130571008376,0.263028326619349,0.22475861627981328,0.02753294196104461,b365,
2018-12-22,Cardiff,Manchester United,1819,0.149527200163269,0.23141114310982105,0.6190616567269098,0.02888406710062763,b365,
2018-12-22,Chelsea,Leicester,1819,0.733822548365577,0.17745163442294865,0.08872581721147432,0.024606971975392966,b365,
2018-12-22,Huddersfield,Southampton,1819,0.31325301204819284,0.31325301204819284,0.3734939759036145,0.029776674937965097,b365,
2018-12-22,Manchester City,Crystal Palace,1819,0.8559550012227929,0.0975788701393984,0.04646612863780875,0.024812030075187952,b365,
2018-12-22,Newcastle,Fulham,1819,0.4864864864864865,0.2702702702702703,0.24324324324324326,0.02777777777777768,b365,
2018-12-22,West Ham,Watford,1819,0.4095576022950324,0.27732900498263624,0.31311339272233124,0.030235859145618216,b365,
2018-12-23,Everton,Tottenham,1819,0.2992565055762082,0.2778810408921933,0.4228624535315985,0.028189202102245625,b365,
2018-12-26,Brighton,Arsenal,1819,0.1852373457045812,0.24935796537155167,0.5654046889238671,0.0282817957236563,b365,
2018-12-26,Burnley,Everton,1819,0.22433316350847204,0.27753217085476684,0.49813466563676106,0.029481680751888728,b365,
2018-12-26,Crystal Palace,Cardiff,1819,0.5869592956488452,0.24358810769427075,0.169452596656884,0.026322682032477784,b365,
2018-12-26,Fulham,Wolves,1819,0.3005538874694616,0.2872941571399265,0.41215195539061183,0.023750883021173452,b365,
2018-12-26,Leicester,Manchester City,1819,0.1020948023164367,0.18474297562021877,0.7131622220633446,0.031033466017986067,b365,
2018-12-26,Liverpool,Newcastle,1819,0.8350568769389864,0.11396070320579109,0.050982419855222325,0.03234760328813935,b365,
2018-12-26,Manchester United,Huddersfield,1819,0.7839195979899497,0.1507537688442211,0.06532663316582914,0.020512820512820662,b365,
2018-12-26,Tottenham,Bournemouth,1819,0.7151112395261485,0.17682750650101128,0.10806125397284022,0.028223410576351693,b365,
2018-12-26,Watford,Chelsea,1819,0.1858190709046455,0.2567237163814181,0.5574572127139364,0.025062656641603898,b365,
2018-12-27,Southampton,West Ham,1819,0.42478852519308574,0.27914674512688487,0.29606472968002945,0.0235271974402409,b365,
2018-12-29,Brighton,Everton,1819,0.2878050710019382,0.27510778845773504,0.43708714054032666,0.06909967437729958,b365,
2018-12-29,Fulham,Huddersfield,1819,0.47134935304990755,0.27726432532347506,0.2513863216266174,0.0607843137254902,b365,
2018-12-29,Leicester,Cardiff,1819,0.6075949367088608,0.23544303797468355,0.1569620253164557,0.06182795698924726,b365,
2018-12-29,Liverpool,Arsenal,1819,0.6272727272727273,0.2090909090909091,0.16363636363636366,0.0628019323671496,b365,
2018-12-29,Tottenham,Wolves,1819,0.7030022330659168,0.1869985939955339,0.10999917293854934,0.06952675807164965,b365,
2018-12-29,Watford,Newcastle,1819,0.5059732958538299,0.26001405481377377,0.23401264933239635,0.06831831831831825,b365,
2018-12-30,Burnley,West Ham,1819,0.2858844550327576,0.2948183442525313,0.41929720071471116,0.0599747474747474,b365,
2018-12-30,Crystal Palace,Chelsea,1819,0.19806114839671882,0.23519761372110362,0.5667412378821775,0.0629359543436907,b365,
2018-12-30,Manchester United,Bournemouth,1819,0.7077140835102618,0.1981599433828733,0.09412597310686482,0.06240601503759402,b365,
2018-12-30,Southampton,Manchester City,1819,0.0943657103352921,0.17974421016246114,0.7258900795022469,0.059706959706959495,b365,
2019-01-01,Arsenal,Fulham,1819,0.7292327203551047,0.16867469879518074,0.10209258084971465,0.03105590062111796,b365,
2019-01-01,Cardiff,Tottenham,1819,0.13043478260869565,0.21739130434782608,0.6521739130434783,0.022222222222222143,b365,
2019-01-01,Everton,Leicester,1819,0.48837209302325585,0.27906976744186046,0.23255813953488372,0.023809523809523725,b365,
2019-01-02,Bournemouth,Watford,1819,0.37485800833017796,0.27073078379401744,0.35441120787580466,0.026029526029526018,b365,
2019-01-02,Chelsea,Southampton,1819,0.7614483493077742,0.14994675186368478,0.088604898828541,0.026005244755244794,b365,
2019-01-02,Huddersfield,Burnley,1819,0.4545771943300049,0.31380490189232596,0.23161790377766914,0.027965602882696672,b365,
2019-01-02,Newcastle,Manchester United,1819,0.16246215943491424,0.23208879919273462,0.6054490413723511,0.025879917184264967,b365,
2019-01-02,West Ham,Brighton,1819,0.49813200498132004,0.2590286425902864,0.2428393524283935,0.029487179487179604,b365,
2019-01-02,Wolves,Crystal Palace,1819,0.4877741700351202,0.2869259823736001,0.22529984759127952,0.02506452927591374,b365,
2019-01-03,Manchester City,Liverpool,1819,0.475396163469558,0.25521267723102586,0.2693911592994162,0.031131750945992298,b365,
2019-01-12,Brighton,Liverpool,1819,0.08853575482406358,0.1623155505107832,0.7491486946651532,0.02680652680652673,b365,
2019-01-12,Burnley,Fulham,1819,0.4055587067498582,0.2949517867271696,0.29948950652297224,0.027389277389277433,b365,
2019-01-12,Cardiff,Huddersfield,1819,0.4315352697095436,0.29875518672199175,0.26970954356846477,0.029914529914529808,b365,
2019-01-12,Chelsea,Newcastle,1819,0.7964199029126214,0.13880461165048544,0.06477548543689321,0.02919594067135045,b365,
2019-01-12,Crystal Palace,Watford,1819,0.43391066545123064,0.2871467639015497,0.2789425706472197,0.024276377217553602,b365,
2019-01-12,Leicester,Southampton,1819,0.49813466563676106,0.27753217085476684,0.22433316350847204,0.029481680751888728,b365,
2019-01-12,West Ham,Arsenal,1819,0.27914893617021275,0.24425531914893614,0.4765957446808511,0.023519163763066286,b365,
2019-01-13,Everton,Bournemouth,1819,0.5549132947976879,0.24277456647398846,0.20231213872832374,0.029761904761904656,b365,
2019-01-13,Tottenham,Manchester United,1819,0.4760271035251737,0.26374474654773133,0.2602281499270949,0.02474181498571748,b365,
2019-01-14,Manchester City,Wolves,1819,0.8217522658610272,0.12120845921450152,0.0570392749244713,0.03128115653040875,b365,
2019-01-19,Arsenal,Chelsea,1819,0.31554421391323645,0.2717186286475092,0.4127371574392544,0.022299351209110307,b365,
2019-01-19,Bournemouth,West Ham,1819,0.4114311130879573,0.2635383075725565,0.3250305793394863,0.025544531873645582,b365,
2019-01-19,Liverpool,Crystal Palace,1819,0.8126195028680689,0.13001912045889102,0.05736137667304016,0.025490196078431282,b365,
2019-01-19,Manchester United,Brighton,1819,0.7493890849850665,0.1694270974748846,0.08118381754004887,0.026477146042363398,b365,
2019-01-19,Newcastle,Cardiff,1819,0.49829018075232057,0.28578407425500735,0.21592574499267222,0.02916038210155847,b365,
2019-01-19,Southampton,Everton,1819,0.35368907724908505,0.28607204777499523,0.3602388749759199,0.02812438106555737,b365,
2019-01-19,Watford,Burnley,1819,0.5884234090182283,0.24272465622001918,0.16885193476175248,0.029973649538866942,b365,
2019-01-19,Wolves,Leicester,1819,0.4102254731920669,0.30382324108287456,0.28595128572505846,0.028558575328865743,b365,
2019-01-20,Fulham,Tottenham,1819,0.1858190709046455,0.2567237163814181,0.5574572127139364,0.025062656641603898,b365,
2019-01-20,Huddersfield,Manchester City,1819,0.04635201203459947,0.11451673561489281,0.8391312523505078,0.027335071959818436,b365,
2019-01-29,Arsenal,Cardiff,1819,0.7964199029126214,0.13880461165048544,0.06477548543689321,0.02919594067135045,b365,
2019-01-29,Fulham,Brighton,1819,0.41044776119402987,0.29477611940298515,0.29477611940298515,0.028001534330648115,b365,
2019-01-29,Huddersfield,Everton,1819,0.2429022082018928,0.2944269190325973,0.46267087276551006,0.029220779220779036,b365,
2019-01-29,Manchester United,Burnley,1819,0.7575757575757576,0.1616161616161616,0.0808080808080808,0.03125,b365,
2019-01-29,Newcastle,Manchester City,1819,0.051343413466768184,0.12194060698357444,0.8267159795496574,0.025089206066012615,b365,
2019-01-29,Wolves,West Ham,1819,0.46296296296296297,0.2777777777777778,0.2592592592592593,0.02857142857142847,b365,
2019-01-30,Bournemouth,Chelsea,1819,0.18475236505286588,0.23094045631608234,0.5843071786310519,0.030981067125645412,b365,
2019-01-30,Liverpool,Leicester,1819,0.7964199029126214,0.13880461165048544,0.06477548543689321,0.02919594067135045,b365,
2019-01-30,Southampton,Crystal Palace,1819,0.40718562874251496,0.2874251497005988,0.3053892215568862,0.023284313725490335,b365,
2019-01-30,Tottenham,Watford,1819,0.5869592956488452,0.24358810769427075,0.169452596656884,0.026322682032477784,b365,
2019-02-02,Brighton,Watford,1819,0.3812824956672444,0.29462738301559793,0.3240901213171577,0.028520499108734443,b365,
2019-02-02,Burnley,Southampton,1819,0.3821062441752097,0.2783916921847956,0.33950206363999463,0.02630320420851273,b365,
2019-02-02,Cardiff,Bournemouth,1819,0.2992565055762082,0.2778810408921933,0.4228624535315985,0.028189202102245625,b365,
2019-02-02,Chelsea,Huddersfield,1819,0.8175559380378657,0.1308089500860585,0.05163511187607572,0.019298245614035148,b365,
2019-02-02,Crystal Palace,Fulham,1819,0.4765957446808511,0.27914893617021275,0.24425531914893614,0.023519163763066286,b365,
2019-02-02,Everton,Wolves,1819,0.41215195539061183,0.2872941571399265,0.3005538874694616,0.023750883021173452,b365,
2019-02-02,Tottenham,Newcastle,1819,0.6756756756756758,0.21621621621621623,0.10810810810810811,0.02777777777777768,b365,
2019-02-03,Leicester,Manchester United,1819,0.27005203660506016,0.2777678090794904,0.4521801543154495,0.02860834256183087,b365,
2019-02-03,Manchester City,Arsenal,1819,0.7302231237322516,0.1618661257606491,0.1079107505070994,0.029657477025897938,b365,
2019-02-04,West Ham,Liverpool,1819,0.12138728323699423,0.18497109826589597,0.6936416184971099,0.029761904761904656,b365,
2019-02-06,Everton,Manchester City,1819,0.09715994020926758,0.15545590433482812,0.7473841554559043,0.02923076923076917,b365,
2019-02-09,Brighton,Burnley,1819,0.47408927655207805,0.29451000513083636,0.23140071831708567,0.028930419174321598,b365,
2019-02-09,Crystal Palace,West Ham,1819,0.46296296296296297,0.2777777777777778,0.2592592592592593,0.02857142857142847,b365,
2019-02-09,Fulham,Manchester United,1819,0.17648670868731162,0.2206083858591395,0.6029049054535489,0.03020892151326926,b365,
2019-02-09,Huddersfield,Arsenal,1819,0.169475204622051,0.221473278767453,0.6090515166104958,0.02618577075098827,b365,
2019-02-09,Liverpool,Bournemouth,1819,0.8001219233406995,0.1301531661967538,0.06972491046254667,0.024434035909445706,b365,
2019-02-09,Southampton,Cardiff,1819,0.5559515324305061,0.24946543121881687,0.19458303635067714,0.02783882783882774,b365,
2019-02-09,Watford,Everton,1819,0.415661532751902,0.27908702913341993,0.30525143811467803,0.02374620060790278,b365,
2019-02-10,Manchester City,Chelsea,1819,0.6535626535626535,0.20638820638820637,0.14004914004914004,0.020050125313283207,b365,
2019-02-10,Tottenham,Leicester,1819,0.5730697301629708,0.24979962596847446,0.17713064386855462,0.026463732346085456,b365,
2019-02-11,Wolves,Newcastle,1819,0.5717600265164071,0.2591978786874379,0.16904209479615512,0.02881500426257455,b365,
2019-02-22,Cardiff,Watford,1819,0.3147553372378613,0.28698280748157945,0.3982618552805592,0.02486155752623631,b365,
2019-02-22,West Ham,Fulham,1819,0.4998355804011838,0.256494574153239,0.2436698454455771,0.025978407557355032,b365,
2019-02-23,Bournemouth,Wolves,1819,0.34018957128781685,0.2871600204694219,0.3726504082427612,0.024229092120929607,b365,
2019-02-23,Burnley,Tottenham,1819,0.16962058553236184,0.2566627281081791,0.5737166863594592,0.02530623233274998,b365,
2019-02-23,Leicester,Crystal Palace,1819,0.43391066545123064,0.2871467639015497,0.2789425706472197,0.024276377217553602,b365,
2019-02-23,Newcastle,Huddersfield,1819,0.5343511450381679,0.2793893129770993,0.18625954198473285,0.022638563622169983,b365,
2019-02-24,Arsenal,Southampton,1819,0.6535626535626535,0.20638820638820637,0.14004914004914004,0.020050125313283207,b365,
2019-02-24,Manchester United,Liverpool,1819,0.31311339272233124,0.27732900498263624,0.4095576022950324,0.030235859145618216,b365,
2019-02-26,Cardiff,Everton,1819,0.25993421637478886,0.2866921504133701,0.4533736332118411,0.025900592795257582,b365,
2019-02-26,Huddersfield,Wolves,1819,0.19488337095560576,0.27840481565086533,0.526711813393529,0.026254826254826114,b365,
2019-02-26,Leicester,Brighton,1819,0.5112734201333756,0.27754842807240393,0.2111781517942204,0.029421379535796044,b365,
2019-02-26,Newcastle,Burnley,1819,0.4539682539682539,0.29576719576719573,0.2502645502645503,0.024556838510326973,b365,
2019-02-27,Arsenal,Bournemouth,1819,0.6756756756756758,0.19459459459459463,0.12972972972972974,0.02777777777777768,b365,
2019-02-27,Chelsea,Tottenham,1819,0.4228624535315985,0.2778810408921933,0.2992565055762082,0.028189202102245625,b365,
2019-02-27,Crystal Palace,Manchester United,1819,0.2992565055762082,0.2778810408921933,0.4228624535315985,0.028189202102245625,b365,
2019-02-27,Liverpool,Watford,1819,0.7575757575757576,0.1616161616161616,0.0808080808080808,0.03125,b365,
2019-02-27,Manchester City,West Ham,1819,0.8403774326715158,0.10831531354432868,0.05130725378415569,0.02581165557572085,b365,
2019-02-27,Southampton,Fulham,1819,0.5122130571008376,0.263028326619349,0.22475861627981328,0.02753294196104461,b365,
2019-03-02,Bournemouth,Manchester City,1819,0.07468778058933966,0.12945881968818873,0.7958533997224717,0.02992854140395118,b365,
2019-03-02,Brighton,Huddersfield,1819,0.5272874972306328,0.28690643231666796,0.18580607045269923,0.02513437807555441,b365,
2019-03-02,Burnley,Crystal Palace,1819,0.3488372093023256,0.2959830866807611,0.35517970401691334,0.023809523809523725,b365,
2019-03-02,Manchester United,Southampton,1819,0.6698774080560421,0.2158493870402802,0.11427320490367776,0.029524453459544686,b365,
2019-03-02,Tottenham,Arsenal,1819,0.4760271035251737,0.26374474654773133,0.2602281499270949,0.02474181498571748,b365,
2019-03-02,West Ham,Newcastle,1819,0.4521801543154494,0.27776780907949034,0.2700520366050601,0.02860834256183109,b365,
2019-03-02,Wolves,Cardiff,1819,0.6519243436529595,0.22583984191211068,0.12223581443492991,0.022613548883756662,b365,
2019-03-03,Everton,Liverpool,1819,0.16246215943491424,0.23208879919273462,0.6054490413723511,0.025879917184264967,b365,
2019-03-03,Fulham,Chelsea,1819,0.14941406250000003,0.2158203125,0.6347656250000001,0.02966314731020603,b365,
2019-03-03,Watford,Leicester,1819,0.3812824956672444,0.29462738301559793,0.3240901213171577,0.028520499108734443,b365,
2019-03-09,Cardiff,West Ham,1819,0.27005203660506016,0.2777678090794904,0.4521801543154495,0.02860834256183087,b365,
2019-03-09,Crystal Palace,Brighton,1819,0.5335230304108126,0.27120754045882983,0.19526942913035747,0.024225865209471786,b365,
2019-03-09,Huddersfield,Bournemouth,1819,0.287595030595216,0.2963100315223438,0.41609493788244023,0.022679864982743547,b365,
2019-03-09,Leicester,Fulham,1819,0.6209037599172128,0.21662642290444978,0.16246981717833733,0.02583156404812459,b365,
2019-03-09,Manchester City,Watford,1819,0.8403774326715158,0.10831531354432868,0.05130725378415569,0.02581165557572085,b365,
2019-03-09,Newcastle,Everton,1819,0.3494623655913978,0.30107526881720426,0.3494623655913978,0.021978021978022122,b365,
2019-03-09,Southampton,Tottenham,1819,0.21660761053766756,0.25650901247881686,0.5268833769835156,0.025920657499604705,b365,
2019-03-10,Arsenal,Manchester United,1819,0.4054054054054055,0.2702702702702703,0.32432432432432434,0.02777777777777768,b365,
2019-03-10,Chelsea,Wolves,1819,0.62874251497006,0.2320359281437126,0.13922155688622756,0.026113671274961447,b365,
2019-03-10,Liverpool,Burnley,1819,0.8391312523505078,0.11451673561489281,0.04635201203459947,0.027335071959818436,b365,
2019-03-16,Bournemouth,Newcastle,1819,0.4741767764298094,0.27001733102253034,0.2558058925476603,0.028740550563400413,b365,
2019-03-16,Burnley,Leicester,1819,0.3147553372378613,0.28698280748157945,0.3982618552805592,0.02486155752623631,b365,
2019-03-16,West Ham,Huddersfield,1819,0.62874251497006,0.2320359281437126,0.13922155688622756,0.026113671274961447,b365,
2019-03-17,Everton,Chelsea,1819,0.24366984544557713,0.25649457415323906,0.4998355804011839,0.02597840755735481,b365,
2019-03-17,Fulham,Liverpool,1819,0.08120649651972157,0.13921113689095127,0.7795823665893272,0.026190476190476097,b365,
2019-03-30,Brighton,Southampton,1819,0.3817587069463152,0.30421396959784486,0.3140273234558399,0.02723750790638846,b365,
2019-03-30,Burnley,Wolves,1819,0.30388321725026235,0.29920809083102756,0.39690869191871,0.028355572998430167,b365,
2019-03-30,Crystal Palace,Huddersfield,1819,0.6708453328815857,0.22107403015415886,0.10808063696425545,0.028039010797631603,b365,
2019-03-30,Fulham,Manchester City,1819,0.046169989506820566,0.08814270724029381,0.8656873032528857,0.031385281385281294,b365,
2019-03-30,Leicester,Bournemouth,1819,0.5268833769835156,0.25650901247881686,0.21660761053766756,0.025920657499604705,b365,
2019-03-30,Manchester United,Watford,1819,0.674237047551455,0.20440028388928316,0.1213626685592619,0.029970760233918092,b365,
2019-03-30,West Ham,Everton,1819,0.3834529656214583,0.2793728749527767,0.337174159425765,0.022698734666280362,b365,
2019-03-31,Cardiff,Chelsea,1819,0.10810810810810811,0.21621621621621623,0.6756756756756758,0.02777777777777768,b365,
2019-03-31,Liverpool,Tottenham,1819,0.6054490413723511,0.23208879919273462,0.16246215943491424,0.025879917184264967,b365,
2019-04-01,Arsenal,Newcastle,1819,0.7131622220633446,0.18474297562021877,0.1020948023164367,0.031033466017986067,b365,
2019-04-02,Watford,Fulham,1819,0.5636978579481398,0.2423900789177001,0.1939120631341601,0.0313953488372094,b365,
2019-04-02,Wolves,Manchester United,1819,0.24324324324324326,0.2702702702702703,0.4864864864864865,0.02777777777777768,b365,
2019-04-03,Chelsea,Brighton,1819,0.7839195979899497,0.1507537688442211,0.06532663316582914,0.020512820512820662,b365,
2019-04-03,Manchester City,Cardiff,1819,0.9144701452393762,0.057019903173749345,0.028509951586874673,0.0316315205327411,b365,
2019-04-03,Tottenham,Crystal Palace,1819,0.6741573033707866,0.1955056179775281,0.1303370786516854,0.02298850574712641,b365,
2019-04-05,Southampton,Liverpool,1819,0.10835913312693499,0.195046439628483,0.6965944272445821,0.025396825396825307,b365,
2019-04-06,Bournemouth,Burnley,1819,0.4665629860031104,0.2721617418351478,0.26127527216174184,0.02063492063492056,b365,
2019-04-06,Huddersfield,Leicester,1819,0.1939120631341601,0.2423900789177001,0.5636978579481398,0.0313953488372094,b365,
2019-04-06,Newcastle,Crystal Palace,1819,0.375,0.30000000000000004,0.325,0.02564102564102555,b365,
2019-04-07,Everton,Arsenal,1819,0.3250345781466113,0.26002766251728904,0.41493775933609955,0.025531914893617058,b365,
2019-04-08,Chelsea,West Ham,1819,0.7292327203551047,0.16867469879518074,0.10209258084971465,0.03105590062111796,b365,
2019-04-12,Leicester,Newcastle,1819,0.5869592956488452,0.24358810769427075,0.169452596656884,0.026322682032477784,b365,
2019-04-13,Brighton,Bournemouth,1819,0.425,0.2875,0.2875,0.023017902813299296,b365,
2019-04-13,Burnley,Cardiff,1819,0.5128205128205129,0.27065527065527073,0.21652421652421655,0.02631578947368407,b365,
2019-04-13,Fulham,Everton,1819,0.19580419580419584,0.24475524475524477,0.5594405594405595,0.021428571428571352,b365,
2019-04-13,Manchester United,West Ham,1819,0.6986301369863014,0.1863013698630137,0.11506849315068494,0.022408963585434094,b365,
2019-04-13,Southampton,Wolves,1819,0.375,0.30000000000000004,0.325,0.02564102564102555,b365,
2019-04-13,Tottenham,Huddersfield,1819,0.7964199029126214,0.13880461165048544,0.06477548543689321,0.02919594067135045,b365,
2019-04-14,Crystal Palace,Manchester City,1819,0.08853575482406358,0.1623155505107832,0.7491486946651532,0.02680652680652673,b365,
2019-04-14,Liverpool,Chelsea,1819,0.5843071786310519,0.23094045631608234,0.18475236505286588,0.030981067125645412,b365,
2019-04-15,Watford,Arsenal,1819,0.30529172320217096,0.2605156037991859,0.43419267299864317,0.023611111111111027,b365,
2019-04-16,Brighton,Cardiff,1819,0.4876847290640395,0.29556650246305427,0.21674876847290642,0.025252525252525082,b365,
2019-04-20,Bournemouth,Fulham,1819,0.5919661733615222,0.22198731501057084,0.18604651162790697,0.023809523809523725,b365,
2019-04-20,Huddersfield,Watford,1819,0.22189758572966323,0.2503459941565432,0.5277564201137935,0.02422352422352425,b365,
2019-04-20,Manchester City,Tottenham,1819,0.7491486946651532,0.1623155505107832,0.08853575482406358,0.02680652680652673,b365,
2019-04-20,Newcastle,Southampton,1819,0.3817587069463152,0.30421396959784486,0.3140273234558399,0.02723750790638846,b365,
2019-04-20,West Ham,Leicester,1819,0.2960647296800294,0.2791467451268848,0.42478852519308563,0.02352719744024112,b365,
2019-04-20,Wolves,Brighton,1819,0.5581395348837209,0.27906976744186046,0.16279069767441862,0.023809523809523725,b365,
2019-04-21,Arsenal,Crystal Palace,1819,0.637757822664932,0.21212379753855345,0.15011837979651477,0.02483222943580987,b365,
2019-04-21,Cardiff,Liverpool,1819,0.05736137667304016,0.13001912045889102,0.8126195028680689,0.025490196078431282,b365,
2019-04-21,Everton,Manchester United,1819,0.2992565055762082,0.2778810408921933,0.4228624535315985,0.028189202102245625,b365,
2019-04-22,Chelsea,Burnley,1819,0.7792207792207791,0.1558441558441558,0.06493506493506493,0.02666666666666684,b365,
2019-04-23,Tottenham,Brighton,1819,0.7623143080531665,0.1626270523846755,0.07505863956215794,0.024839743589743613,b365,
2019-04-23,Watford,Southampton,1819,0.43391066545123064,0.2789425706472197,0.2871467639015497,0.024276377217553602,b365,
2019-04-24,Manchester United,Manchester City,1819,0.12972972972972974,0.19459459459459463,0.6756756756756758,0.02777777777777768,b365,
2019-04-24,Wolves,Arsenal,1819,0.337174159425765,0.2793728749527767,0.3834529656214583,0.022698734666280362,b365,
2019-04-26,Liverpool,Huddersfield,1819,0.9112191074497717,0.06500029633141705,0.023780596218811116,0.02563634982144225,b365,
2019-04-27,Brighton,Newcastle,1819,0.42415316642120765,0.304860088365243,0.2709867452135493,0.025060386473430007,b365,
2019-04-27,Crystal Palace,Everton,1819,0.37253858435337944,0.2788717402873869,0.3485896753592337,0.024536532170119862,b365,
2019-04-27,Fulham,Cardiff,1819,0.4054054054054055,0.2702702702702703,0.32432432432432434,0.02777777777777768,b365,
2019-04-27,Southampton,Bournemouth,1819,0.5126643154857325,0.24975953831356207,0.23757614620070536,0.02662848490833092,b365,
2019-04-27,Tottenham,West Ham,1819,0.693860386879731,0.17661900756938606,0.1295206055508831,0.029437229437229373,b365,
2019-04-27,Watford,Wolves,1819,0.37072906174943826,0.2943364066010692,0.33493453164949255,0.029537278550176627,b365,
2019-04-28,Burnley,Manchester City,1819,0.0421389847215377,0.10768851651059634,0.8501724987678659,0.03178235443681676,b365,
2019-04-28,Leicester,Arsenal,1819,0.35441120787580466,0.27073078379401744,0.37485800833017796,0.026029526029526018,b365,
2019-04-28,Manchester United,Chelsea,1819,0.3608247422680412,0.2783505154639175,0.3608247422680412,0.02645502645502651,b365,
2019-05-03,Everton,Burnley,1819,0.5869592956488452,0.24358810769427075,0.169452596656884,0.026322682032477784,b365,
2019-05-04,Bournemouth,Tottenham,1819,0.2435897435897436,0.2435897435897436,0.5128205128205129,0.02631578947368407,b365,
2019-05-04,Cardiff,Crystal Palace,1819,0.3764640267707753,0.2610150585610709,0.362520914668154,0.021652421652421427,b365,
2019-05-04,Newcastle,Liverpool,1819,0.1020948023164367,0.18474297562021877,0.7131622220633446,0.031033466017986067,b365,
2019-05-04,West Ham,Southampton,1819,0.4245799853907962,0.260409057706355,0.31501095690284875,0.024029920523609194,b365,
2019-05-04,Wolves,Fulham,1819,0.6376389141920205,0.23228274731280743,0.13007833849517217,0.025023342670401405,b365,
2019-05-05,Arsenal,Brighton,1819,0.696594427244582,0.19504643962848295,0.10835913312693496,0.02539682539682553,b365,
2019-05-05,Chelsea,Watford,1819,0.6936416184971099,0.18497109826589597,0.12138728323699423,0.029761904761904656,b365,
2019-05-05,Huddersfield,Manchester United,1819,0.08853575482406358,0.1623155505107832,0.7491486946651532,0.02680652680652673,b365,
2019-05-06,Manchester City,Leicester,1819,0.8349705304518663,0.1100196463654224,0.0550098231827112,0.06932773109243695,b365,
2019-05-12,Brighton,Manchester City,1819,0.050982419855222325,0.11396070320579109,0.8350568769389864,0.03234760328813935,b365,
2019-05-12,Burnley,Arsenal,1819,0.30007178750897345,0.25664034458004303,0.44328786791098346,0.02539565697460433,b365,
2019-05-12,Crystal Palace,Bournemouth,1819,0.5121951219512195,0.23170731707317074,0.25609756097560976,0.027568922305764243,b365,
2019-05-12,Fulham,Newcastle,1819,0.3911577369801424,0.2716373173473211,0.33720494567253656,0.022605363984674387,b365,
2019-05-12,Leicester,Chelsea,1819,0.4052543320290665,0.25936277249860257,0.3353828954723309,0.028160919540229923,b365,
2019-05-12,Liverpool,Wolves,1819,0.7491486946651532,0.1623155505107832,0.08853575482406358,0.02680652680652673,b365,
2019-05-12,Manchester United,Cardiff,1819,0.7614483493077742,0.14994675186368478,0.088604898828541,0.026005244755244794,b365,
2019-05-12,Southampton,Huddersfield,1819,0.6790850222857623,0.2058699857034732,0.11504499201076444,0.02261781905744753,b365,
2019-05-12,Tottenham,Everton,1819,0.4430379746835444,0.2784810126582279,0.2784810126582279,0.02597402597402576,b365,
2019-05-12,Watford,West Ham,1819,0.43419267299864317,0.2605156037991859,0.30529172320217096,0.023611111111111027,b365,
2019-08-09,Liverpool,Norwich,1920,0.8480434867420056,0.10155142593339142,0.05040508732460303,0.0343726426413824,avg_close,-0.00020724787260051336
2019-08-10,Bournemouth,Sheffield United,1920,0.4870748299319728,0.26938775510204077,0.2435374149659864,0.036905366514305094,avg_close,0.022181289384391678
2019-08-10,Burnley,Southampton,1920,0.36317780580075665,0.3026481715006305,0.33417402269861285,0.03904612159329135,avg_close,0.0012638110928598345
2019-08-10,Crystal Palace,Everton,1920,0.28240471081616314,0.28575669551427785,0.43183859366955896,0.038421530282862326,avg_close,-0.026441022357992283
2019-08-10,Tottenham,Aston Villa,1920,0.7085746741708859,0.18216664591160775,0.10925867991750622,0.037708719278511715,avg_close,-0.010778839976098187
2019-08-10,Watford,Brighton,1920,0.46611272823498284,0.29506218576342946,0.23882508600158772,0.036426937468377885,avg_close,-0.02573492252311088
2019-08-10,West Ham,Manchester City,1920,0.0864623477274369,0.14910070490458932,0.7644369473679737,0.03821616208296286,avg_close,0.0023559446652918342
2019-08-11,Leicester,Wolves,1920,0.39999380490883535,0.3070016145956348,0.29300458049552985,0.037360464696872375,avg_close,-0.022787749943055102
2019-08-11,Manchester United,Chelsea,1920,0.47083118224057824,0.28726307249797184,0.24190574526144995,0.036050492083868235,avg_close,0.029441273136135704
2019-08-11,Newcastle,Arsenal,1920,0.28698211657672923,0.2747179235606297,0.43829995986264103,0.03706478706478711,avg_close,0.07891207991832636
2019-08-17,Arsenal,Burnley,1920,0.7076446549884172,0.18261797548088188,0.10973736953070097,0.03907252384898485,avg_close,-0.01815032372474179
2019-08-17,Aston Villa,Bournemouth,1920,0.4257731803308353,0.2658141954551623,0.30841262421400245,0.03923379054166709,avg_close,0.01739254246119676
2019-08-17,Brighton,West Ham,1920,0.4317937539930099,0.279912811454771,0.28829343455221923,0.03852936529693762,avg_close,0.05810829688326874
2019-08-17,Everton,Watford,1920,0.5270784584590229,0.26139663386992196,0.21152490767105528,0.036749043072829224,avg_close,-0.024728294052997923
2019-08-17,Manchester City,Tottenham,1920,0.7069723162666363,0.17577373859645803,0.11725394513690555,0.040060693649199175,avg_close,0.01042613751190602
2019-08-17,Norwich,Newcastle,1920,0.4483030781373322,0.2801894238358327,0.27150749802683505,0.037504094333442595,avg_close,0.02785145888594165
2019-08-17,Southampton,Liverpool,1920,0.14834478450968142,0.21080574640849467,0.6408494690818237,0.04028589993502285,avg_close,-0.0009416460270985638
2019-08-18,Chelsea,Leicester,1920,0.5566314519963356,0.2507740656129324,0.1925944823907321,0.038451348747591485,avg_close,0.0
2019-08-18,Sheffield United,Crystal Palace,1920,0.38335056348491936,0.2969783686256628,0.3196710678894178,0.03927426343189655,avg_close,0.01639934395308168
2019-08-19,Wolves,Manchester United,1920,0.3208549238018024,0.29257287884662836,0.38657219735156917,0.03889112681729956,avg_close,0.04036408431426225
2019-08-23,Aston Villa,Everton,1920,0.3188603493977772,0.2832230162297903,0.39791663437243263,0.03846661536926077,avg_close,0.02696344573688919
2019-08-24,Brighton,Southampton,1920,0.4085008399355729,0.29302795813007654,0.29847120193435045,0.03727770456029145,avg_close,0.02017540678585472
2019-08-24,Liverpool,Arsenal,1920,0.6543508387886152,0.19393059133452914,0.15171856987685559,0.039613718693949584,avg_close,0.018400810476154827
2019-08-24,Manchester United,Crystal Palace,1920,0.7135364219854119,0.18243828971217918,0.10402528830240887,0.038126040825824825,avg_close,0.0
2019-08-24,Norwich,Chelsea,1920,0.23158562054906048,0.24765968675683592,0.5207546926941036,0.03799456466551576,avg_close,0.0
2019-08-24,Sheffield United,Leicester,1920,0.29793723288845303,0.2942927407430285,0.4077700263685184,0.03913673433265319,avg_close,0.003143763453041848
2019-08-24,Watford,West Ham,1920,0.43601414777560554,0.2737475189159342,0.29023833330846033,0.03778441615082295,avg_close,-0.01918126420368843
2019-08-25,Bournemouth,Manchester City,1920,0.05915514144548926,0.11418967681626323,0.8266551817382476,0.033926688638948876,avg_close,-0.0069727177218198225
2019-08-25,Tottenham,Newcastle,1920,0.7523921730962123,0.15997707334936076,0.0876307535544269,0.03835476754766498,avg_close,-0.0307502404298986
2019-08-25,Wolves,Burnley,1920,0.5382311293449189,0.27684877055385193,0.18492010010122933,0.037954119370685824,avg_close,0.029664952555671475
2019-08-31,Burnley,Liverpool,1920,0.10908823043577255,0.1773939364176559,0.7135178331465716,0.0381530864815498,avg_close,0.011335914670491817
2019-08-31,Chelsea,Sheffield United,1920,0.682850108000261,0.20142649629296402,0.11572339570677499,0.038617186768838074,avg_close,-0.009023293535957766
2019-08-31,Crystal Palace,Aston Villa,1920,0.424157164904085,0.28318728362713913,0.292655551468776,0.03859764920121189,avg_close,-0.009141661755276809
2019-08-31,Leicester,Bournemouth,1920,0.5753622506716544,0.2384255480450776,0.18621220128326796,0.04073980263836119,avg_close,0.024194839705588556
2019-08-31,Manchester City,Brighton,1920,0.8850085705231083,0.08388342103219026,0.031108008444701327,0.03663537644418269,avg_close,0.0074939240584164235
2019-08-31,Newcastle,Watford,1920,0.3797033363782679,0.30114402540345386,0.31915263821827833,0.040962454441761276,avg_close,-0.008632117939764428
2019-08-31,Southampton,Manchester United,1920,0.23728604767347167,0.2736878845324701,0.4890260677940583,0.038010541008090426,avg_close,-0.014278832100100058
2019-08-31,West Ham,Norwich,1920,0.5066657801123707,0.24066624555337612,0.25266797433425314,0.03878298107473399,avg_close,-0.0018668849370977458
2019-09-01,Arsenal,Tottenham,1920,0.3725326176617523,0.26477524891661736,0.36269213342163054,0.04043748345475562,avg_close,-0.02633004307388126
2019-09-01,Everton,Wolves,1920,0.46486140497484135,0.29517273260672444,0.23996586241843432,0.03921681230077345,avg_close,0.03898084756044723
2019-09-14,Brighton,Burnley,1920,0.45139750071544404,0.2844605551845846,0.2641419440999714,0.04006683096607255,avg_close,0.022262834907673446
2019-09-14,Liverpool,Newcastle,1920,0.8006633717397446,0.13143584761801552,0.06790078064223982,0.040803617033961403,avg_close,-0.03130093494741737
2019-09-14,Manchester United,Leicester,1920,0.45218247815697793,0.28750706820130234,0.2603104536417197,0.0382613010319548,avg_close,-0.035805424104559946
2019-09-14,Norwich,Manchester City,1920,0.03699101720651391,0.08099381105284723,0.8820151717406389,0.04015352802834293,avg_close,-0.022187796275813965
2019-09-14,Sheffield United,Southampton,1920,0.3877672768375773,0.2958962604791359,0.31633646268328675,0.039865482564973354,avg_close,0.008430528671052706
2019-09-14,Tottenham,Crystal Palace,1920,0.6809475048513794,0.1943595104940172,0.12469298465460324,0.04151913782372918,avg_close,-0.0062854684129795
2019-09-14,Wolves,Chelsea,1920,0.31513835295030157,0.28269764014659404,0.40216400690310444,0.040396541358844074,avg_close,-0.011434303722519246
2019-09-15,Bournemouth,Everton,1920,0.2900121506682868,0.27431348724179827,0.4356743620899149,0.03859379196019885,avg_close,-0.03244377535590831
2019-09-15,Watford,Arsenal,1920,0.23621872924507417,0.2483949524020368,0.5153863183528891,0.03758935626734283,avg_close,-0.02436921361819236
2019-09-16,Aston Villa,West Ham,1920,0.3526983452723446,0.2667220173389199,0.38057963738873557,0.0385655935457212,avg_close,-0.012108580449312678
2019-09-20,Southampton,Bournemouth,1920,0.44149054670211346,0.27035095275578863,0.2881585005420981,0.03901567033955988,avg_close,-0.022657894464665818
2019-09-21,Burnley,Norwich,1920,0.47628890707452665,0.2579366199170359,0.26577447300843754,0.03938911361845521,avg_close,-0.0015893867886278001
2019-09-21,Everton,Sheffield United,1920,0.5457937544875643,0.26983062019609916,0.18437562531633647,0.0410192742408233,avg_close,-0.0401294162296818
2019-09-21,Leicester,Tottenham,1920,0.3548352937023716,0.2795359435852986,0.36562876271232975,0.0399295013376344,avg_close,0.030007520959243805
2019-09-21,Manchester City,Watford,1920,0.8715216261056452,0.08942852506681061,0.03904984882754419,0.04310768873646942,avg_close,0.00548834269166143
2019-09-21,Newcastle,Brighton,1920,0.40111766532132875,0.30083824899099654,0.29804408568767465,0.038764189886481004,avg_close,0.016708987958671928
2019-09-22,Arsenal,Aston Villa,1920,0.6772852494637126,0.189693304583525,0.13302144595276236,0.03977659733516292,avg_close,-0.004718236589319913
2019-09-22,Chelsea,Liverpool,1920,0.2962020179661705,0.2601774482135281,0.4436205338203014,0.03879207105013549,avg_close,0.02461507836246568
2019-09-22,Crystal Palace,Wolves,1920,0.35014302025357746,0.3096119954010733,0.34024498434534917,0.038536662455856296,avg_close,-0.009872423393435692
2019-09-22,West Ham,Manchester United,1920,0.3123734118946787,0.2764684220217271,0.41115816608359423,0.0393820738648325,avg_close,0.010514977509083534
2019-09-28,Aston Villa,Burnley,1920,0.41639647985178324,0.2820750347383047,0.301528485409912,0.039635188689693734,avg_close,0.009357212700254802
2019-09-28,Bournemouth,West Ham,1920,0.4017614054274701,0.2659860828176326,0.3322525117548974,0.04143911333598638,avg_close,0.018051424914354464
2019-09-28,Chelsea,Brighton,1920,0.672747276928155,0.20295962152051927,0.12429310155132575,0.03947012984398923,avg_close,-0.00535838407930167
2019-09-28,Crystal Palace,Norwich,1920,0.5034800838574424,0.2530649895178197,0.2434549266247379,0.039882661122951246,avg_close,0.0
2019-09-28,Everton,Manchester City,1920,0.11130423156628116,0.1738752590413798,0.714820509392339,0.0362611746694792,avg_close,0.022926519382078903
2019-09-28,Sheffield United,Liverpool,1920,0.10774755132814524,0.18032047989625805,0.7119319687755966,0.04046562484711891,avg_close,0.0
2019-09-28,Tottenham,Southampton,1920,0.6935612954965866,0.19014796858782154,0.11629073591559173,0.0372903809699332,avg_close,0.01386686530707526
2019-09-28,Wolves,Watford,1920,0.49768483491208426,0.278414994602992,0.22390017048492364,0.04109002058990807,avg_close,-0.014234621120100377
2019-09-29,Leicester,Newcastle,1920,0.6300693116322432,0.23062345617161056,0.13930723219614627,0.03733789152282685,avg_close,-0.005707151774567487
2019-09-30,Manchester United,Arsenal,1920,0.4294047381292415,0.27094834180549326,0.2996469200652651,0.03964519202442074,avg_close,0.02998748582127997
2019-10-05,Brighton,Tottenham,1920,0.19599224642237295,0.24661939959030052,0.5573883539873266,0.03704119030457487,avg_close,-0.042263040877409286
2019-10-05,Burnley,Everton,1920,0.3017743212406278,0.2971173101103712,0.4011083686490011,0.038788265799760024,avg_close,-0.035736508226562436
2019-10-05,Liverpool,Leicester,1920,0.6090017750396789,0.22069330379878271,0.17030492116153853,0.03926034101267861,avg_close,-0.06006983701474111
2019-10-05,Norwich,Aston Villa,1920,0.39708128287799077,0.2669268623790938,0.33599185474291526,0.04065126792399543,avg_close,0.0
2019-10-05,Watford,Sheffield United,1920,0.40916235724851213,0.29314985961402545,0.2976877831374624,0.040007486893919086,avg_close,-0.04819741440612424
2019-10-05,West Ham,Crystal Palace,1920,0.4808015695067265,0.26345291479820626,0.25574551569506726,0.039930049548236646,avg_close,-0.001615089351885035
2019-10-06,Arsenal,Bournemouth,1920,0.7055077979887511,0.16774311280851426,0.12674908920273467,0.042219688773422526,avg_close,0.03094703234228846
2019-10-06,Manchester City,Wolves,1920,0.8452541831722683,0.10718462389503736,0.047561192932694264,0.03778602924389518,avg_close,-0.005244558770275853
2019-10-06,Newcastle,Manchester United,1920,0.24671573651355636,0.29069225752352557,0.46259200596291805,0.039294290804864795,avg_close,0.03662993122236957
2019-10-06,Southampton,Chelsea,1920,0.2068393495878765,0.22949318311416772,0.5636674672979558,0.03748283441077649,avg_close,-0.031765546988667875
2019-10-19,Aston Villa,Brighton,1920,0.4029767893696007,0.27916363089662194,0.31785957973377743,0.038298117605102266,avg_close,0.008453230130238965
2019-10-19,Bournemouth,Norwich,1920,0.547839915186854,0.2274052478134111,0.22475483699973497,0.03713110788582474,avg_close,0.0
2019-10-19,Chelsea,Newcastle,1920,0.7518303814129158,0.1601236086869438,0.08804600990014019,0.03913065940724003,avg_close,0.024577397258968348
2019-10-19,Crystal Palace,Manchester City,1920,0.0791169640526657,0.13295589394742577,0.7879271419999085,0.04028924434187875,avg_close,0.0069635546801056075
2019-10-19,Everton,West Ham,1920,0.5323729742425429,0.24089877084475064,0.22672825491270648,0.037780305492362665,avg_close,0.049129764265256615
2019-10-19,Leicester,Burnley,1920,0.6413898531800376,0.21815981400681553,0.14045033281314695,0.039409437741033004,avg_close,0.043967765451213836
2019-10-19,Tottenham,Watford,1920,0.638084828519836,0.21458977529286238,0.14732539618730156,0.0378740036263876,avg_close,-0.02795206868896538
2019-10-19,Wolves,Southampton,1920,0.46541566736691453,0.295524672223777,0.23905966040930843,0.03797921151365946,avg_close,-0.05358851674641146
2019-10-20,Manchester United,Liverpool,1920,0.23712574850299403,0.27664670658682633,0.48622754491017967,0.03871224560879738,avg_close,0.057424305273708176
2019-10-21,Sheffield United,Arsenal,1920,0.2617721808161284,0.270595962191953,0.4676318569919187,0.03807490004316039,avg_close,0.01881633095083382
2019-10-25,Southampton,Leicester,1920,0.3080003858396836,0.2886350921192245,0.4033645220410919,0.03730005733716846,avg_close,0.0
2019-10-26,Brighton,Everton,1920,0.3593364787057238,0.289195724604006,0.35146779669027006,0.03839813230814437,avg_close,0.034844813460538415
2019-10-26,Burnley,Chelsea,1920,0.19056630832435836,0.2399899892862867,0.5694437023893548,0.03911233691505034,avg_close,-0.0117096630642336
2019-10-26,Manchester City,Aston Villa,1920,0.8960760590583129,0.06932393580107292,0.03460000514061416,0.03331175581119994,avg_close,-0.0013131520548679276
2019-10-26,Watford,Bournemouth,1920,0.42190844910043274,0.27173764518332955,0.3063539057162377,0.03955370451390272,avg_close,-0.020541662510347836
2019-10-26,West Ham,Sheffield United,1920,0.4241309615450247,0.28233937909302226,0.2935296593619531,0.03866181510653055,avg_close,-0.024249504389691423
2019-10-27,Arsenal,Crystal Palace,1920,0.6504264692098605,0.20438029181116635,0.14519323897897338,0.03881946332302255,avg_close,0.001563659511910398
2019-10-27,Liverpool,Tottenham,1920,0.6501329205505265,0.20045765050307904,0.1494094289463943,0.03928851211459916,avg_close,0.0202654377440179
2019-10-27,Newcastle,Wolves,1920,0.2832792176454464,0.313729426708312,0.40299135564624167,0.038260587922628986,avg_close,-0.03872611702549905
2019-10-27,Norwich,Manchester United,1920,0.2126081659625244,0.25820777260328037,0.5291840614341954,0.03829761607223725,avg_close,-0.009176255341110856
2019-11-02,Arsenal,Wolves,1920,0.5483218872113276,0.2479491738035719,0.2037289389851005,0.04214072929818746,avg_close,0.0035387010923363382
2019-11-02,Aston Villa,Liverpool,1920,0.10195427257631882,0.15691659215736367,0.7411291352663175,0.0379173245622757,avg_close,0.00039115444674063526
2019-11-02,Bournemouth,Manchester United,1920,0.26728550952153435,0.27103951948672445,0.4616749709917412,0.036376086175333056,avg_close,-0.021103584130880926
2019-11-02,Brighton,Norwich,1920,0.6057207461842848,0.2169135104578858,0.1773657433578293,0.038318105450389384,avg_close,0.056356473800708184
2019-11-02,Manchester City,Southampton,1920,0.8957439112007599,0.07412575289905747,0.03013033590018275,0.0433556148872023,avg_close,0.0
2019-11-02,Sheffield United,Burnley,1920,0.4228938210619799,0.3028293292778216,0.27427684966019844,0.041700333324730554,avg_close,-0.003497862417411568
2019-11-02,Watford,Chelsea,1920,0.18598051549106231,0.22413036482256224,0.5898891196863755,0.04002076329448734,avg_close,-0.000698875048594505
2019-11-02,West Ham,Newcastle,1920,0.5207545478124709,0.25828308671664113,0.2209623654708879,0.03799485345098641,avg_close,0.0
2019-11-03,Crystal Palace,Leicester,1920,0.2578385149917733,0.27630832265594046,0.4658531623522862,0.03700441787339681,avg_close,-0.008428409395845937
2019-11-03,Everton,Tottenham,1920,0.38639818952010674,0.26875181338130333,0.34484999709858993,0.039358973709459066,avg_close,0.02859029792614498
2019-11-08,Norwich,Watford,1920,0.33490905591377146,0.26625733808103164,0.39883360600519674,0.04037812533453611,avg_close,-0.015397659022967136
2019-11-09,Burnley,West Ham,1920,0.4454254619607379,0.26651495784908424,0.28805958019017786,0.039372470817060856,avg_close,0.028332957065643205
2019-11-09,Chelsea,Crystal Palace,1920,0.6724615711684399,0.2011757420022738,0.12636268682928634,0.03991176489925663,avg_close,-0.039760754873634174
2019-11-09,Leicester,Arsenal,1920,0.5040983469610749,0.2425259049611217,0.25337574807780344,0.03860727292666888,avg_close,0.0361778876277985
2019-11-09,Newcastle,Bournemouth,1920,0.36900080850308614,0.29542702766658124,0.33557216383033267,0.03832228445890484,avg_close,0.0
2019-11-09,Southampton,Everton,1920,0.3050771362443589,0.2877224488532128,0.40720041490242825,0.04059032862443002,avg_close,-0.020114499977998967
2019-11-09,Tottenham,Sheffield United,1920,0.6247139588100686,0.2242562929061785,0.15102974828375285,0.03943675372246802,avg_close,0.029505192979788042
2019-11-10,Liverpool,Manchester City,1920,0.3579209581577212,0.26450752127589827,0.3775715205663804,0.038629349366283705,avg_close,-0.024194946863508593
2019-11-10,Manchester United,Brighton,1920,0.5881019572603403,0.2558321511689544,0.15606589157070522,0.036820384685523955,avg_close,-0.005277172659147067
2019-11-10,Wolves,Aston Villa,1920,0.5661408531108071,0.25260877960324724,0.1812503672859458,0.039026402856173315,avg_close,0.06924673633332012
2019-11-23,Arsenal,Southampton,1920,0.6565117663431592,0.20437253280618603,0.13911570085065492,0.04328900404094327,avg_close,0.0
2019-11-23,Bournemouth,Wolves,1920,0.3202917771883289,0.29840848806366044,0.3812997347480106,0.04071773636991027,avg_close,-0.015982259840132407
2019-11-23,Brighton,Leicester,1920,0.25284622459011186,0.2691360373788306,0.47801773803105735,0.04078237736571477,avg_close,-0.0011705447056629126
2019-11-23,Crystal Palace,Liverpool,1920,0.14021574878072804,0.2142271796516246,0.6455570715676474,0.039630683569992,avg_close,0.020823178973004897
2019-11-23,Everton,Norwich,1920,0.7100464535810856,0.17784094848505858,0.11211259793385563,0.043228562025554584,avg_close,0.013262813459012812
2019-11-23,Manchester City,Chelsea,1920,0.6920656832652691,0.1739550270775269,0.13397928965720388,0.03953205284981465,avg_close,0.03123955590323302
2019-11-23,Watford,Burnley,1920,0.42884421577467774,0.29109425555614493,0.2800615286691773,0.04100406396324763,avg_close,0.016800461728929017
2019-11-23,West Ham,Tottenham,1920,0.20281962882535984,0.2215126821733193,0.5756676890013208,0.04018760588838077,avg_close,-0.014674870074381313
2019-11-24,Sheffield United,Manchester United,1920,0.2527234056335899,0.28657029031666004,0.46070630404975016,0.038555138741628525,avg_close,-0.0162470775221501
2019-11-25,Aston Villa,Newcastle,1920,0.4394218839073137,0.2741692096173837,0.28640890647530265,0.03914033708554254,avg_close,-0.02204944493501715
2019-11-30,Burnley,Crystal Palace,1920,0.4695310944919953,0.27980777433389253,0.2506611311741121,0.03891921913405194,avg_close,0.051705958077182645
2019-11-30,Chelsea,West Ham,1920,0.7447008052011134,0.15697124815513666,0.09832794664374989,0.04094663660295628,avg_close,0.02141916955845402
2019-11-30,Liverpool,Brighton,1920,0.8003694133145403,0.13320988848508297,0.06642069820037677,0.04118588175712623,avg_close,0.003173126762012757
2019-11-30,Newcastle,Manchester City,1920,0.07908749050403421,0.12676952633562213,0.7941429831603436,0.04067692911273846,avg_close,0.0
2019-11-30,Southampton,Watford,1920,0.4599306803128459,0.2723102328197869,0.2677590868673671,0.04030655053512744,avg_close,0.013074564087586282
2019-11-30,Tottenham,Bournemouth,1920,0.7213982456468475,0.17163858080685282,0.10696317354629957,0.04225329599178784,avg_close,0.036749048319917765
2019-12-01,Leicester,Everton,1920,0.5942243136931854,0.23479107028852694,0.17098461601828782,0.03880628306973799,avg_close,0.02213828847363719
2019-12-01,Manchester United,Aston Villa,1920,0.6590657745033296,0.20386356584213167,0.13707065965453866,0.039246056079118574,avg_close,0.008880548222188867
2019-12-01,Norwich,Arsenal,1920,0.21855221518987344,0.21706882911392406,0.5643789556962026,0.042270070810872085,avg_close,-0.012361241011532437
2019-12-01,Wolves,Sheffield United,1920,0.43143979243806657,0.3064046933556969,0.2621555142062366,0.0393813948858579,avg_close,-0.07015883466381362
2019-12-03,Burnley,Manchester City,1920,0.08576207939265264,0.139612687383388,0.7746252332239593,0.04108616439824253,avg_close,-0.01306820222025755
2019-12-03,Crystal Palace,Bournemouth,1920,0.43256161652772745,0.2807856107285248,0.28665277274374773,0.04135557395573097,avg_close,0.001469662797205229
2019-12-04,Chelsea,Aston Villa,1920,0.7173205918032397,0.1701255916843082,0.11255381651245215,0.04035582589425868,avg_close,-0.03108840396622059
2019-12-04,Leicester,Watford,1920,0.7068619345695052,0.18070154718318177,0.1124365182473131,0.04022310678657415,avg_close,-0.0008743840166641759
2019-12-04,Liverpool,Everton,1920,0.5949608558304211,0.238573412486456,0.166465731683123,0.037520274767833595,avg_close,-0.10692617288400308
2019-12-04,Manchester United,Tottenham,1920,0.37173614022987606,0.28317547152805267,0.34508838824207133,0.03864097222731,avg_close,0.034145858186116596
2019-12-04,Southampton,Norwich,1920,0.5398804156832092,0.2470403958653245,0.21307918845146617,0.0405966515715217,avg_close,-0.002907486552772287
2019-12-04,Wolves,West Ham,1920,0.5711355459161371,0.24291334611116716,0.18595110797269582,0.042201101812523456,avg_close,0.027373232589280927
2019-12-05,Arsenal,Brighton,1920,0.5859435755638124,0.2245204354964141,0.1895359889397736,0.04063961615117995,avg_close,-0.01640102229509488
2019-12-05,Sheffield United,Newcastle,1920,0.534365641662406,0.2717113432181725,0.1939230151194215,0.039654334487576826,avg_close,0.01275270575500409
2019-12-07,Bournemouth,Liverpool,1920,0.15059947046233715,0.20784678536810677,0.6415537441695562,0.0391439107406617,avg_close,0.02153110047846893
2019-12-07,Everton,Chelsea,1920,0.2909804264434268,0.25683872307406475,0.4521808504825084,0.03826503836716166,avg_close,0.035476541228494474
2019-12-07,Manchester City,Manchester United,1920,0.7245467135941451,0.1672998487986481,0.10815343760720685,0.03772425592601025,avg_close,-0.0022256040146236833
2019-12-07,Tottenham,Burnley,1920,0.6729092586737081,0.19963905392186773,0.1274516874044242,0.039219910094576926,avg_close,-0.00535838407930167
2019-12-07,Watford,Crystal Palace,1920,0.39366664579550437,0.2893212698015153,0.3170120844029804,0.04107388815120894,avg_close,-0.008071848454430874
2019-12-08,Aston Villa,Leicester,1920,0.19891128439017217,0.23142562895395027,0.5696630866558776,0.03871216196391014,avg_close,-0.0204094396055568
2019-12-08,Brighton,Wolves,1920,0.36439790575916226,0.30157068062827225,0.3340314136125654,0.039489724834552486,avg_close,0.005285713004857584
2019-12-08,Newcastle,Southampton,1920,0.36979152274064103,0.29047068251530717,0.33973779474405186,0.04008707870012618,avg_close,-0.005656493314481648
2019-12-08,Norwich,Sheffield United,1920,0.30604285517642205,0.27614211645228887,0.41781502837128925,0.04061026811435031,avg_close,-0.021212280953585683
2019-12-09,West Ham,Arsenal,1920,0.2696934172206341,0.2314436296821307,0.4988629530972352,0.03863137522844928,avg_close,-0.024246899290553736
2019-12-14,Burnley,Newcastle,1920,0.48198631022470373,0.27882347597301177,0.23919021380228442,0.042586795836166313,avg_close,0.000916676576683706
2019-12-14,Chelsea,Bournemouth,1920,0.7814296661841633,0.14093232982500303,0.07763800399083368,0.0404111403286489,avg_close,0.013674436663399625
2019-12-14,Leicester,Norwich,1920,0.7753250967961434,0.14285336107388077,0.08182154212997597,0.04014640598596109,avg_close,-0.00473292628177846
2019-12-14,Liverpool,Watford,1920,0.8115986176615791,0.12518776063276646,0.06321362170565434,0.04418318202707616,avg_close,-0.006038727819128176
2019-12-14,Sheffield United,Aston Villa,1920,0.5395368914377332,0.2475195017420529,0.212943606820214,0.04125920159404828,avg_close,0.024467178510203302
2019-12-14,Southampton,West Ham,1920,0.530330955243482,0.24057619774203065,0.2290928470144874,0.041776238748217454,avg_close,0.0393258426966292
2019-12-15,Arsenal,Manchester City,1920,0.1432805689705599,0.16608647268213692,0.6906329583473033,0.04168857239777557,avg_close,-0.012776280323450129
2019-12-15,Manchester United,Everton,1920,0.5757242008179274,0.24218121293852363,0.182094586243549,0.04008550336926331,avg_close,0.059805446469352264
2019-12-15,Wolves,Tottenham,1920,0.3329184408778251,0.2695054045201441,0.3975761546020308,0.03935594655946972,avg_close,0.03833613390314161
2019-12-16,Crystal Palace,Brighton,1920,0.3431307058561568,0.29837452683144067,0.3584947673124026,0.04083619171224617,avg_close,-0.02501503327543464
2019-12-21,Aston Villa,Southampton,1920,0.383740039068556,0.2635577191404917,0.35270224179095216,0.04237233354880421,avg_close,0.0005253250448714608
2019-12-21,Bournemouth,Burnley,1920,0.39931377003462487,0.2895326429254077,0.3111535870399674,0.043456794967368984,avg_close,0.00397940679473624
2019-12-21,Brighton,Sheffield United,1920,0.4427075191496013,0.28591527278411755,0.271377208066281,0.04093441641282003,avg_close,0.01718195679603929
2019-12-21,Everton,Arsenal,1920,0.4530459723975856,0.25142865483845067,0.29552537276396357,0.041170525611896824,avg_close,0.045263758509609286
2019-12-21,Manchester City,Leicester,1920,0.6978626713058298,0.16985017396861463,0.1322871547255556,0.03836716155556741,avg_close,0.00464528250780416
2019-12-21,Newcastle,Crystal Palace,1920,0.3977056499546857,0.3091840698034815,0.2931102802418326,0.043328802050906834,avg_close,-0.004836870849622532
2019-12-21,Norwich,Wolves,1920,0.23850401989858097,0.2529397895240214,0.5085561905773976,0.0403973816537484,avg_close,-0.009070641720580475
2019-12-22,Tottenham,Chelsea,1920,0.41059968256158996,0.26913256504036986,0.3202677523980401,0.04079580550168793,avg_close,0.010193963380939475
2019-12-22,Watford,Manchester United,1920,0.20419675705136942,0.25243221147295275,0.543371031475678,0.03975316806655771,avg_close,-0.019916972305977942
2019-12-26,Aston Villa,Norwich,1920,0.4362935516643758,0.2580230681886093,0.3056833801470149,0.0418339964261476,avg_close,-0.024263530486412388
2019-12-26,Bournemouth,Arsenal,1920,0.2506793232129271,0.23589725009963408,0.5134234266874388,0.041556209733141,avg_close,-0.02247885141706807
2019-12-26,Chelsea,Southampton,1920,0.6907488897072425,0.19012692211743898,0.11912418817531846,0.041513741320041486,avg_close,-0.015395248073932777
2019-12-26,Crystal Palace,West Ham,1920,0.4240253478440557,0.2802038848326216,0.29577076732332275,0.04351751223355005,avg_close,0.016800461728929017
2019-12-26,Everton,Burnley,1920,0.5512806219744756,0.2613701041513863,0.1873492738741382,0.04250470771085846,avg_close,-0.0008377864695842119
2019-12-26,Leicester,Liverpool,1920,0.27196446709246475,0.2382219773787594,0.48981355552877576,0.04162915842920034,avg_close,-0.0022156386371322
2019-12-26,Manchester United,Newcastle,1920,0.7114784637505538,0.17986815094817374,0.10865338530127237,0.04112883028943837,avg_close,0.0014405888423573154
2019-12-26,Sheffield United,Watford,1920,0.5246843253035242,0.26971132452400265,0.2056043501724731,0.04147972614882223,avg_close,0.006896363661809346
2019-12-26,Tottenham,Brighton,1920,0.6317736434668063,0.2153129905985528,0.152913365934641,0.04134565226868547,avg_close,0.00982324135979118
2019-12-27,Wolves,Manchester City,1920,0.14021385713806855,0.17959977206449235,0.680186370797439,0.042684606168381434,avg_close,0.03479527345597966
2019-12-28,Brighton,Bournemouth,1920,0.5308538412961724,0.2541919187158921,0.21495423998793559,0.04075009892800696,avg_close,0.0010096455471589882
2019-12-28,Burnley,Manchester United,1920,0.22795667563733749,0.2657395500523658,0.5063037743102969,0.03952570804088573,avg_close,0.011962440914185524
2019-12-28,Newcastle,Everton,1920,0.29507059888659876,0.2879818157301639,0.41694758538323734,0.04277521668826023,avg_close,0.03540176046116905
2019-12-28,Norwich,Tottenham,1920,0.1972839915168861,0.216878789771385,0.5858372187117289,0.04082854090739563,avg_close,0.01975599350524221
2019-12-28,Southampton,Crystal Palace,1920,0.492711071660237,0.2729507357208699,0.2343381926188932,0.040813860935812185,avg_close,0.012646966963055228
2019-12-28,Watford,Aston Villa,1920,0.5394545217924803,0.23827023543191433,0.22227524277560526,0.041418192106847496,avg_close,0.052666290935690085
2019-12-28,West Ham,Leicester,1920,0.3762420131988816,0.2657665190186006,0.3579914677825179,0.0422995013526144,avg_close,0.1430389576877104
2019-12-29,Arsenal,Chelsea,1920,0.32723842471231596,0.26125574507005067,0.41150583021763343,0.042961041716565784,avg_close,0.006619727694310074
2019-12-29,Liverpool,Wolves,1920,0.7573206631203843,0.1574136239219129,0.08526571295770284,0.03972017818558271,avg_close,0.0024414282355178507
2019-12-29,Manchester City,Sheffield United,1920,0.7821048402366318,0.1396210382425337,0.0782741215208346,0.03951297608044335,avg_close,-0.021234443344996135
2020-01-01,Arsenal,Manchester United,1920,0.36383077638307765,0.2638772663877266,0.37229195722919567,0.04111005273795976,avg_close,-0.008305637822240086
2020-01-01,Brighton,Chelsea,1920,0.24885784024913732,0.2482147967342816,0.5029273630165811,0.04102549975357461,avg_close,0.0035228848821082237
2020-01-01,Burnley,Aston Villa,1920,0.4881750685466066,0.28120025878269445,0.23062467267069905,0.03982002749390112,avg_close,-0.05017296887194045
2020-01-01,Manchester City,Everton,1920,0.7282315414463055,0.16659716372775102,0.10517129482594346,0.040295173251041705,avg_close,-0.02141916955845402
2020-01-01,Newcastle,Leicester,1920,0.22766407176367479,0.25019332886528844,0.5221425993710367,0.040861752180781696,avg_close,0.03760303635592124
2020-01-01,Norwich,Crystal Palace,1920,0.4062419797637288,0.28448993241614234,0.30926808782012893,0.04304536376512269,avg_close,0.025960686409458034
2020-01-01,Southampton,Tottenham,1920,0.27384608866953336,0.25031244042449535,0.4758414709059713,0.040366456517446636,avg_close,-0.013719512195122019
2020-01-01,Watford,Wolves,1920,0.30130794084752077,0.29483813843668444,0.4038539207157947,0.04039615730901103,avg_close,-0.016273793111693136
2020-01-01,West Ham,Bournemouth,1920,0.5006963928866999,0.2648311499566016,0.2344724571566985,0.04021786602163546,avg_close,0.009867983492974186
2020-01-02,Liverpool,Sheffield United,1920,0.7479372579784443,0.16974462592418596,0.08231811609736962,0.04453948732490565,avg_close,-0.02644987076475891
2020-01-10,Sheffield United,West Ham,1920,0.49492148933580393,0.28074493839516357,0.22433357226903258,0.04150643815757071,avg_close,0.01202005014523827
2020-01-11,Chelsea,Burnley,1920,0.7164892424444527,0.18463376632222436,0.09887699123332302,0.04156296076458377,avg_close,-0.013016895667609107
2020-01-11,Crystal Palace,Arsenal,1920,0.2098257747694349,0.24842067116484912,0.5417535540657161,0.0428574896693652,avg_close,-0.012872747603199397
2020-01-11,Everton,Brighton,1920,0.4974112312735517,0.260163597928985,0.2424251707974633,0.04166267757825959,avg_close,-0.011450377703612014
2020-01-11,Leicester,Southampton,1920,0.5642918778680046,0.2472412866947443,0.18846683543725104,0.04243090710450237,avg_close,-0.031916106235039265
2020-01-11,Manchester United,Norwich,1920,0.7207153872160984,0.17588100275181848,0.10340361003208316,0.04324080293664889,avg_close,0.0008743840166641759
2020-01-11,Tottenham,Liverpool,1920,0.1998844431604796,0.2357359526216958,0.5643796042178247,0.04226887315122596,avg_close,-0.011317804344582127
2020-01-11,Wolves,Newcastle,1920,0.6573812895750184,0.21616591954493847,0.12645279088004308,0.04190903773988941,avg_close,-0.005450215709919659
2020-01-12,Aston Villa,Manchester City,1920,0.0610160053559369,0.10545230408600316,0.8335316905580599,0.04322994223425347,avg_close,-0.009878415418411557
2020-01-12,Bournemouth,Watford,1920,0.37614986113026183,0.2812850867689641,0.34256505210077415,0.04255485185276453,avg_close,0.015232423230794545
2020-01-18,Arsenal,Sheffield United,1920,0.4803276861346411,0.2842175657601427,0.23545474810521622,0.04095602738136672,avg_close,-0.03268104013492357
2020-01-18,Brighton,Aston Villa,1920,0.5696630866558776,0.23142562895395027,0.19891128439017217,0.03871216196391014,avg_close,0.002228305339165626
2020-01-18,Manchester City,Crystal Palace,1920,0.8850537061774231,0.08218899421080111,0.03275729961177577,0.04618049668989155,avg_close,0.013771907317127519
2020-01-18,Newcastle,Chelsea,1920,0.17224694602909116,0.21943789014665038,0.6083151638242585,0.040433364222218326,avg_close,0.013968059721406995
2020-01-18,Norwich,Bournemouth,1920,0.42598757593437897,0.2754230016817105,0.29858942238391045,0.04332724603430371,avg_close,-0.011567436839977296
2020-01-18,Southampton,Wolves,1920,0.3707968366685619,0.30584834616929146,0.32335481716214654,0.0412720603803407,avg_close,-0.03471359848897776
2020-01-18,Watford,Tottenham,1920,0.31013863079851794,0.266324031987647,0.423537337213835,0.04011758977183133,avg_close,0.03294726749229687
2020-01-18,West Ham,Everton,1920,0.3296191819464034,0.2804654442877292,0.38991537376586743,0.04254433754321263,avg_close,-0.0009711853533700965
2020-01-19,Burnley,Leicester,1920,0.22503523533278183,0.2611142540410267,0.5138505106261916,0.04069052619427849,avg_close,0.00418028131349138
2020-01-19,Liverpool,Manchester United,1920,0.6615174920490685,0.2067242162653339,0.1317582916855974,0.042535051155740966,avg_close,-0.024731216232833364
2020-01-21,Aston Villa,Watford,1920,0.3097880381330008,0.2832869965228031,0.40692496534419603,0.04129470945807556,avg_close,-0.03301884995829324
2020-01-21,Bournemouth,Brighton,1920,0.3353295075530738,0.29150224668747443,0.37316824575945173,0.04270677579726345,avg_close,0.011819462564899297
2020-01-21,Chelsea,Arsenal,1920,0.5520843230403801,0.24694774346793352,0.20096793349168648,0.04098707333902274,avg_close,0.0
2020-01-21,Crystal Palace,Southampton,1920,0.34538894720247765,0.3028963007012264,0.3517147520962959,0.04147000976540505,avg_close,-0.005784497154197876
2020-01-21,Everton,Newcastle,1920,0.6413761134566959,0.22425738232751602,0.13436650421578822,0.03943170423617337,avg_close,0.01865357481006691
2020-01-21,Sheffield United,Manchester City,1920,0.1185628429123453,0.1994905925350872,0.6819465645525676,0.039993300092882045,avg_close,-0.017243318214191977
2020-01-22,Leicester,West Ham,1920,0.65210836778992,0.20352426765417886,0.144367364555901,0.043188743535170326,avg_close,0.03254892975295953
2020-01-22,Manchester United,Burnley,1920,0.6624454976303317,0.21440758293838857,0.12314691943127962,0.04107458633320715,avg_close,-0.019714001993221597
2020-01-22,Tottenham,Norwich,1920,0.6958908447916392,0.1875643292602465,0.11654482594811433,0.04130940446039122,avg_close,0.0319010886021196
2020-01-23,Wolves,Liverpool,1920,0.18397852304182719,0.2420525517797777,0.573968925178395,0.04326622738934405,avg_close,0.015074964373866434
2020-01-29,West Ham,Liverpool,1920,0.11215921661244627,0.17916069619928213,0.7086800871882715,0.04523995259930569,avg_close,-0.0009140012463556557
2020-02-01,Bournemouth,Aston Villa,1920,0.4405788223341153,0.285003511183493,0.2744176664823918,0.04116578708907115,avg_close,-0.008953503834049914
2020-02-01,Crystal Palace,Sheffield United,1920,0.31080259061795545,0.3169570973628654,0.3722403120191791,0.04125449799439185,avg_close,-0.0031429936385808377
2020-02-01,Leicester,Chelsea,1920,0.3773656572934492,0.27153222932729776,0.3511021133792531,0.04328727268211097,avg_close,-0.0028679266660529557
2020-02-01,Liverpool,Southampton,1920,0.7360116995986316,0.16934782468641082,0.0946404757149576,0.04513388802141716,avg_close,-0.02517268287043717
2020-02-01,Manchester United,Wolves,1920,0.4505757715338554,0.28648549055734684,0.2629387379087978,0.04196363350141041,avg_close,0.026132610699049375
2020-02-01,Newcastle,Norwich,1920,0.42601821618834845,0.28613163773844297,0.28785014607320847,0.04325220743131197,avg_close,0.0
2020-02-01,Watford,Everton,1920,0.3229412319592491,0.2871663050655599,0.38989246297519103,0.042605599345777456,avg_close,-0.020205396444251622
2020-02-01,West Ham,Brighton,1920,0.3817709587397324,0.28434572891297566,0.333883312347292,0.04357433529563126,avg_close,0.027518912615555224
2020-02-02,Burnley,Arsenal,1920,0.2442773166175092,0.2608722430181552,0.49485044036433573,0.04165597416920708,avg_close,-0.01881633095083382
2020-02-02,Tottenham,Manchester City,1920,0.16374212110050937,0.2080446430432879,0.6282132358562027,0.04040273896972968,avg_close,-0.0007888300495972334
2020-02-08,Brighton,Watford,1920,0.41690265657207803,0.2862316746614267,0.29686566876649517,0.04288759460203373,avg_close,-0.03149028328271064
2020-02-08,Everton,Crystal Palace,1920,0.5806308729079002,0.2575378871768912,0.16183123991520865,0.0437967292806003,avg_close,-0.005987019510849456
2020-02-09,Sheffield United,Bournemouth,1920,0.5434146511891971,0.2787953427840229,0.17779000602677983,0.039669707425181056,avg_close,-0.021753456204212207
2020-02-14,Wolves,Leicester,1920,0.359459621017395,0.2989897782294219,0.3415506007531831,0.04193020107776779,avg_close,-0.017956776638143046
2020-02-15,Norwich,Liverpool,1920,0.10942384459897232,0.1752381862316266,0.7153379691694011,0.043239264347915585,avg_close,0.018887830485197474
2020-02-15,Southampton,Burnley,1920,0.5686431390667656,0.2432928873475528,0.18806397358568172,0.04057524953604763,avg_close,0.022181799404964564
2020-02-16,Arsenal,Newcastle,1920,0.662236114450589,0.21057946621784082,0.1271844193315701,0.04140374915365608,avg_close,-0.019018250889334287
2020-02-16,Aston Villa,Tottenham,1920,0.2473404255319149,0.25797872340425526,0.4946808510638298,0.042013080589735186,avg_close,0.01190990096012498
2020-02-17,Chelsea,Manchester United,1920,0.4841019924759649,0.27864010032046815,0.23725790720356696,0.04327293194435722,avg_close,-0.030353846971300946
2020-02-19,Manchester City,West Ham,1920,0.8538281909872311,0.09738162667064143,0.04879018234212749,0.045710544910428474,avg_close,0.0
2020-02-22,Burnley,Bournemouth,1920,0.42740286298568514,0.2914110429447853,0.2811860940695297,0.039872408293460726,avg_close,-0.014333415693817131
2020-02-22,Chelsea,Tottenham,1920,0.5139052095573834,0.27301214257736,0.21308264786525657,0.040579757401852046,avg_close,-0.025492916841459934
2020-02-22,Crystal Palace,Newcastle,1920,0.44085550540444235,0.2993971968167241,0.2597472977788336,0.04051234635132417,avg_close,-0.03950901553078545
2020-02-22,Leicester,Manchester City,1920,0.18108558513997855,0.21415689467556479,0.6047575201844566,0.03997188396802942,avg_close,-0.031317226275312665
2020-02-22,Sheffield United,Brighton,1920,0.4976870848560165,0.282510609932974,0.21980230521100952,0.041085314029810416,avg_close,0.02057201965059985
2020-02-22,Southampton,Aston Villa,1920,0.5580421060677778,0.23817181698178108,0.20378607695044115,0.041848531706665026,avg_close,-0.020368820729887105
2020-02-23,Arsenal,Everton,1920,0.4819765542389613,0.2649539621368876,0.2530694836241512,0.04260789948078547,avg_close,0.009764741366309837
2020-02-23,Manchester United,Watford,1920,0.6059206740849822,0.24114727079452697,0.15293205512049074,0.04454497011649328,avg_close,0.008203729808425653
2020-02-23,Wolves,Norwich,1920,0.635818923878924,0.22643551298518283,0.13774556313589315,0.041572735188436294,avg_close,-0.0023244383460649942
2020-02-24,Liverpool,West Ham,1920,0.8333125078095714,0.1120829688866675,0.05460452330376109,0.043504338698846734,avg_close,0.020800330197578765
2020-02-28,Norwich,Leicester,1920,0.2306905903764696,0.2505673253175231,0.5187420843060073,0.042021761669281066,avg_close,0.0086058628135528
2020-02-29,Bournemouth,Chelsea,1920,0.23340208779602764,0.2578060594422611,0.5087918527617111,0.03991549044777942,avg_close,0.03171403712296991
2020-02-29,Brighton,Crystal Palace,1920,0.4365292712066906,0.30391278375149344,0.259557945041816,0.041271421018256316,avg_close,-0.010456105088416767
2020-02-29,Newcastle,Burnley,1920,0.35300023906287353,0.2991154673679178,0.3478842935692088,0.041492379154018266,avg_close,-0.0030019139231868275
2020-02-29,Watford,Liverpool,1920,0.14295749912188266,0.20793818054092025,0.649104320337197,0.04093541593541605,avg_close,0.026891330254288012
2020-02-29,West Ham,Southampton,1920,0.3736383484812386,0.27202565314356464,0.35433599837519675,0.04139486738282905,avg_close,0.028325333500650085
2020-03-01,Everton,Manchester United,1920,0.33778305621536026,0.2889469517022961,0.37326999208234357,0.042422553699205334,avg_close,-0.04031210515458605
2020-03-01,Tottenham,Wolves,1920,0.34486607142857145,0.31026785714285715,0.34486607142857145,0.04304905590091046,avg_close,-0.04309174035583113
2020-03-07,Arsenal,West Ham,1920,0.5863140938586607,0.2262482621007538,0.18743764404058552,0.03998198908717665,avg_close,-0.015691922295664962
2020-03-07,Burnley,Tottenham,1920,0.3519954426053106,0.2894420356362946,0.35856252175839476,0.04063951393568366,avg_close,0.009898859813132432
2020-03-07,Crystal Palace,Watford,1920,0.35576054547925273,0.3118680106473969,0.33237144387335027,0.041066456291369846,avg_close,-0.020964043303437874
2020-03-07,Liverpool,Bournemouth,1920,0.7879729479503752,0.13597270106074366,0.07605435098888114,0.040228770898315336,avg_close,0.01333866880085366
2020-03-07,Sheffield United,Norwich,1920,0.5727905519084221,0.2480124039191106,0.17919704417246723,0.03918979329334693,avg_close,-0.010502366467808666
2020-03-07,Southampton,Newcastle,1920,0.5527439562378683,0.2517734250926416,0.19548261866949002,0.03974478091052802,avg_close,-0.03741635088150852
2020-03-07,Wolves,Brighton,1920,0.5586598738226357,0.257612595971832,0.18372753020553217,0.040696452492651636,avg_close,-0.031248338566069567
2020-03-08,Chelsea,Everton,1920,0.5141679580383381,0.2530247582978138,0.23280728366384806,0.040048003630938966,avg_close,-0.010055893801776739
2020-03-08,Manchester United,Manchester City,1920,0.21348280229833008,0.24561414244017057,0.5409030552614993,0.03862928364748841,avg_close,0.021510083404742253
2020-03-09,Leicester,Aston Villa,1920,0.6309899686990678,0.21456482157104764,0.15444520972988451,0.042638979187748394,avg_close,-0.06818779705010625
2020-06-17,Aston Villa,Sheffield United,1920,0.2931903386392969,0.29229918259480053,0.4145104787659025,0.039863899320263574,avg_close,-0.007477281827405979
2020-06-17,Manchester City,Arsenal,1920,0.7485283822557903,0.1520819570297479,0.09938966071446179,0.04371459856418358,avg_close,0.043444140460716096
2020-06-19,Norwich,Southampton,1920,0.33010908404035955,0.28073793070881015,0.3891529852508303,0.04458678321235632,avg_close,-7.760781665933081e-05
2020-06-19,Tottenham,Manchester United,1920,0.2940173853758309,0.2786773478779615,0.42730526674620756,0.0401099144617294,avg_close,-0.026367017686569627
2020-06-20,Bournemouth,Crystal Palace,1920,0.35444985791310113,0.31086055499822146,0.33468958708867735,0.041060341255285016,avg_close,-0.03671838509267328
2020-06-20,Brighton,Arsenal,1920,0.29682950563673355,0.2844983095568692,0.41867218480639706,0.04301465097174839,avg_close,-0.009254959659620365
2020-06-20,Watford,Leicester,1920,0.2540010065425265,0.27991947659788624,0.4660795168595874,0.041532347258521174,avg_close,0.0
2020-06-20,West Ham,Wolves,1920,0.23501435812572574,0.2843812795071652,0.48060436236710913,0.040356765671792916,avg_close,-0.029635177483887554
2020-06-21,Aston Villa,Chelsea,1920,0.13723145261179684,0.20928543971297997,0.6534831076752231,0.040994175447957026,avg_close,-0.017219123700041417
2020-06-21,Everton,Liverpool,1920,0.16672931697339394,0.24148452710252272,0.5917861559240835,0.04308616286128775,avg_close,0.0066626526022240395
2020-06-21,Newcastle,Sheffield United,1920,0.2888533195240506,0.3164993468052303,0.39464733367071925,0.042760456322294305,avg_close,-0.0015049618703336098
2020-06-22,Manchester City,Burnley,1920,0.846105160272074,0.1089898172553858,0.04490502247254024,0.0367422675617175,avg_close,0.018462036643479673
2020-06-23,Leicester,Brighton,1920,0.592551149254191,0.24363778218065718,0.16381106856515176,0.04173952138009129,avg_close,-0.005124840486397053
2020-06-23,Tottenham,West Ham,1920,0.6161381168115587,0.23105179380433452,0.15281008938410678,0.04039276833394467,avg_close,0.04207442667940742
2020-06-24,Liverpool,Crystal Palace,1920,0.7518684669854516,0.16650374355387162,0.08162778946067668,0.039078022692387915,avg_close,-0.02362946549421685
2020-06-24,Manchester United,Sheffield United,1920,0.701737613051746,0.1982227896661633,0.10003959728209075,0.0401708469422537,avg_close,0.033646765034579196
2020-06-24,Newcastle,Aston Villa,1920,0.40670391061452515,0.28566108007448787,0.3076350093109869,0.04186068169119017,avg_close,0.0
2020-06-24,Norwich,Everton,1920,0.21730950141110067,0.26904985888993416,0.5136406396989651,0.041115746998099834,avg_close,-0.029422975578376503
2020-06-24,Wolves,Bournemouth,1920,0.6105254805683974,0.24768087971379427,0.14179363971780828,0.04326960205861341,avg_close,0.0
2020-06-25,Burnley,Watford,1920,0.2674517540226942,0.30004743654421007,0.43250080943309555,0.04150198248387671,avg_close,-0.04659377540100834
2020-06-25,Chelsea,Manchester City,1920,0.22849859117134041,0.24419696766402793,0.5273044411646317,0.041998713754438866,avg_close,-0.008705223133880335
2020-06-25,Southampton,Arsenal,1920,0.3613906607434242,0.27309635158451945,0.3655129876720565,0.04025889559709839,avg_close,-0.005373189628686326
2020-06-27,Aston Villa,Wolves,1920,0.21385692846423215,0.2807653826913457,0.5053776888444222,0.04143059951288741,avg_close,0.0066853031766377635
2020-06-28,Watford,Southampton,1920,0.40312955841400344,0.2970428325155815,0.29982760907041506,0.04226559044670508,avg_close,0.017562826318972213
2020-06-29,Crystal Palace,Burnley,1920,0.47485602471821853,0.3025896435112938,0.22255433177048758,0.04252547968462528,avg_close,0.05306797875959657
2020-06-30,Brighton,Manchester United,1920,0.1405904997256705,0.2327250505167653,0.6266844497575641,0.04294078382617661,avg_close,-0.01144209305508212
2020-07-01,Arsenal,Norwich,1920,0.6630238049752734,0.19904441350189364,0.13793178152283303,0.04016653284343685,avg_close,-0.008442025589815882
2020-07-01,Bournemouth,Newcastle,1920,0.43868087718319293,0.30306344512024996,0.2582556776965571,0.040895622116496666,avg_close,0.0492268323174338
2020-07-01,Everton,Leicester,1920,0.3712788360294821,0.29841102708911643,0.3303101368814014,0.04395096518248165,avg_close,-0.007636059824998043
2020-07-01,West Ham,Chelsea,1920,0.136651288616217,0.20629936474964372,0.6570493466341393,0.0424354127403177,avg_close,-0.027908331502956296
2020-07-02,Manchester City,Liverpool,1920,0.4748488512696493,0.2564691656590084,0.26868198307134217,0.042541228912807316,avg_close,0.020861506158333265
2020-07-02,Sheffield United,Tottenham,1920,0.20312920332091342,0.2612451879222647,0.535625608756822,0.04300318868945352,avg_close,-0.027070233190751164
2020-07-04,Chelsea,Watford,1920,0.7013958797868703,0.18990362753122778,0.10870049268190186,0.040677637742995154,avg_close,0.028924585648773538
2020-07-04,Leicester,Crystal Palace,1920,0.580872878475269,0.25695449047833613,0.1621726310463949,0.043361858538570885,avg_close,0.015545899593970902
2020-07-04,Manchester United,Bournemouth,1920,0.8068780349119898,0.13153217281442026,0.06158979227358999,0.041466117670982516,avg_close,-0.016510834396091356
2020-07-04,Norwich,Brighton,1920,0.2697696046079079,0.29369412611747764,0.43653626927461453,0.041254728503465676,avg_close,-0.01702363296049947
2020-07-04,Wolves,Arsenal,1920,0.40448543871148984,0.301456128851016,0.2940584324374942,0.04315480333274224,avg_close,-0.012669755809089744
2020-07-05,Burnley,Sheffield United,1920,0.3032530197481945,0.3281779254809229,0.3685690547708826,0.04353683424257371,avg_close,-0.0222385242210994
2020-07-05,Liverpool,Aston Villa,1920,0.8023770697151851,0.12855173346571722,0.06907119681909771,0.03858069327571467,avg_close,0.08605634584868982
2020-07-05,Newcastle,West Ham,1920,0.35177963992367045,0.28582095743798225,0.3623994026383473,0.041277904485451655,avg_close,-0.012818514766617328
2020-07-05,Southampton,Manchester City,1920,0.10523469320558933,0.16848647717098744,0.7262788296234233,0.04309216608800481,avg_close,-0.006274838902739624
2020-07-06,Tottenham,Everton,1920,0.4826545159757359,0.26979845134598723,0.24754703267827696,0.04114339798145128,avg_close,0.03573116979807456
2020-07-07,Arsenal,Leicester,1920,0.43400545453171857,0.2788232716613657,0.2871712738069156,0.04258755980620066,avg_close,0.019191939082634335
2020-07-07,Crystal Palace,Chelsea,1920,0.12608146548162838,0.22035338691972664,0.653565147598645,0.040863502809199925,avg_close,0.0074000788123499694
2020-07-07,Watford,Norwich,1920,0.5476603844625264,0.2583303700294936,0.19400924550798002,0.043399500201883434,avg_close,0.0018609253834600548
2020-07-08,Brighton,Liverpool,1920,0.15696959562476026,0.2370085478492667,0.606021856525973,0.04437057110981901,avg_close,0.0005594952050883562
2020-07-08,Manchester City,Newcastle,1920,0.8727293335678736,0.08594469712843877,0.04132596930368752,0.04166420690179251,avg_close,0.01015537609630579
2020-07-08,Sheffield United,Wolves,1920,0.2324163739500773,0.31266437277323106,0.45491925327669164,0.04179729891722772,avg_close,-0.025405448655144935
2020-07-08,West Ham,Burnley,1920,0.5183678353476128,0.2656455665908819,0.2159865980615053,0.042774076015073215,avg_close,0.03572394240965515
2020-07-09,Aston Villa,Manchester United,1920,0.10621538933753576,0.17104079599727734,0.7227438146651869,0.040312879877679286,avg_close,0.006429636121209378
2020-07-09,Bournemouth,Tottenham,1920,0.2020212566035372,0.2484809254348416,0.5494978179616211,0.03991053785855425,avg_close,0.029270390146246023
2020-07-09,Everton,Southampton,1920,0.45891644727726205,0.2804489400027712,0.26063461271996674,0.04260569077502718,avg_close,0.0
2020-07-11,Brighton,Manchester City,1920,0.07932530203931248,0.1446941223664452,0.7759805755942424,0.03926778358549621,avg_close,-0.007769849729544295
2020-07-11,Liverpool,Burnley,1920,0.7842661422999098,0.14280667068744624,0.07292718701264404,0.04514537468594648,avg_close,0.015725149257925453
2020-07-11,Norwich,West Ham,1920,0.26334643980812406,0.2722987267137827,0.46435483347809325,0.04035050915950955,avg_close,0.009321939049970973
2020-07-11,Sheffield United,Chelsea,1920,0.19458734063967795,0.25296354283158135,0.5524491165287408,0.04029968821257368,avg_close,0.040870427673788484
2020-07-11,Watford,Newcastle,1920,0.5024062177066856,0.27338913841019075,0.2242046438831237,0.042105354137452755,avg_close,-0.011154760341374304
2020-07-12,Aston Villa,Crystal Palace,1920,0.40675684587424316,0.2865510914218548,0.30669206270390215,0.041725094137262886,avg_close,-0.018956479336828036
2020-07-12,Bournemouth,Leicester,1920,0.19745534985227967,0.25305461941594787,0.5494900307317726,0.039925275200320964,avg_close,0.00985608046213815
2020-07-12,Tottenham,Arsenal,1920,0.3492561800943381,0.284158134692139,0.3665856852135228,0.041173741115021256,avg_close,-0.011800719833878925
2020-07-12,Wolves,Everton,1920,0.46142319150534133,0.30276348212337856,0.2358133263712801,0.04192688971868774,avg_close,-0.0011921967426326008
2020-07-13,Manchester United,Southampton,1920,0.7513523339851261,0.15766081762310843,0.09098684839176552,0.03979180560509943,avg_close,0.030035167759718706
2020-07-14,Chelsea,Norwich,1920,0.854146636512309,0.10027717325930674,0.045576190228384286,0.04532067995127664,avg_close,0.0
2020-07-15,Arsenal,Liverpool,1920,0.21221094190637338,0.22888465877044556,0.5589043993231811,0.04024113880882707,avg_close,-0.02486910994764399
2020-07-15,Burnley,Wolves,1920,0.20750292696601422,0.29470507725541284,0.497791995778573,0.04086590266586487,avg_close,-0.0009327474450643303
2020-07-15,Manchester City,Bournemouth,1920,0.8368627134556231,0.10645930536216444,0.05667798118221239,0.0390775014944138,avg_close,0.012236495258736046
2020-07-15,Newcastle,Tottenham,1920,0.18265101631835098,0.23618665903235045,0.5811623246492986,0.0428422152560084,avg_close,-0.017830703077052423
2020-07-16,Crystal Palace,Manchester United,1920,0.11017233930200183,0.1814603235562383,0.7083673371417598,0.04570143469574206,avg_close,0.018813071146142266
2020-07-16,Everton,Aston Villa,1920,0.45219436025972776,0.2731202403847929,0.27468539935547936,0.04313134939723029,avg_close,-0.024184740209081013
2020-07-16,Leicester,Sheffield United,1920,0.44819725105686015,0.2960315176733582,0.2557712312697815,0.0425983616014769,avg_close,-0.010456105088416767
2020-07-16,Southampton,Brighton,1920,0.42050441332867494,0.2844955674745931,0.29500001919673197,0.04302470396488833,avg_close,-0.018492350458696294
2020-07-17,West Ham,Watford,1920,0.38539378415029696,0.32844556175008127,0.2861606540996217,0.046269615740252235,avg_close,-0.009172952429655712
2020-07-18,Norwich,Burnley,1920,0.29982695635454726,0.2830224956739089,0.41715054797154405,0.042267859433115174,avg_close,0.009468669804440777
2020-07-19,Bournemouth,Southampton,1920,0.3939589010997483,0.25665419026069397,0.34938690863955785,0.04458265213979917,avg_close,-0.0007958351294890531
2020-07-19,Tottenham,Leicester,1920,0.41059489247102593,0.2847280057909198,0.3046771017380543,0.045274934554888624,avg_close,0.0016450428060285627
2020-07-20,Brighton,Newcastle,1920,0.4812658521741883,0.27441806470677216,0.2443160831190395,0.04414755491979516,avg_close,-0.011512086502943442
2020-07-20,Sheffield United,Everton,1920,0.48352317189809585,0.28578384488305364,0.2306929832188505,0.044521823158758966,avg_close,0.05282545476998335
2020-07-20,Wolves,Crystal Palace,1920,0.6642217730291655,0.2255847531042449,0.11019347386658968,0.0455008743201073,avg_close,0.04043481531633197
2020-07-21,Aston Villa,Arsenal,1920,0.3059345285075356,0.25880407411583417,0.4352613973766302,0.04430454270709849,avg_close,0.02235721815195929
2020-07-21,Watford,Manchester City,1920,0.10479750728673311,0.15920153769182585,0.7360009550214409,0.04514914550397586,avg_close,-0.006508463064482203
2020-07-22,Liverpool,Chelsea,1920,0.5017126826607398,0.2569091753034887,0.24137814203577154,0.04354589293513511,avg_close,0.02488687782805421
2020-07-22,Manchester United,West Ham,1920,0.7621668459163724,0.15005159778978583,0.0877815562938418,0.04130847189576614,avg_close,0.005519963242367254
2020-07-26,Arsenal,Watford,1920,0.47637621535439234,0.25465856193147035,0.26896522271413725,0.04436876102395049,avg_close,-0.02329749103942641
2020-07-26,Burnley,Brighton,1920,0.3650282416062438,0.2871993972998075,0.3477723610939487,0.04561605324964102,avg_close,-0.040327403759174096
2020-07-26,Chelsea,Wolves,1920,0.5011177409306401,0.28571190602314106,0.21317035304621884,0.04478482133114081,avg_close,-0.0015444817803891286
2020-07-26,Crystal Palace,Tottenham,1920,0.13983868490106663,0.21540174109200177,0.6447595740069315,0.040916593803228096,avg_close,-0.01341305057674344
2020-07-26,Everton,Bournemouth,1920,0.4070449039208337,0.2642418575176683,0.328713238561498,0.04541762050011777,avg_close,-0.009943289331246552
2020-07-26,Leicester,Manchester United,1920,0.258007964136342,0.2681259235142378,0.4738661123494203,0.044703328744163384,avg_close,-0.02938906489402804
2020-07-26,Manchester City,Norwich,1920,0.9267790744229918,0.049631835087534056,0.023589090489474097,0.03750558042876695,avg_close,0.04909030183432994
2020-07-26,Newcastle,Liverpool,1920,0.1720040559564477,0.21385325707085123,0.614142686972701,0.043773140384451015,avg_close,0.04680632140941224
2020-07-26,Southampton,Sheffield United,1920,0.48226326179264295,0.2658459531765539,0.25189078503080303,0.04198806466442773,avg_close,0.03535745737478824
2020-07-26,West Ham,Aston Villa,1920,0.3653300772018276,0.2734756577910824,0.36119426500709,0.04475216559330053,avg_close,0.051409544064471346
2020-09-12,Crystal Palace,Southampton,2021,0.31216000879169187,0.29858783449640086,0.38925215671190727,0.04009263048164646,avg_close,0.008578250011910316
2020-09-12,Fulham,Arsenal,2021,0.17942212902996516,0.2447080436642782,0.5758698273057565,0.03982248559733681,avg_close,0.031492363656980826
2020-09-12,Liverpool,Leeds,2021,0.752895184657131,0.15644575265602723,0.09065906268684175,0.03766103957190503,avg_close,0.014645846167155696
2020-09-12,West Ham,Newcastle,2021,0.4776990456822684,0.2689566055522015,0.2533443487655302,0.041476725372935785,avg_close,0.04348602085061265
2020-09-13,Tottenham,Everton,2021,0.4636512249780771,0.28311446480962227,0.25323431021230064,0.04192928092114001,avg_close,-0.04496185827110799
2020-09-13,West Brom,Leicester,2021,0.28959172464298794,0.2887220798242402,0.42168619553277187,0.04010161080547903,avg_close,0.04154406753175946
2020-09-14,Brighton,Chelsea,2021,0.16267880644674101,0.22101879220695161,0.6163024013463073,0.04011543622956193,avg_close,-0.025221556886466767
2020-09-14,Sheffield United,Wolves,2021,0.2974247427918202,0.33590276895719556,0.36667248825098436,0.04092726218314091,avg_close,0.0053415208288492555
2020-09-19,Arsenal,West Ham,2021,0.6362983870612635,0.21542837768217665,0.14827323525655983,0.04078788992023141,avg_close,0.03588858503932879
2020-09-19,Everton,West Brom,2021,0.6049323052815793,0.23867056213342705,0.15639713258499366,0.039671401442700205,avg_close,-0.0252237804293447
2020-09-19,Leeds,Fulham,2021,0.5565937578648648,0.2527315488467758,0.1906746932883596,0.03852167566217268,avg_close,-0.02029002803764135
2020-09-19,Manchester United,Crystal Palace,2021,0.700433036543711,0.1892688875867621,0.11029807586952692,0.04210819481202255,avg_close,-0.03474172051013158
2020-09-20,Chelsea,Liverpool,2021,0.2836786310068342,0.251746219663133,0.46457514933003285,0.03985714288911857,avg_close,-0.02582022079509516
2020-09-20,Leicester,Burnley,2021,0.6167067155090122,0.22960918286254392,0.15368410162844395,0.0394335344582013,avg_close,0.044147791662832225
2020-09-20,Newcastle,Brighton,2021,0.36370589922554736,0.3028970264843675,0.3333970742900851,0.04146751425931239,avg_close,0.015692888205773192
2020-09-20,Southampton,Tottenham,2021,0.28772487696038074,0.2851635279073209,0.4271115951322984,0.040581547093745174,avg_close,-0.026833598515797252
2020-09-21,Aston Villa,Sheffield United,2021,0.39108910891089116,0.3044554455445545,0.3044554455445545,0.03941545744571351,avg_close,0.040709791033119225
2020-09-21,Wolves,Manchester City,2021,0.1411671077480846,0.21363288972543468,0.6452000025264807,0.04020603993994887,avg_close,-0.01148527732989768
2020-09-26,Brighton,Manchester United,2021,0.17829155163772048,0.2307049716372431,0.5910034767250364,0.04446754533133568,avg_close,-0.019449914785698796
2020-09-26,Burnley,Southampton,2021,0.2943102241565922,0.2830239913718261,0.4226657844715817,0.04226235135636536,avg_close,-0.009394787022702966
2020-09-26,Crystal Palace,Everton,2021,0.2746691108521079,0.2896057996597754,0.4357250894881166,0.04319320946023053,avg_close,0.017276534876296934
2020-09-26,West Brom,Chelsea,2021,0.1427438801457509,0.20122088986932535,0.6560352299849237,0.04404683703504064,avg_close,0.04017393431097564
2020-09-27,Manchester City,Leicester,2021,0.7316454352297119,0.16440060379947216,0.10395396097081591,0.043345235095036516,avg_close,-0.005069066202531114
2020-09-27,Sheffield United,Leeds,2021,0.32493215645961093,0.2869909765137283,0.38807686702666083,0.043242548047389695,avg_close,-0.011307105351041957
2020-09-27,Tottenham,Newcastle,2021,0.6782113593821204,0.19839792878190657,0.12339071183597286,0.04572099588859446,avg_close,0.02795206868896538
2020-09-27,West Ham,Wolves,2021,0.28535888694370215,0.2941122270339998,0.420528886022298,0.042964005104786596,avg_close,0.024237638627253755
2020-09-28,Fulham,Aston Villa,2021,0.31852254464547564,0.2836546921251129,0.39782276322941146,0.04302166112304251,avg_close,-0.009976691488387701
2020-09-28,Liverpool,Arsenal,2021,0.6444140701397388,0.1908900525861254,0.16469587727413565,0.041474683275895874,avg_close,0.006072722728976632
2020-10-03,Chelsea,Crystal Palace,2021,0.6265011817631677,0.22395953460225387,0.14953928363457827,0.043245871304524286,avg_close,-0.0463547142474241
2020-10-03,Everton,Brighton,2021,0.5363799244334831,0.2553510810467912,0.20826899451972555,0.04153640438191797,avg_close,-0.005424654132260565
2020-10-03,Leeds,Manchester City,2021,0.11169952650020928,0.14450285130072257,0.743797622199068,0.04221064347815506,avg_close,-0.007782384779263116
2020-10-03,Newcastle,Burnley,2021,0.39949252889766007,0.2932055257964477,0.3073019453058923,0.042989884733003914,avg_close,0.004836870849622532
2020-10-04,Arsenal,Sheffield United,2021,0.6409537285737285,0.2205116038671084,0.13853466755916322,0.040116683851977086,avg_close,0.031829631325853036
2020-10-04,Aston Villa,Liverpool,2021,0.1439651584215709,0.19578083916225902,0.66025400241617,0.04453008976852968,avg_close,0.05045857055689765
2020-10-04,Leicester,West Ham,2021,0.5262686020392751,0.24622335622403102,0.22750804173669378,0.04404964940231082,avg_close,-0.05239013363473177
2020-10-04,Manchester United,Tottenham,2021,0.4617882407514785,0.26533688971355673,0.27287486953496465,0.041103233782791904,avg_close,-0.03591622368330699
2020-10-04,Southampton,West Brom,2021,0.5173939403870417,0.2552476772576073,0.2273583823553509,0.04473689841860873,avg_close,-0.039753073726937815
2020-10-04,Wolves,Fulham,2021,0.5365168454654243,0.27517626171435805,0.18830689282021762,0.04127060053904219,avg_close,-0.09380657656519731
2020-10-17,Chelsea,Southampton,2021,0.6071100384735784,0.21459370487432974,0.1782962566520918,0.04249864488545718,avg_close,-0.03349144409471827
2020-10-17,Everton,Liverpool,2021,0.23311731913365294,0.2303221474414029,0.5365605334249441,0.04118581795625498,avg_close,-0.028545034498364347
2020-10-17,Manchester City,Arsenal,2021,0.6268705553345402,0.20277208238094002,0.17035736228451978,0.04263115515615201,avg_close,-0.03293606550130401
2020-10-17,Newcastle,Manchester United,2021,0.207894411801034,0.233691528593863,0.5584140596051029,0.041154567720515844,avg_close,0.013871175735071017
2020-10-18,Crystal Palace,Brighton,2021,0.3092092289489253,0.2995464405442714,0.39124433050680335,0.043243910467412716,avg_close,-0.04660244343557374
2020-10-18,Leicester,Aston Villa,2021,0.40339605323542915,0.26893070215695275,0.32767324460761815,0.0415770403724629,avg_close,-0.11409627015200308
2020-10-18,Sheffield United,Fulham,2021,0.4190178359278592,0.303655330466708,0.2773268336054328,0.04215425995041766,avg_close,-0.02747396703463395
2020-10-18,Tottenham,West Ham,2021,0.5896464913579724,0.23103937041189784,0.17931413823012965,0.040448712079057314,avg_close,-0.008645284198916192
2020-10-19,Leeds,Wolves,2021,0.3879804453758671,0.28606319405325126,0.32595636057088156,0.043501816703477525,avg_close,0.01429321477747758
2020-10-19,West Brom,Burnley,2021,0.3720313484843079,0.2935293208224815,0.3344393306932106,0.041839352527451856,avg_close,-0.01112465992355638
2020-10-23,Aston Villa,Leeds,2021,0.5023204479561494,0.24045916180357027,0.25722039024028026,0.04228329058543223,avg_close,0.05171318500816752
2020-10-24,Fulham,Crystal Palace,2021,0.3716547485231866,0.30440293688565756,0.3239423145911559,0.042895054522961384,avg_close,0.03415108647842602
2020-10-24,Liverpool,Sheffield United,2021,0.7921873210979004,0.1323959473105607,0.0754167315915389,0.04324603408996164,avg_close,0.01807159508263212
2020-10-24,Manchester United,Chelsea,2021,0.36936795503783476,0.2775597349995291,0.35307230996263617,0.041279784479376413,avg_close,-0.029123302202180124
2020-10-24,West Ham,Manchester City,2021,0.14467887781126826,0.18919545559935078,0.6661256665893809,0.04251266581583324,avg_close,0.026368373172033763
2020-10-25,Arsenal,Leicester,2021,0.4939049473453269,0.27067107283896447,0.23542397981570862,0.043650038932233626,avg_close,0.0009676482921007756
2020-10-25,Southampton,Everton,2021,0.314596210063729,0.27181825515421343,0.4135855347820575,0.042189454197807175,avg_close,-0.03056027164685915
2020-10-25,Wolves,Newcastle,2021,0.5237464415569772,0.2802502889032949,0.19600326953972771,0.04334472575551995,avg_close,-0.01725756372301246
2020-10-26,Brighton,West Brom,2021,0.573783309086543,0.24015491884073348,0.18606177207272362,0.043603718907174294,avg_close,0.008058780476933536
2020-10-26,Burnley,Tottenham,2021,0.1688050848294036,0.2222145458493304,0.6089803693212661,0.039296871113381204,avg_close,-0.0014946655829845557
2020-10-30,Wolves,Crystal Palace,2021,0.4642562464298559,0.3080161634967313,0.22772759007341273,0.040571432596983925,avg_close,-0.003260396334091864
2020-10-31,Burnley,Chelsea,2021,0.17170692104729046,0.227318855287193,0.6009742236655166,0.03997804795677129,avg_close,0.015313647767595584
2020-10-31,Liverpool,West Ham,2021,0.6757893069784806,0.1863341390115422,0.13787655400997734,0.04207827031376965,avg_close,-0.018585101896395173
2020-10-31,Sheffield United,Manchester City,2021,0.0920319597741103,0.1587703676897731,0.7491976725361167,0.04278220373454,avg_close,0.0
2020-11-01,Aston Villa,Southampton,2021,0.37322707855375725,0.2701953779952553,0.3565775434509874,0.04254241110674006,avg_close,-0.022748685283145054
2020-11-01,Manchester United,Arsenal,2021,0.4834352284550101,0.2679766308148942,0.2485881407300956,0.03946202766403406,avg_close,0.012975341234623461
2020-11-01,Newcastle,Everton,2021,0.2878220773632968,0.2886864079259493,0.4234915147107538,0.040230132266324325,avg_close,0.031597709458405954
2020-11-01,Tottenham,Brighton,2021,0.6047603639127391,0.22414195305856766,0.17109768302869313,0.03996699377079427,avg_close,0.02880523463212714
2020-11-02,Fulham,West Brom,2021,0.3973081051749967,0.2928172885234685,0.3098746063015347,0.04437275235887217,avg_close,0.0
2020-11-02,Leeds,Leicester,2021,0.39800941243692545,0.264243163628923,0.3377474239341516,0.04253252905634941,avg_close,0.01905701085487066
2020-11-06,Brighton,Burnley,2021,0.48623363286264437,0.28399486521180994,0.22977150192554552,0.03869924027484184,avg_close,-0.01407918445547024
2020-11-06,Southampton,Newcastle,2021,0.44365275773639073,0.2793848270293306,0.27696241523427867,0.04352549350779844,avg_close,-0.02614898193398346
2020-11-07,Chelsea,Sheffield United,2021,0.6950742691457218,0.1937782810951709,0.11114744975910729,0.04253273833605342,avg_close,-0.004842746340820825
2020-11-07,Crystal Palace,Leeds,2021,0.3368647326799062,0.27892007020726917,0.38421519711282465,0.04526429126352238,avg_close,0.00819094437327439
2020-11-07,Everton,Manchester United,2021,0.301812183658713,0.2658622559652929,0.43232556037599423,0.041924169504789166,avg_close,-0.03475577617047554
2020-11-07,West Ham,Fulham,2021,0.5185100734539649,0.25309858466750274,0.22839134187853222,0.04248802137984198,avg_close,-0.004118953979996398
2020-11-08,Arsenal,Aston Villa,2021,0.5817743456375377,0.2227210371930249,0.19550461716943732,0.041745155325565664,avg_close,0.009338752677107709
2020-11-08,Leicester,Wolves,2021,0.406101969583645,0.3052231363749688,0.2886748940413862,0.043404970416048405,avg_close,0.007171185259985502
2020-11-08,Manchester City,Liverpool,2021,0.5014655691628187,0.23256374222043766,0.2659706886167436,0.0386223209757921,avg_close,0.010471667937898332
2020-11-08,West Brom,Tottenham,2021,0.14935422926985523,0.2081218716564722,0.6425238990736726,0.04453848419475159,avg_close,0.024288180053880115
2020-11-21,Aston Villa,Brighton,2021,0.42001872343037805,0.2720575822219494,0.30792369434767264,0.04423080867910789,avg_close,-0.028130228195465456
2020-11-21,Manchester United,West Brom,2021,0.7247046738572163,0.17051874678993323,0.10477657935285054,0.0453579021970234,avg_close,0.0014209936147401292
2020-11-21,Newcastle,Chelsea,2021,0.1357905424721272,0.2021135021637767,0.6620959553640962,0.04162420390340826,avg_close,-0.00962380885123032
2020-11-21,Tottenham,Manchester City,2021,0.23276254552812622,0.23446985026305137,0.5327676042088223,0.04277277966360993,avg_close,-0.012123004139562382
2020-11-22,Fulham,Everton,2021,0.22781989425091143,0.25373591396728495,0.5184441917818038,0.04262049630220632,avg_close,-0.01812460994383197
2020-11-22,Leeds,Arsenal,2021,0.2757466529351184,0.25386199794026776,0.4703913491246137,0.04210266482071767,avg_close,-0.037907473788727886
2020-11-22,Liverpool,Leicester,2021,0.5398112956646246,0.23725039661309427,0.22293830772228115,0.04072989454082121,avg_close,0.02999567490123045
2020-11-22,Sheffield United,West Ham,2021,0.31039295937921413,0.29972320140055364,0.38988383922023234,0.04262866050990599,avg_close,-0.00844224997579629
2020-11-23,Burnley,Crystal Palace,2021,0.3615993586531716,0.3091091291712596,0.3292915121755686,0.04358174741117704,avg_close,0.019227055554672023
2020-11-23,Wolves,Southampton,2021,0.40939425051334705,0.30030800821355236,0.2902977412731006,0.04386035420518186,avg_close,0.0
2020-11-27,Crystal Palace,Newcastle,2021,0.44401235528099364,0.3015932979267127,0.2543943467922935,0.04268036115791496,avg_close,-0.008043136182848576
2020-11-28,Brighton,Liverpool,2021,0.1995583136540048,0.2290872288008981,0.5713544575450971,0.04180178762517661,avg_close,0.01678255120154215
2020-11-28,Everton,Leeds,2021,0.41842435907717807,0.26323950062822465,0.3183361402945973,0.04363241105396076,avg_close,-0.055625069002318395
2020-11-28,Manchester City,Burnley,2021,0.8572209835162886,0.09610485500883316,0.046674161474878136,0.041571730074403845,avg_close,0.03409598553717075
2020-11-28,West Brom,Sheffield United,2021,0.36272029191811855,0.305936604045953,0.33134310403592837,0.04429745792492734,avg_close,0.0
2020-11-29,Arsenal,Wolves,2021,0.4587045990330443,0.29228433292044587,0.2490110680465097,0.043087208042278835,avg_close,-0.004423218569098275
2020-11-29,Chelsea,Tottenham,2021,0.4779054953044105,0.2631753549484561,0.2589191497471334,0.04102681952641252,avg_close,0.02104151635860313
2020-11-29,Southampton,Manchester United,2021,0.2503960980459162,0.25780028374082237,0.49180361821326124,0.04273432286571355,avg_close,0.011305243436965456
2020-11-30,Leicester,Fulham,2021,0.5888708033930155,0.23468445220797438,0.17644474439901012,0.04181923943321464,avg_close,-0.01955492588882235
2020-11-30,West Ham,Aston Villa,2021,0.40937227803263454,0.2744788339817664,0.3161488879855989,0.04391638194015579,avg_close,-0.008478957708613288
2020-12-05,Burnley,Everton,2021,0.25699611297147723,0.2731041314483219,0.4698997555802009,0.0431928780769657,avg_close,0.027759664648346505
2020-12-05,Chelsea,Leeds,2021,0.6518987744303041,0.19477463382368843,0.15332659174600755,0.04352414136386251,avg_close,0.022871314411683663
2020-12-05,Manchester City,Fulham,2021,0.8578296194636919,0.09559892276610296,0.04657145777020528,0.0408327278502576,avg_close,0.0
2020-12-05,West Ham,Manchester United,2021,0.2842030209212872,0.2744309972792945,0.4413659817994184,0.044098349421466176,avg_close,0.024385093417533144
2020-12-06,Liverpool,Wolves,2021,0.6059681299236945,0.2221414490207512,0.17189042105555433,0.04446316753450619,avg_close,-0.03136237368090733
2020-12-06,Sheffield United,Leicester,2021,0.23758884787040604,0.27268720039671607,0.48972395173287775,0.04181974319880988,avg_close,-0.009438404317490295
2020-12-06,Tottenham,Arsenal,2021,0.4380374874609741,0.2764559358903554,0.2855065766486706,0.04242449022560346,avg_close,-0.041550144616746276
2020-12-06,West Brom,Crystal Palace,2021,0.3186265053600463,0.2915093559677019,0.3898641386722517,0.04268134644306798,avg_close,-0.0009509558617006864
2020-12-07,Brighton,Southampton,2021,0.3927393775712088,0.283516000376849,0.3237446220519424,0.04353189157728865,avg_close,0.004915416816552831
2020-12-11,Leeds,West Ham,2021,0.4477868516101842,0.2555370299855451,0.29667611840427066,0.04355390951264915,avg_close,0.021648359643662685
2020-12-12,Everton,Chelsea,2021,0.20122273122051737,0.2274484426355137,0.571328826143969,0.041848525752665955,avg_close,-0.007913772390286705
2020-12-12,Manchester United,Manchester City,2021,0.20971228416901214,0.22982857042023633,0.5604591454107517,0.043421855858627456,avg_close,-0.009336119424245948
2020-12-12,Newcastle,West Brom,2021,0.3911867027444917,0.29764205643602626,0.31117124081948205,0.043397596192627175,avg_close,0.006686469373036574
2020-12-12,Wolves,Aston Villa,2021,0.3737859041173513,0.29625136673078,0.32996272915186875,0.04505010942671084,avg_close,-0.040611563915240234
2020-12-13,Arsenal,Burnley,2021,0.6580490595723378,0.2079548976137691,0.13399604281389307,0.040851737246532904,avg_close,0.05892297934834356
2020-12-13,Crystal Palace,Tottenham,2021,0.22766666557857593,0.25423784140207023,0.5180954930193538,0.04332222114186246,avg_close,0.027621431874423036
2020-12-13,Fulham,Liverpool,2021,0.11599314532016199,0.17601906398492354,0.7079877906949146,0.04626202665681278,avg_close,0.013460934579968914
2020-12-13,Leicester,Brighton,2021,0.4692859819549739,0.27197255772390533,0.2587414603211207,0.04455725779255193,avg_close,-0.0015893867886278001
2020-12-13,Southampton,Sheffield United,2021,0.585526263172908,0.23827867781726278,0.17619505900982918,0.04138129390946288,avg_close,0.020296651485952277
2020-12-15,Manchester City,West Brom,2021,0.8738283129214455,0.08730346450622979,0.03886822257232471,0.04035414697375872,avg_close,-0.001044403303795849
2020-12-15,Wolves,Chelsea,2021,0.17814694036308085,0.25578852132346097,0.566064538313458,0.045315394768111084,avg_close,0.0
2020-12-16,Arsenal,Southampton,2021,0.4428516719105511,0.2733027460933687,0.28384558199608023,0.045413153721759025,avg_close,0.028749393636016418
2020-12-16,Fulham,Brighton,2021,0.3312472665102779,0.29186115860204365,0.3768915748876784,0.044599597427737336,avg_close,-0.012653435102776611
2020-12-16,Leeds,Newcastle,2021,0.6043446323910889,0.2175090020906425,0.17814636551826873,0.04726898938598989,avg_close,0.07143764669028851
2020-12-16,Leicester,Everton,2021,0.4495940120961005,0.2728305543489157,0.2775754335549838,0.04423892543917041,avg_close,0.008207731125668694
2020-12-16,Liverpool,Tottenham,2021,0.52668911335578,0.24453423120089784,0.22877665544332207,0.043216074753749556,avg_close,-0.015019762845849827
2020-12-16,West Ham,Crystal Palace,2021,0.44136598179941827,0.28420302092128713,0.27443099727929443,0.0440983494214664,avg_close,-0.00939504789798512
2020-12-17,Aston Villa,Burnley,2021,0.5145702181573425,0.25590925288038957,0.2295205289622679,0.04482224122375378,avg_close,-0.020883748207313646
2020-12-17,Sheffield United,Manchester United,2021,0.13293985385047782,0.20236087689713322,0.6646992692523891,0.04474982381959114,avg_close,-0.0006175823489082966
2020-12-19,Crystal Palace,Liverpool,2021,0.18218985944074725,0.23590677131516902,0.5819033692440836,0.041514172443963826,avg_close,0.03310793288819269
2020-12-19,Everton,Arsenal,2021,0.3600751444628518,0.28253683901804894,0.3573880165190992,0.04405942871973223,avg_close,-0.02741533197287327
2020-12-19,Newcastle,Fulham,2021,0.337382248897015,0.2912357406892166,0.37138201041376845,0.04366094306229917,avg_close,-0.04866178787627501
2020-12-19,Southampton,Manchester City,2021,0.16069410520943456,0.20710145455871096,0.6322044402318545,0.040636058488974225,avg_close,0.019697846608258324
2020-12-20,Brighton,Sheffield United,2021,0.510338563117164,0.27971909581932014,0.20994234106351603,0.042278463865376814,avg_close,-0.05482660012362117
2020-12-20,Manchester United,Leeds,2021,0.5589691715969372,0.22152695279878612,0.21950387560427667,0.04012059766409326,avg_close,-0.014323356665026599
2020-12-20,Tottenham,Leicester,2021,0.4559265147500442,0.2751280692457163,0.2689454160042396,0.0444456744340509,avg_close,0.0
2020-12-20,West Brom,Aston Villa,2021,0.2067692197915242,0.23865899995837622,0.5545717802500996,0.0423081423657079,avg_close,-0.05269370723449804
2020-12-21,Burnley,Wolves,2021,0.27890144294105795,0.3145642503990949,0.40653430665984724,0.04229534043694305,avg_close,0.00707692618387884
2020-12-21,Chelsea,West Ham,2021,0.6060277536860365,0.2226799653078925,0.17129228100607116,0.04436040850524203,avg_close,-0.04108893601817787
2020-12-26,Arsenal,Chelsea,2021,0.20325447882001071,0.24853915544830327,0.5482063657316859,0.042360335721185916,avg_close,-0.037634633516867244
2020-12-26,Aston Villa,Crystal Palace,2021,0.5272892990764406,0.25056567214598485,0.22214502877757453,0.042028636676156195,avg_close,0.029169535591204665
2020-12-26,Fulham,Southampton,2021,0.3325064402251694,0.29195687434405115,0.3755366854307796,0.04425713374780793,avg_close,0.03384815446132822
2020-12-26,Leicester,Manchester United,2021,0.32358318098720296,0.27056672760511885,0.4058500914076783,0.044052527103374484,avg_close,0.0
2020-12-26,Manchester City,Newcastle,2021,0.8559462333118898,0.09842502888186001,0.045628737806250194,0.043122930049513286,avg_close,-0.010370357661479979
2020-12-26,Sheffield United,Everton,2021,0.28473637716020817,0.29254926555789684,0.422714357281895,0.04214258818623162,avg_close,0.05428030628925401
2020-12-27,Leeds,Burnley,2021,0.5645441389290883,0.23125904486251803,0.2041968162083936,0.04196510698614242,avg_close,0.013720441869201294
2020-12-27,Liverpool,West Brom,2021,0.848895088360492,0.10426646193993,0.04683844969957793,0.042479529386302506,avg_close,-0.01009533118811412
2020-12-27,West Ham,Brighton,2021,0.4064958487515159,0.2889548804378245,0.30454927081065947,0.042393950296748084,avg_close,-0.010707867354308731
2020-12-27,Wolves,Tottenham,2021,0.2714725017885168,0.2869155482974444,0.4416119499140388,0.04351680967251803,avg_close,0.015258406032493732
2020-12-28,Chelsea,Aston Villa,2021,0.5299777189408074,0.24162712122993987,0.22839515982925268,0.042470594706285114,avg_close,-0.04340635909797319
2020-12-28,Crystal Palace,Leicester,2021,0.28601603799795244,0.28431861344010106,0.4296653485619465,0.04367386100462012,avg_close,0.034741928061967964
2020-12-29,Brighton,Arsenal,2021,0.26374974442854215,0.27908403189531794,0.4571662236761398,0.041613425334355636,avg_close,-0.03148434494643981
2020-12-29,Burnley,Sheffield United,2021,0.39961007540108207,0.30254390566643435,0.2978460189324835,0.04268308612705818,avg_close,-0.004836870849622532
2020-12-29,Manchester United,Wolves,2021,0.6214874946593485,0.22414303086074866,0.1543694744799027,0.04483300940202062,avg_close,-0.003914691187494546
2020-12-29,Southampton,West Ham,2021,0.47299015330923594,0.26820391374797453,0.2588059329427894,0.04148222535271251,avg_close,0.020770137762146146
2020-12-29,West Brom,Leeds,2021,0.22700453210956875,0.2424821138443121,0.5305133540461193,0.04141805975589907,avg_close,-0.02631578947368421
2020-12-30,Newcastle,Liverpool,2021,0.09246690410590686,0.15912909078690948,0.7484040051071836,0.04388805333572776,avg_close,0.006594806021740118
2021-01-01,Everton,West Ham,2021,0.4291612630018792,0.27864383452875635,0.2921949024693646,0.040235011673494414,avg_close,-0.02079902937862904
2021-01-01,Manchester United,Aston Villa,2021,0.5631045278258024,0.23234895565627772,0.20454651651791972,0.044628954394802633,avg_close,0.017003017986889413
2021-01-02,Brighton,Wolves,2021,0.33840126402682835,0.3171111182767961,0.34448761769637565,0.0441949484897608,avg_close,-0.023656746294876352
2021-01-02,Crystal Palace,Sheffield United,2021,0.4605387078545865,0.2938406479563006,0.24562064418911284,0.04392795343715594,avg_close,-0.0223774606949399
2021-01-02,Tottenham,Leeds,2021,0.5185390781890317,0.23982432366242715,0.24163659814854122,0.042429709306283536,avg_close,-0.020254418059709733
2021-01-02,West Brom,Arsenal,2021,0.160545293490609,0.23941667208823988,0.6000380344211512,0.0416006388710497,avg_close,-0.005750167961729558
2021-01-03,Chelsea,Manchester City,2021,0.2848290803688285,0.26663166690082,0.44853925273035145,0.04180340244845637,avg_close,-0.037467529518883824
2021-01-03,Newcastle,Leicester,2021,0.15894415475643692,0.23626833815146028,0.6047875070921027,0.03992031950865571,avg_close,-0.02327316809006405
2021-01-04,Southampton,Liverpool,2021,0.1597315436241611,0.20134228187919467,0.6389261744966444,0.04341736694677856,avg_close,-0.024645157288087333
2021-01-12,Burnley,Manchester United,2021,0.12350290919882374,0.1967931366289265,0.6797039541722497,0.04342464657237932,avg_close,-0.0163747602161063
2021-01-12,Sheffield United,Newcastle,2021,0.4101942592055669,0.3066628008118295,0.28314293998260365,0.04182449597926419,avg_close,0.022520040080160342
2021-01-12,Wolves,Everton,2021,0.36988003307779277,0.32695880057047205,0.3031611663517352,0.043853010630562794,avg_close,-0.011855005159958687
2021-01-13,Manchester City,Brighton,2021,0.8160683055981605,0.12637278223173612,0.05755891217010336,0.03846408603931262,avg_close,0.0019784317960369613
2021-01-13,Tottenham,Fulham,2021,0.5897344447388265,0.25164061385452546,0.15862494140664807,0.04029353887754428,avg_close,-0.1073136018994818
2021-01-14,Arsenal,Crystal Palace,2021,0.5643502471731349,0.2511506335587249,0.18449911926814022,0.04232309113738131,avg_close,-0.04954004241864918
2021-01-16,Fulham,Chelsea,2021,0.15773377616315878,0.2342923650813749,0.6079738587554664,0.04101744390892792,avg_close,-0.0009880182808715832
2021-01-16,Leeds,Brighton,2021,0.42265615765049513,0.2717930532200068,0.30555078912949807,0.0422860909210212,avg_close,-0.019162769009896274
2021-01-16,Leicester,Southampton,2021,0.5608719684930561,0.2510709597180958,0.18805707178884826,0.042653857722017685,avg_close,0.03702949571600078
2021-01-16,West Ham,Burnley,2021,0.5414493861541122,0.2625658667103503,0.19598474713553757,0.04344333165726777,avg_close,0.014869839434940468
2021-01-16,Wolves,West Brom,2021,0.5841185812599259,0.25960825833774487,0.15627316040232928,0.04389094461907095,avg_close,-0.006182763289579674
2021-01-17,Liverpool,Manchester United,2021,0.49499558736000987,0.24686155256514627,0.2581428600748438,0.04135053056720839,avg_close,0.0
2021-01-17,Manchester City,Crystal Palace,2021,0.81377368574608,0.12993950597839976,0.05628680827552019,0.041392271540068526,avg_close,-0.014409695281018431
2021-01-17,Sheffield United,Tottenham,2021,0.20033388981636058,0.26655537006121316,0.5331107401224263,0.04210160055671541,avg_close,0.06021911149914694
2021-01-18,Arsenal,Newcastle,2021,0.6727093715501201,0.20252092659298349,0.12476970185689645,0.03952870121209262,avg_close,0.007496716003313364
2021-01-19,Leicester,Chelsea,2021,0.34210889422413554,0.27927256671358,0.37861853906228443,0.04394496364327782,avg_close,0.012166716703862324
2021-01-19,West Ham,West Brom,2021,0.6252339363693076,0.22668434185901437,0.14808172177167814,0.04536035749628686,avg_close,0.014879417392493322
2021-01-20,Fulham,Manchester United,2021,0.17654579940931256,0.234246133850405,0.5892080667402825,0.04122290095149239,avg_close,0.013495305720487544
2021-01-20,Manchester City,Aston Villa,2021,0.7316305321942761,0.16553298742219372,0.10283648038353023,0.043366487640312146,avg_close,-0.030052359601958623
2021-01-21,Liverpool,Burnley,2021,0.723989962670062,0.17539283248655418,0.10061720484338374,0.038522269666835474,avg_close,-0.06353464970693623
2021-01-23,Aston Villa,Newcastle,2021,0.6365521425761587,0.20941039984531581,0.15403745757852555,0.040372989632825984,avg_close,-0.02005209584867207
2021-01-26,Crystal Palace,West Ham,2021,0.2717889006615574,0.2881125583589483,0.44009854097949436,0.042302015610745425,avg_close,-0.03546130487976529
2021-01-26,Newcastle,Leeds,2021,0.23557395480629878,0.24334669950802948,0.5210793456856718,0.04298561316879557,avg_close,0.0016656122161974596
2021-01-26,Southampton,Arsenal,2021,0.2757478461739623,0.2629047958042161,0.46134735802182153,0.04209815534803729,avg_close,-0.0002799414455809668
2021-01-26,West Brom,Manchester City,2021,0.04923296468069924,0.11594719942918301,0.8348198358901177,0.04162021553325923,avg_close,-0.011123710179674638
2021-01-27,Brighton,Fulham,2021,0.4676562639721006,0.2896360547259233,0.2427076813019762,0.04308423863618338,avg_close,0.01367210835935978
2021-01-27,Burnley,Aston Villa,2021,0.21728637826242403,0.2562120128709331,0.5265016088666428,0.04358759820944691,avg_close,-0.02564412969352134
2021-01-27,Chelsea,Wolves,2021,0.5834174477289114,0.25003604902667625,0.1665465032444124,0.03881124642370315,avg_close,-0.008196938047013491
2021-01-27,Everton,Leicester,2021,0.3019976224330435,0.2927903778466703,0.4052119997202862,0.04128438585556138,avg_close,-0.024231424957377734
2021-01-27,Manchester United,Sheffield United,2021,0.7510477651152715,0.15969121916072218,0.08926101572400627,0.04021346748844001,avg_close,-0.01150772014895074
2021-01-28,Tottenham,Liverpool,2021,0.2691360373788306,0.25284622459011186,0.47801773803105735,0.04078237736571477,avg_close,-0.03378753314014432
2021-01-30,Arsenal,Manchester United,2021,0.27605708478769936,0.2729200724605665,0.4510228427517342,0.04093079900510688,avg_close,-0.06803267112745426
2021-01-30,Crystal Palace,Wolves,2021,0.3258043177581333,0.3099885741776414,0.36420710806422507,0.043988786773153876,avg_close,-0.005424131497738904
2021-01-30,Everton,Newcastle,2021,0.6118428138230781,0.23372097754312232,0.15443620863379948,0.041023381772389955,avg_close,0.0
2021-01-30,Manchester City,Sheffield United,2021,0.811491364197302,0.13171386654096512,0.05679476926173287,0.04432118998200152,avg_close,-0.01761412096265791
2021-01-30,Southampton,Aston Villa,2021,0.298323640095792,0.261033185083818,0.44064317482039,0.04101373297623789,avg_close,-0.04282711100264419
2021-01-30,West Brom,Fulham,2021,0.2719243210344996,0.2917607456692351,0.4363149332962652,0.04178294130677962,avg_close,-0.01740234785462541
2021-01-31,Brighton,Tottenham,2021,0.29598925527973324,0.2888569840681734,0.41515376065209336,0.042747227486183315,avg_close,0.0002120747630575126
2021-01-31,Chelsea,Burnley,2021,0.7205704930524304,0.18359363137159626,0.09583587557597324,0.04345058047417405,avg_close,0.014652526159430135
2021-01-31,Leicester,Leeds,2021,0.521237022539629,0.25041151996681915,0.22835145749355176,0.042670104708928625,avg_close,-0.006627692030237831
2021-01-31,West Ham,Liverpool,2021,0.27868989082423534,0.2612717726477206,0.460038336528044,0.04006310242008193,avg_close,0.05204027748667517
2021-02-02,Manchester United,Southampton,2021,0.6615297973576698,0.20025432279094388,0.13821587985138634,0.04251565865734808,avg_close,-0.013145789233542482
2021-02-02,Newcastle,Crystal Palace,2021,0.323708531650181,0.2930205668760048,0.3832709014738143,0.04364823539135454,avg_close,-0.007383680279343163
2021-02-02,Sheffield United,West Brom,2021,0.45295937367132405,0.2875071473602417,0.2595334789684343,0.0413695810826078,avg_close,-0.01200412616944646
2021-02-02,Wolves,Arsenal,2021,0.26572244739242934,0.29425093100818095,0.44002662159938977,0.04247237283725136,avg_close,0.0003995289214547282
2021-02-03,Aston Villa,West Ham,2021,0.406442312163817,0.2780301033932197,0.3155275844429632,0.04253125444414296,avg_close,-0.008116961828914915
2021-02-03,Burnley,Manchester City,2021,0.062411175954763996,0.13924586495721328,0.7983429590880228,0.04382875034719591,avg_close,-0.013964298578674823
2021-02-03,Fulham,Leicester,2021,0.252509086666934,0.287390221762066,0.46010069157099986,0.04492177381359452,avg_close,0.016768389984191
2021-02-03,Leeds,Everton,2021,0.3717598265623527,0.2756150438307097,0.3526251296069375,0.042600279887416104,avg_close,-0.0005977576994230516
2021-02-03,Liverpool,Brighton,2021,0.6396572301103953,0.2099531389859066,0.150389630903698,0.0422248593228749,avg_close,-0.0578509751468016
2021-02-04,Tottenham,Chelsea,2021,0.24074462286696574,0.2753343675317597,0.48392100960127465,0.04366310829662057,avg_close,-0.034024742342185554
2021-02-06,Aston Villa,Arsenal,2021,0.32227517580762843,0.27756648089789965,0.400158343294472,0.04125447750578681,avg_close,-0.032882650793972235
2021-02-06,Burnley,Brighton,2021,0.26297696803025095,0.30388449639051224,0.4331385355792369,0.04467427996839746,avg_close,-0.0001222995867219412
2021-02-06,Fulham,West Ham,2021,0.2338594070960931,0.2641387242683145,0.5020018686355925,0.04294474211238586,avg_close,-0.027751807801902867
2021-02-06,Manchester United,Everton,2021,0.5925542645305807,0.23131033940711823,0.17613539606230105,0.041734044571080764,avg_close,-0.014879417392493322
2021-02-06,Newcastle,Southampton,2021,0.29273173665833147,0.2767031977634949,0.4305650655781737,0.041492980094376186,avg_close,-0.026090331054658356
2021-02-07,Liverpool,Manchester City,2021,0.3066962003748509,0.26665530754813427,0.4266484920770148,0.041711040113596054,avg_close,0.01854998384318185
2021-02-07,Sheffield United,Chelsea,2021,0.13704257627205677,0.22433901830015854,0.6386184054277846,0.043920220589467096,avg_close,-0.0011111852611882522
2021-02-07,Tottenham,West Brom,2021,0.689449711574483,0.1943884582329678,0.11616183019254923,0.04347633823606811,avg_close,0.0444579092171522
2021-02-07,Wolves,Leicester,2021,0.2858757062146893,0.29830508474576267,0.41581920903954805,0.04107848673066061,avg_close,0.025658544430365193
2021-02-08,Leeds,Crystal Palace,2021,0.5271992539633198,0.25862604911408144,0.2141746969225987,0.04220661414057636,avg_close,0.001816706418355185
2021-02-13,Brighton,Aston Villa,2021,0.33282818715665846,0.2852813032771358,0.38189050956620574,0.04324764434326189,avg_close,-0.0218757800298105
2021-02-13,Crystal Palace,Burnley,2021,0.33781265247682357,0.3055375582911397,0.3566497892320368,0.042331225531866634,avg_close,-0.059073459370060144
2021-02-13,Leicester,Liverpool,2021,0.2561254739744915,0.25010685970355045,0.49376766632195795,0.04394020241428365,avg_close,-0.0069497719738768615
2021-02-13,Manchester City,Tottenham,2021,0.7159084749233576,0.17069703850485754,0.11339448657178477,0.0424079094695875,avg_close,-0.007088088903905221
2021-02-14,Arsenal,Leeds,2021,0.527538501696685,0.24672989355839786,0.22573160474491719,0.04729074004718403,avg_close,0.01356298446136972
2021-02-14,Everton,Fulham,2021,0.4704223345915533,0.2847660423046791,0.24481162310376753,0.04203402429220948,avg_close,-0.03572394240965515
2021-02-14,Southampton,Wolves,2021,0.429693526628793,0.2957458532043853,0.27456062016682187,0.04360541987158273,avg_close,0.03586620973995952
2021-02-14,West Brom,Manchester United,2021,0.0993805463171666,0.16443894519489938,0.736180508487934,0.04489423498961975,avg_close,-0.0003709637982169528
2021-02-15,Chelsea,Newcastle,2021,0.743266634607348,0.1670407593455538,0.08969260604709813,0.04295519582838647,avg_close,-0.038847119533836794
2021-02-15,West Ham,Sheffield United,2021,0.47179456274748227,0.2928877560787122,0.2353176811738056,0.04412148069218613,avg_close,-0.09373086326260627
2021-02-17,Burnley,Fulham,2021,0.3237771538347864,0.3061918132111718,0.3700310329540416,0.04342704182959789,avg_close,-0.022033803452600365
2021-02-17,Everton,Manchester City,2021,0.08908935250068171,0.16573691611764751,0.7451737313816709,0.040285997484478475,avg_close,-0.025648114588861154
2021-02-19,Wolves,Leeds,2021,0.41648710641551406,0.2850953407010959,0.29841755288339006,0.04392813606547863,avg_close,0.024157521714258168
2021-02-20,Burnley,West Brom,2021,0.4442208443173802,0.29433037537593293,0.261448780306687,0.04219099325332909,avg_close,-0.02628650386189041
2021-02-20,Fulham,Sheffield United,2021,0.48570379962467713,0.28647798959898624,0.22781821077633665,0.045110648897997985,avg_close,0.0565105826138661
2021-02-20,Liverpool,Everton,2021,0.6983939328940301,0.18155591803886553,0.1200501490671043,0.045150842411491254,avg_close,0.03826298208320689
2021-02-20,Southampton,Chelsea,2021,0.2074271442525254,0.2541945375190099,0.5383783182284648,0.04349995864912559,avg_close,0.010541025658349606
2021-02-21,Arsenal,Manchester City,2021,0.13999215730211195,0.20861576382275507,0.6513920788751332,0.04433586300017067,avg_close,-0.01148527732989768
2021-02-21,Aston Villa,Leicester,2021,0.259581825750056,0.2638724344401396,0.4765457398098043,0.04399724150195761,avg_close,-0.07500436293829355
2021-02-21,Manchester United,Newcastle,2021,0.7199365713479728,0.17830831282919998,0.1017551158228272,0.04436936415153725,avg_close,-0.00303152824939823
2021-02-21,West Ham,Tottenham,2021,0.3187794321800909,0.27974521599477364,0.4014753518251354,0.04218114496663983,avg_close,-0.03817453454059644
2021-02-22,Brighton,Crystal Palace,2021,0.5439915527700467,0.27433384896139884,0.18167459826855448,0.0444680901543284,avg_close,-0.007425311219038999
2021-02-23,Leeds,Southampton,2021,0.44327814396121534,0.26745273490397353,0.28926912113481124,0.04440737552688789,avg_close,0.03155568279912724
2021-02-27,Leeds,Aston Villa,2021,0.4698924731182796,0.25225806451612903,0.27784946236559144,0.04320904563198269,avg_close,0.03220971433244352
2021-02-27,Manchester City,West Ham,2021,0.7593075426499198,0.15481027568590602,0.08588218166417406,0.04522969820768363,avg_close,-0.009849613561468074
2021-02-27,Newcastle,Wolves,2021,0.2624455712427664,0.3041035984241579,0.43345083033307574,0.04392160798284883,avg_close,-0.008075064821402522
2021-02-27,West Brom,Brighton,2021,0.21297491715474096,0.27012920283186076,0.5168958800133983,0.04574356546724512,avg_close,-0.016953148947207064
2021-02-28,Chelsea,Manchester United,2021,0.4064958487515159,0.2889548804378245,0.30454927081065947,0.042393950296748084,avg_close,-0.028062953131607393
2021-02-28,Crystal Palace,Fulham,2021,0.27793614049855564,0.2996499014750053,0.42241395802643916,0.04288370682500142,avg_close,0.0
2021-02-28,Leicester,Arsenal,2021,0.4100794646591384,0.28816394813885404,0.3017565872020075,0.04211613645575918,avg_close,0.02229201755533916
2021-02-28,Sheffield United,Liverpool,2021,0.11791257023323988,0.1806367382332528,0.7014506915335073,0.04059631861436763,avg_close,0.0
2021-02-28,Tottenham,Burnley,2021,0.6392405870819848,0.22455758328406963,0.13620182963394564,0.04290415868284714,avg_close,0.036270859417601664
2021-03-01,Everton,Southampton,2021,0.4473807767120531,0.2775057571489257,0.27511346613902116,0.04450111392901679,avg_close,0.009583330377079424
2021-03-02,Manchester City,Wolves,2021,0.786657846767018,0.14697129755830962,0.06637085567467232,0.04196778118492572,avg_close,-0.011017275385065806
2021-03-03,Burnley,Leicester,2021,0.24949054608300872,0.30786493667294346,0.44264451724404774,0.04108257334063792,avg_close,0.016315438650464004
2021-03-03,Crystal Palace,Manchester United,2021,0.126073065071803,0.20766580631957157,0.6662611286086254,0.042300705572716035,avg_close,0.006937697281621982
2021-03-03,Sheffield United,Aston Villa,2021,0.27016376377864937,0.2837518820752087,0.446084354146142,0.0426644080805183,avg_close,0.018417321071704018
2021-03-04,Fulham,Tottenham,2021,0.24556319661877063,0.27911398220331196,0.4753228211779174,0.04150165507242454,avg_close,0.019693232609235112
2021-03-04,Liverpool,Chelsea,2021,0.43613946346310173,0.27572035046517923,0.2881401860717189,0.04220207668483544,avg_close,0.01834862385321101
2021-03-04,West Brom,Everton,2021,0.24404738879843585,0.2763994922126377,0.47955311898892644,0.04263736424899722,avg_close,0.024184396515160023
2021-03-06,Aston Villa,Wolves,2021,0.36581794321928107,0.3081810325512915,0.3260010242294274,0.043358852094874445,avg_close,-0.030891848180253367
2021-03-06,Brighton,Leicester,2021,0.37938345334289714,0.302788686737391,0.3178278599197118,0.041840158059828436,avg_close,0.016240795323670565
2021-03-06,Burnley,Arsenal,2021,0.1947300634877343,0.26593329999848475,0.5393366365137809,0.041645819650588445,avg_close,0.0179429697271965
2021-03-06,Sheffield United,Southampton,2021,0.2556341503536766,0.28787629544332954,0.4564895542029939,0.043157443157443076,avg_close,-0.012292126483249982
2021-03-07,Liverpool,Fulham,2021,0.5858235766515913,0.2426138044718712,0.17156261887653748,0.040852778657656685,avg_close,-0.10843261599162934
2021-03-07,Manchester City,Manchester United,2021,0.6395582891895503,0.2185278892447211,0.14191382156572863,0.04238609355132916,avg_close,0.0015645984812704405
2021-03-07,Tottenham,Crystal Palace,2021,0.6225879227219111,0.23103262674499833,0.14637945053309057,0.04298626049752685,avg_close,-0.03577506356306881
2021-03-07,West Brom,Newcastle,2021,0.41496409543664586,0.30143618253416726,0.283599722029187,0.0432238298711447,avg_close,0.01107730277582597
2021-03-08,Chelsea,Everton,2021,0.5916805837465636,0.24640682407954576,0.1619125921738907,0.04327227827656266,avg_close,-0.017212842956487395
2021-03-08,West Ham,Leeds,2021,0.42587832047986285,0.2699228791773779,0.3041988003427592,0.043594902749832354,avg_close,-0.042950314471503714
2021-03-10,Manchester City,Southampton,2021,0.8113544291122833,0.12972875695833255,0.058916813929384255,0.04449744367065578,avg_close,0.0013443952821864391
2021-03-12,Newcastle,Aston Villa,2021,0.2618519146676892,0.2860829873682813,0.45206509796402944,0.04342961960996128,avg_close,0.013121572623691014
2021-03-13,Crystal Palace,West Brom,2021,0.40972744251648757,0.30828367057510636,0.2819888869084061,0.043011482769379494,avg_close,-0.02720841363896559
2021-03-13,Everton,Burnley,2021,0.4815007816571131,0.2903595622720167,0.22813965607087025,0.04363810393961143,avg_close,-0.021048101697432042
2021-03-13,Fulham,Manchester City,2021,0.11545074920167034,0.20412675018422993,0.6804225006140997,0.04232275904447347,avg_close,0.024001028999483587
2021-03-13,Leeds,Chelsea,2021,0.19181189170566448,0.24403548563061636,0.564152622663719,0.0426882203262986,avg_close,-0.020370295144921002
2021-03-14,Arsenal,Tottenham,2021,0.3605769230769231,0.2906468531468532,0.3487762237762238,0.04260651629072676,avg_close,-0.006314965347702928
2021-03-14,Leicester,Sheffield United,2021,0.6303096738832557,0.23951767607563715,0.13017265004110715,0.04376430205949666,avg_close,0.005162849453506757
2021-03-14,Manchester United,West Ham,2021,0.5353827395412852,0.26620419549413904,0.19841306496457567,0.043476333128992906,avg_close,0.02246223640006728
2021-03-14,Southampton,Brighton,2021,0.2958393920915615,0.3014212674140438,0.4027393404943947,0.04327545134056421,avg_close,-0.03062754153759878
2021-03-15,Wolves,Liverpool,2021,0.16906454801548707,0.24642570366267652,0.5845097483218364,0.04319234933484517,avg_close,-0.027242178068062367
2021-03-19,Fulham,Leeds,2021,0.37228909421978906,0.29081549305314824,0.33689541272706264,0.045169102203251876,avg_close,-0.021658804505646
2021-03-20,Brighton,Newcastle,2021,0.5567776044129682,0.27129107070546893,0.17193132488156287,0.04421468146190355,avg_close,-0.003880034869203297
2021-03-21,Aston Villa,Tottenham,2021,0.31405203072349636,0.280075641434697,0.4058723278418067,0.043995326837051874,avg_close,0.00012659562221661869
2021-03-21,West Ham,Arsenal,2021,0.27440403042869704,0.2759856098547991,0.4496103597165037,0.04420095740486163,avg_close,-0.0670785525154457
2021-04-03,Arsenal,Liverpool,2021,0.3370578440374111,0.26738666957157753,0.3955554863910114,0.04466542549075325,avg_close,0.03876932337209821
2021-04-03,Chelsea,West Brom,2021,0.7477387229453346,0.17183223794794045,0.08042903910672505,0.04481682708990231,avg_close,-0.021729380083820193
2021-04-03,Leeds,Sheffield United,2021,0.615114486381545,0.2301147718837435,0.15477074173471134,0.0421241170835045,avg_close,-0.016482956288414008
2021-04-03,Leicester,Manchester City,2021,0.18254528346271465,0.24700070571630206,0.5704540108209832,0.04344624447717238,avg_close,0.02298435824424333
2021-04-04,Aston Villa,Fulham,2021,0.37889447236180906,0.3005025125628141,0.32060301507537686,0.04318470135561592,avg_close,-0.05296576622225041
2021-04-04,Manchester United,Brighton,2021,0.5771905271835434,0.24504764069684962,0.17776183211960705,0.04369287121487009,avg_close,-0.021340399207240845
2021-04-04,Newcastle,Tottenham,2021,0.1786187196548881,0.25043930144823734,0.5709419788968745,0.04255444027458566,avg_close,0.0009463670925318468
2021-04-04,Southampton,Burnley,2021,0.4775631469470938,0.2848373665767532,0.23759948647615306,0.04177309533070317,avg_close,0.023755862221363166
2021-04-05,Everton,Crystal Palace,2021,0.520393596410727,0.2767411032935658,0.20286530029570715,0.0443600086896887,avg_close,-0.012343558809007393
2021-04-05,Wolves,West Ham,2021,0.33184927267717884,0.3034950626699515,0.3646556646528696,0.04270459433033569,avg_close,-0.0030911819527013606
2021-04-09,Fulham,Wolves,2021,0.363328774026348,0.31041681664387016,0.3262544093297819,0.04254852867890313,avg_close,0.0
2021-04-10,Crystal Palace,Chelsea,2021,0.1308737380032407,0.22871743736756825,0.6404088246291911,0.04100168677825344,avg_close,-0.00831054850702767
2021-04-10,Liverpool,Aston Villa,2021,0.6568558899015823,0.2053553745730857,0.1377887355253319,0.04274243008148915,avg_close,0.0202654377440179
2021-04-10,Manchester City,Leeds,2021,0.695389825497403,0.18313701511191144,0.12147315939068555,0.0420596542969216,avg_close,-0.04614612430791887
2021-04-11,Burnley,Newcastle,2021,0.42275409259337154,0.28732089526555493,0.2899250121410735,0.04204463559140148,avg_close,0.007712169894226351
2021-04-11,Sheffield United,Arsenal,2021,0.17408487763321775,0.2470304690322267,0.5788846533345554,0.040638467584432014,avg_close,0.02571553927546738
2021-04-11,Tottenham,Manchester United,2021,0.32677311548458965,0.27292981804678795,0.40029706646862234,0.04089363017934455,avg_close,-0.003982366452823405
2021-04-11,West Ham,Leicester,2021,0.3016532962373932,0.29698374056808374,0.40136296319452314,0.042472973865849806,avg_close,-0.010760774902468906
2021-04-12,Brighton,Everton,2021,0.44763080779225567,0.27895832949372457,0.2734108627140198,0.03906226062444462,avg_close,0.02785145888594165
2021-04-12,West Brom,Southampton,2021,0.26887826983688945,0.2696335458757571,0.46148818428735344,0.0417801519916523,avg_close,0.0003592599245554329
2021-04-16,Everton,Tottenham,2021,0.2745442768575923,0.27852317942074584,0.4469325437216619,0.04068563724782126,avg_close,0.0
2021-04-17,Newcastle,West Ham,2021,0.28004220534175434,0.28334653814814675,0.43661125651009886,0.0410758947872909,avg_close,0.009483937115516039
2021-04-17,Wolves,Sheffield United,2021,0.5370708045812626,0.27946416866292445,0.18346502675581297,0.040196586952188085,avg_close,-0.021816422994683782
2021-04-18,Arsenal,Fulham,2021,0.5213541097255895,0.26210151964346573,0.21654437063094467,0.04243593889692465,avg_close,-0.027573760745008835
2021-04-18,Manchester United,Burnley,2021,0.7051538663717957,0.18549502094113005,0.10935111268707437,0.04274280084478965,avg_close,0.0
2021-04-19,Leeds,Liverpool,2021,0.1849308323442367,0.21519978023914543,0.5998693874166179,0.041893473997079544,avg_close,-0.019540258888949752
2021-04-20,Chelsea,Brighton,2021,0.5729610960320537,0.25875662401447586,0.16828227995347034,0.038880474364345385,avg_close,-0.03729628086428893
2021-04-21,Aston Villa,Manchester City,2021,0.09807533577925787,0.18147652094002828,0.7204481432807137,0.043627783984946156,avg_close,-0.010760408460476822
2021-04-21,Tottenham,Southampton,2021,0.517286404739632,0.25253352042407234,0.23018007483629566,0.03933604996396589,avg_close,-0.011641695008732467
2021-04-22,Leicester,West Brom,2021,0.5850971956575872,0.24416269742454025,0.17074010691787245,0.04214496683012525,avg_close,-0.016307122809015584
2021-04-23,Arsenal,Everton,2021,0.47354659722641046,0.2707886175689051,0.25566478520468433,0.040258425092004835,avg_close,0.010997988939165482
2021-04-24,Liverpool,Newcastle,2021,0.7891832963525516,0.1342822345258177,0.0765344691216306,0.038633401056386685,avg_close,0.025637006543187013
2021-04-24,Sheffield United,Brighton,2021,0.15239284651074989,0.2428279953239474,0.6047791581653029,0.03993467552358787,avg_close,-0.022184954800259227
2021-04-24,West Ham,Chelsea,2021,0.183120740870173,0.24462694391053644,0.5722523152192907,0.04016721192293704,avg_close,-0.017761668732237917
2021-04-25,Aston Villa,West Brom,2021,0.4616789908655937,0.27594606350587214,0.26237494562853414,0.04134959632415813,avg_close,-0.04767218085310215
2021-04-25,Leeds,Manchester United,2021,0.2207896099007106,0.24563549950590563,0.5335748905933839,0.04119508873014466,avg_close,-0.011235955056179775
2021-04-25,Wolves,Burnley,2021,0.40855476044119177,0.3107131673258255,0.28073207223298263,0.04155417118158633,avg_close,-0.062455696067064026
2021-04-26,Leicester,Crystal Palace,2021,0.6720141660761099,0.2071078141139735,0.1208780198099166,0.04060410420202243,avg_close,0.008365135812022029
2021-04-30,Southampton,Leicester,2021,0.23415896048288778,0.256638220689245,0.5092028188278672,0.03907619820028585,avg_close,-0.012740465744178142
2021-05-01,Brighton,Leeds,2021,0.4633981815702793,0.27539091933319454,0.26121089909652606,0.03748622651061684,avg_close,0.003476630260977387
2021-05-01,Chelsea,Fulham,2021,0.6474290371039481,0.22968315840116252,0.1228878044948895,0.0366247127244006,avg_close,-0.0015492569404466083
2021-05-01,Crystal Palace,Manchester City,2021,0.09884307384043917,0.17729862600476567,0.7238583001547951,0.0387111663806754,avg_close,0.004583662297360236
2021-05-01,Everton,Aston Villa,2021,0.48637421702332234,0.2581825602429432,0.25544322273373427,0.03839900918573402,avg_close,0.011679318670954453
2021-05-02,Newcastle,Arsenal,2021,0.2576132323388468,0.2654196939248725,0.4769670737362808,0.03791127775879177,avg_close,-0.010934774284133975
2021-05-02,Tottenham,Sheffield United,2021,0.7272954554619138,0.1758296705512319,0.0968748739868543,0.041634114287999235,avg_close,-0.03368176538908252
2021-05-03,Burnley,West Ham,2021,0.31889681007626003,0.2712868637831846,0.40981632614055546,0.03834788355325691,avg_close,0.010514977509083534
2021-05-03,West Brom,Wolves,2021,0.3768935568572006,0.3090284790951323,0.31407796404766714,0.040497656726141695,avg_close,0.05268746943557212
2021-05-07,Leicester,Newcastle,2021,0.6884762469029407,0.19511472584293868,0.11640902725412043,0.03748781094318865,avg_close,0.011018023688425194
2021-05-08,Leeds,Tottenham,2021,0.2391326172071077,0.24274671217749222,0.5181206706154,0.03766253518427076,avg_close,-0.034647201064682775
2021-05-08,Liverpool,Southampton,2021,0.7341742767375309,0.1621868975592185,0.10363882570325061,0.039751463396553666,avg_close,-0.01971491236968681
2021-05-08,Manchester City,Chelsea,2021,0.4722141177380404,0.28755725378674696,0.2402286284752126,0.038080099721431004,avg_close,-0.024300868281422694
2021-05-08,Sheffield United,Crystal Palace,2021,0.3251835286494346,0.30173769429540015,0.37307877705516523,0.038914360887095434,avg_close,0.00987471277277846
2021-05-09,Arsenal,West Brom,2021,0.6427209154481882,0.21424030514939604,0.14303877940241577,0.03725684141114405,avg_close,-0.006728116800107542
2021-05-09,Aston Villa,Manchester United,2021,0.21677258228035903,0.24373160901065746,0.5394958087089834,0.04133849371948606,avg_close,-0.005843507504738943
2021-05-09,West Ham,Everton,2021,0.44949286776287706,0.2724970926381181,0.27801003959900494,0.039593179646800536,avg_close,0.019162769009896274
2021-05-09,Wolves,Brighton,2021,0.24258125294394725,0.29109750353273667,0.46632124352331605,0.04099244875943908,avg_close,-0.04830421377183969
2021-05-10,Fulham,Burnley,2021,0.4314587954402522,0.2813313198338486,0.28720988472589914,0.039335616778823246,avg_close,0.00369404606692747
2021-05-11,Manchester United,Leicester,2021,0.2594150462509134,0.2711069919974335,0.4694779617516531,0.039036797869592244,avg_close,-0.11627170368290157
2021-05-11,Southampton,Crystal Palace,2021,0.5109830181320606,0.25413970213975506,0.23487727972818434,0.0409639356733984,avg_close,0.04728806374929323
2021-05-12,Chelsea,Arsenal,2021,0.4930784442979566,0.2827949901120633,0.22412656558998023,0.04003839297956935,avg_close,-0.07667360714242893
2021-05-13,Aston Villa,Everton,2021,0.31680869958091207,0.2900898935921604,0.3931014068269275,0.03831545300428352,avg_close,-0.03648838118004005
2021-05-13,Manchester United,Liverpool,2021,0.34504792332268375,0.25878594249201275,0.3961661341853035,0.03876277711403153,avg_close,0.02948984825172718
2021-05-14,Newcastle,Manchester City,2021,0.11327367132672142,0.1673539831580554,0.7193723455152232,0.03738858098851594,avg_close,0.019433135409796673
2021-05-15,Brighton,West Ham,2021,0.2755333286959578,0.2708764273658853,0.45359024393815695,0.03992120534201571,avg_close,-0.04856469241546796
2021-05-15,Burnley,Leeds,2021,0.27617747682271815,0.2536472089766543,0.4701753142006275,0.037495724075020886,avg_close,-0.02527495769881566
2021-05-15,Southampton,Fulham,2021,0.5143555284056199,0.25717776420280997,0.22846670739156996,0.039668728644556506,avg_close,0.042024549736967176
2021-05-16,Crystal Palace,Aston Villa,2021,0.3095000766753565,0.2733476460665542,0.4171522772580893,0.04226353875722744,avg_close,0.0005170096163787941
2021-05-16,Everton,Sheffield United,2021,0.7059098220308203,0.18824261920821878,0.10584755876096093,0.04162613226106315,avg_close,0.0223073344668806
2021-05-16,Tottenham,Wolves,2021,0.6242945708537123,0.21412330492532672,0.16158212422096083,0.040135025461895735,avg_close,-0.01140790402731695
2021-05-16,West Brom,Liverpool,2021,0.07825782636741575,0.13467370680619792,0.7870684668263863,0.04142417806753085,avg_close,0.0005145275106496205
2021-05-18,Brighton,Manchester City,2021,0.1321905641330631,0.20594495613863478,0.6618644797283022,0.041988493923860615,avg_close,-0.0006122341883232352
2021-05-18,Chelsea,Leicester,2021,0.5663338008728647,0.2526948717805433,0.18097132734659208,0.03867241053072701,avg_close,0.01093018930363221
2021-05-18,Manchester United,Fulham,2021,0.7386839867400614,0.16499814136805496,0.09631787189188364,0.04135297778081792,avg_close,0.004096227204068881
2021-05-18,Southampton,Leeds,2021,0.36266463065470506,0.25291086085130743,0.38442450849398735,0.04051638530288004,avg_close,-0.008139436975497405
2021-05-19,Burnley,Liverpool,2021,0.09703270521983971,0.1524799653454624,0.7504873294346978,0.04099025974025983,avg_close,0.018620538849941026
2021-05-19,Crystal Palace,Arsenal,2021,0.1620560845479669,0.23456528619167827,0.6033786292603548,0.04234851403509432,avg_close,0.006613444344324676
2021-05-19,Everton,Wolves,2021,0.5363848358880295,0.26233028859004726,0.2012848755219231,0.04152686746296297,avg_close,0.03754247889310136
2021-05-19,Newcastle,Sheffield United,2021,0.5195969187539363,0.25633447991860864,0.2240686013274551,0.04030744030744016,avg_close,-0.023535677503583763
2021-05-19,Tottenham,Aston Villa,2021,0.5954408387106854,0.21725544115119602,0.18730372013811855,0.036683933124062484,avg_close,-0.03476197124110014
2021-05-19,West Brom,West Ham,2021,0.1895359889397736,0.2245204354964141,0.5859435755638124,0.04063961615117995,avg_close,-0.0005840764160481293
2021-05-23,Arsenal,Brighton,2021,0.5756023752267528,0.22941669847939788,0.19498092629384936,0.040305636288746394,avg_close,-0.027179015395893735
2021-05-23,Aston Villa,Chelsea,2021,0.1374118795166974,0.19747645365595484,0.6651116668273478,0.04410203441027738,avg_close,0.000944502317772794
2021-05-23,Fulham,Newcastle,2021,0.38773790951638065,0.27953198127925116,0.33273010920436813,0.039944242115892425,avg_close,-0.06810024509735113
2021-05-23,Leeds,West Brom,2021,0.6234996420782766,0.20473122575704603,0.1717691321646773,0.04146114212063545,avg_close,-0.05498279570585973
2021-05-23,Leicester,Tottenham,2021,0.5377573448490729,0.22973404469685932,0.23250861045406782,0.03886859608377513,avg_close,0.045007570358387206
2021-05-23,Liverpool,Crystal Palace,2021,0.8281913957557168,0.11210058565654976,0.05970801858773346,0.04090548384725934,avg_close,0.0
2021-05-23,Manchester City,Everton,2021,0.7419305955447796,0.1575996363085316,0.10046976814668891,0.03679612870789328,avg_close,0.07223973976055975
2021-05-23,Sheffield United,Burnley,2021,0.34321379563784493,0.276944849506042,0.379841354856113,0.04058421217925057,avg_close,0.00010557591662518906
2021-05-23,West Ham,Southampton,2021,0.5400050948220035,0.24966469319043277,0.21033021198756374,0.04035639329323093,avg_close,-0.029702045310466718
2021-05-23,Wolves,Manchester United,2021,0.4102073686329777,0.2953493054157439,0.2944433259512784,0.04179120130040381,avg_close,0.04409518609702884
2021-08-13,Brentford,Arsenal,2122,0.24762548442993654,0.29367778488794305,0.4586967306821206,0.03813793371132368,avg_close,0.01204527122808019
2021-08-14,Burnley,Brighton,2122,0.30162977377766964,0.31038676720992453,0.3879834590124057,0.03928607543735474,avg_close,0.0
2021-08-14,Chelsea,Crystal Palace,2122,0.7230855258896361,0.18601619911667625,0.09089827499368773,0.039821255339135275,avg_close,-0.02912737907053453
2021-08-14,Everton,Southampton,2122,0.4720932446296551,0.2840915100426243,0.24381524532772056,0.038345886130860984,avg_close,-0.019624036745039986
2021-08-14,Leicester,Wolves,2122,0.5519935250026393,0.258190519759299,0.18981595523806177,0.04115830647725982,avg_close,-0.012819235911888271
2021-08-14,Manchester United,Leeds,2122,0.5863093163772444,0.2294862240712842,0.1842044595514714,0.039990463273902765,avg_close,-0.03091531765889355
2021-08-14,Norwich,Liverpool,2122,0.1416511632559163,0.19860369281241877,0.659745143931665,0.03817589738903604,avg_close,0.03990703231012842
2021-08-14,Watford,Aston Villa,2122,0.27550882260029785,0.29137145178031504,0.43311972561938716,0.04001370477015165,avg_close,-0.02551784909245547
2021-08-15,Newcastle,West Ham,2122,0.2861847263603576,0.27473733730594324,0.4390779363336993,0.03995433789954328,avg_close,-0.008703265684826822
2021-08-15,Tottenham,Manchester City,2122,0.16387574082176526,0.2338809116582475,0.6022433475199873,0.03778647381282596,avg_close,-0.016134519445268697
2021-08-21,Aston Villa,Newcastle,2122,0.5232091837388374,0.24811981909264455,0.22867099716851802,0.03873991084385331,avg_close,0.0017633387015543178
2021-08-21,Brighton,Watford,2122,0.5532013344606175,0.2688743916093504,0.17792427393003224,0.03888513616569167,avg_close,-0.004583774762398685
2021-08-21,Crystal Palace,Brentford,2122,0.363319192800222,0.30468223446854054,0.33199857273123734,0.038641772975466004,avg_close,-0.007566380666687689
2021-08-21,Leeds,Everton,2122,0.45172941042743,0.27569731925800167,0.27257327031456824,0.039302638344685725,avg_close,0.0619215837041881
2021-08-21,Liverpool,Burnley,2122,0.7754151713647238,0.14634928652850188,0.07823554210677441,0.04002557943750085,avg_close,-0.044769213707337
2021-08-21,Manchester City,Norwich,2122,0.8607774628211516,0.0975780119797257,0.04164452519912268,0.03726826203238609,avg_close,-0.01801790713834861
2021-08-22,Arsenal,Chelsea,2122,0.2139976977047789,0.2726354849289697,0.5133668173662514,0.03613025934540892,avg_close,0.013073041163297439
2021-08-22,Southampton,Manchester United,2122,0.17900275206146446,0.22542636299329283,0.5955708849452428,0.036457567387696344,avg_close,0.009989145998010318
2021-08-22,Wolves,Tottenham,2122,0.32865530574251756,0.314692825433195,0.3566518688242876,0.03846468431893024,avg_close,0.03901354133563234
2021-08-23,West Ham,Leicester,2122,0.39105124897020194,0.2772294156964544,0.33171933533334375,0.03951608928789274,avg_close,0.013527653806213291
2021-08-28,Aston Villa,Brentford,2122,0.4609929078014185,0.2919621749408984,0.24704491725768324,0.037909458962090525,avg_close,-0.013932279033666506
2021-08-28,Brighton,Everton,2122,0.4162035918498832,0.29765643875332204,0.2861399693967947,0.04011700373929483,avg_close,0.007252346678567223
2021-08-28,Liverpool,Chelsea,2122,0.3962815074591467,0.2900494166041345,0.3136690759367188,0.03846035204476572,avg_close,0.0
2021-08-28,Manchester City,Arsenal,2122,0.718582928606795,0.18375975655211935,0.09765731484108575,0.03852822966905234,avg_close,-0.048185491484460496
2021-08-28,Newcastle,Southampton,2122,0.39332722102220635,0.27110689810570154,0.33556588087209216,0.04197229093033483,avg_close,0.017387579548278298
2021-08-28,Norwich,Leicester,2122,0.22854170049340092,0.26505800525543194,0.5064002942511673,0.03932757434899736,avg_close,0.013433083818654601
2021-08-28,West Ham,Crystal Palace,2122,0.6147171793824061,0.23424902224038294,0.15103379837721093,0.03615564445288322,avg_close,0.0030703517542020053
2021-08-29,Burnley,Leeds,2122,0.2944032366824006,0.2719487525286582,0.4336480107889414,0.03874672371018173,avg_close,-0.009581374557869171
2021-08-29,Tottenham,Watford,2122,0.6568170636413626,0.21697103001186582,0.12621190634677165,0.035710164215498885,avg_close,-0.018096762546115808
2021-08-29,Wolves,Manchester United,2122,0.19714432392349238,0.25931652311230263,0.543539152964205,0.03943156317505592,avg_close,0.011575629166451357
2021-09-11,Arsenal,Norwich,2122,0.678275868264549,0.19696354456761953,0.12476058716783156,0.038258008374265184,avg_close,0.05899851738485817
2021-09-11,Brentford,Brighton,2122,0.3197604790419162,0.3197604790419162,0.3604790419161677,0.038983662448517364,avg_close,-0.0319231119096921
2021-09-11,Chelsea,Aston Villa,2122,0.719257611566801,0.18219379952731823,0.09854858890588072,0.03755406229317071,avg_close,-0.033915151535693355
2021-09-11,Crystal Palace,Tottenham,2122,0.24402316522801268,0.2903287658586296,0.46564806891335764,0.03746116367874741,avg_close,0.025076048118973016
2021-09-11,Leicester,Manchester City,2122,0.17228009774015143,0.23795122410644678,0.5897686781534018,0.04023315452463505,avg_close,0.021238272907361022
2021-09-11,Manchester United,Newcastle,2122,0.8091681390226783,0.12977224871118426,0.06105961226613743,0.03851856484209604,avg_close,-0.007289955380530677
2021-09-11,Southampton,West Ham,2122,0.3144495632060864,0.2725823409095253,0.4129680958843882,0.03926805395730826,avg_close,-0.012976150960484822
2021-09-11,Watford,Wolves,2122,0.2693349042175977,0.30332038109048065,0.42734471469192165,0.04001390251158288,avg_close,-0.019120994175246098
2021-09-12,Leeds,Liverpool,2122,0.1984997449014768,0.22383033879841702,0.5776699163001062,0.03658227356692767,avg_close,-0.008931243933315597
2021-09-13,Everton,Burnley,2122,0.5417041836596576,0.2739299565097132,0.18436585983062911,0.0370932508100319,avg_close,-0.012166272389320665
2021-09-17,Newcastle,Leeds,2122,0.31160234278436694,0.2623572858865651,0.4260403713290681,0.03858203560814788,avg_close,-0.012915191668078474
2021-09-18,Aston Villa,Everton,2122,0.4408922819992842,0.2860551115352499,0.2730526064654658,0.04042555304023199,avg_close,0.05524492872545467
2021-09-18,Burnley,Arsenal,2122,0.2559862749844751,0.2651538275321285,0.47885989748339636,0.03895197828336783,avg_close,0.002489929417489406
2021-09-18,Liverpool,Crystal Palace,2122,0.7581745641361971,0.15631196370989778,0.085513472153905,0.03854918385484396,avg_close,-0.05089744594609724
2021-09-18,Manchester City,Southampton,2122,0.8231526117678135,0.11889982169979528,0.0579475665323912,0.03832611654512985,avg_close,-0.01800591495276027
2021-09-18,Norwich,Watford,2122,0.4191830835932151,0.29215790674678627,0.2886590096599984,0.03721410933074587,avg_close,-0.018268128508862114
2021-09-18,Wolves,Brentford,2122,0.5249089819807364,0.28674132448499934,0.18834969353426428,0.041033981490810056,avg_close,0.004125392441178377
2021-09-19,Brighton,Leicester,2122,0.38211024315106173,0.2990427989877874,0.31884695786115086,0.038510230851146465,avg_close,0.03334180451809682
2021-09-19,Tottenham,Chelsea,2122,0.2291658848934116,0.28225710162824885,0.4885770134783395,0.038964583258016994,avg_close,0.02650460768172533
2021-09-19,West Ham,Manchester United,2122,0.21952709604131468,0.2550473954007847,0.5254255085579006,0.04001057910471939,avg_close,0.005843507504738943
2021-09-25,Brentford,Liverpool,2122,0.12661915910141716,0.19748420287834195,0.6758966380202409,0.04191279035713569,avg_close,-0.00955107386274498
2021-09-25,Chelsea,Manchester City,2122,0.3329446757882213,0.3025817965496728,0.3644735276621059,0.039274048838584985,avg_close,-0.03468713390318495
2021-09-25,Everton,Norwich,2122,0.5697765866785046,0.25609639135283846,0.1741270219686569,0.03850524954131829,avg_close,-0.024262272935421936
2021-09-25,Leeds,West Ham,2122,0.32579185520361986,0.2669683257918552,0.4072398190045249,0.04048964218455753,avg_close,0.010323169088534645
2021-09-25,Leicester,Burnley,2122,0.5710948450397134,0.24855941442142973,0.18034574053885688,0.04227537756307864,avg_close,-0.03261398783718139
2021-09-25,Manchester United,Aston Villa,2122,0.6851242542462751,0.19221922964825353,0.12265651610547126,0.04256375374058319,avg_close,-0.0062854684129795
2021-09-25,Watford,Newcastle,2122,0.4510228427517342,0.27605708478769936,0.2729200724605665,0.04093079900510688,avg_close,0.02832292595896524
2021-09-26,Arsenal,Tottenham,2122,0.4373212182399462,0.2838072802737114,0.2788715014863425,0.039385777746685724,avg_close,0.0002133899726562971
2021-09-26,Southampton,Wolves,2122,0.43524853680652875,0.29148462616437226,0.27326683702909904,0.03960989990401753,avg_close,0.0874649437717459
2021-09-27,Crystal Palace,Brighton,2122,0.3315014297621849,0.3111178467023742,0.357380723535441,0.040199393572063036,avg_close,0.030896419161598854
2021-10-02,Brighton,Arsenal,2122,0.2973070666907645,0.29278872221218144,0.40990421109705405,0.03812525798341393,avg_close,-0.01893594154343109
2021-10-02,Burnley,Norwich,2122,0.4896079797471149,0.2710823842667642,0.23930963598612098,0.042066515942358995,avg_close,-0.015854510408315425
2021-10-02,Chelsea,Southampton,2122,0.6761084187255615,0.20297546608674358,0.12091611518769488,0.04158642698180559,avg_close,-0.015293638589357617
2021-10-02,Leeds,Watford,2122,0.5469925943765429,0.2437232825576494,0.2092841230658077,0.03873767949166962,avg_close,-0.00984152532940652
2021-10-02,Manchester United,Everton,2122,0.6246635140050928,0.22688250272826482,0.14845398326664244,0.03952069360874377,avg_close,-0.03934121117180367
2021-10-02,Wolves,Newcastle,2122,0.5392227359376769,0.25871063880567785,0.2020666252566452,0.04186584757420375,avg_close,-0.03409515848749478
2021-10-03,Crystal Palace,Leicester,2122,0.340614058071124,0.2955481980801753,0.3638377438487006,0.04109011555820086,avg_close,0.03448191173413112
2021-10-03,Liverpool,Manchester City,2122,0.3191400080872199,0.2707311304560124,0.4101288614567677,0.037556619112681044,avg_close,-0.005470667533969409
2021-10-03,Tottenham,Aston Villa,2122,0.45631798342049507,0.2798927165747804,0.2637893000047245,0.03860392644743027,avg_close,0.009264902083659154
2021-10-03,West Ham,Brentford,2122,0.5409624931220258,0.2588476445583887,0.20018986231958547,0.03851516501027197,avg_close,0.004284527402773075
2021-10-16,Aston Villa,Wolves,2122,0.4503870513722731,0.2997888810696693,0.24982406755805772,0.042400234741784004,avg_close,0.03332601729511436
2021-10-16,Brentford,Chelsea,2122,0.17186959342560554,0.2504000865051903,0.5777303200692042,0.04271771383239242,avg_close,0.018824514524500457
2021-10-16,Leicester,Manchester United,2122,0.26274303730951126,0.256437204414083,0.48081975827640566,0.03989071038251368,avg_close,-0.009040736977026564
2021-10-16,Manchester City,Burnley,2122,0.8424959881471791,0.10719256992051161,0.05031144193230928,0.041183572144084746,avg_close,0.0
2021-10-16,Norwich,Brighton,2122,0.23807182356790896,0.2749081515698204,0.48702002486227064,0.042286122303744955,avg_close,-0.021977852016827615
2021-10-16,Southampton,Leeds,2122,0.44443288086707,0.2681494476739864,0.28741767145894354,0.04169376950630088,avg_close,0.037938271522157396
2021-10-16,Watford,Liverpool,2122,0.11174500749951287,0.1755701668924828,0.7126848256080043,0.039366511148601235,avg_close,-0.006508463064482203
2021-10-17,Everton,West Ham,2122,0.33822358018380033,0.29374769655106814,0.36802872326513136,0.04106483606196232,avg_close,-0.041733388533472915
2021-10-17,Newcastle,Tottenham,2122,0.26983588206618886,0.2660985429793995,0.46406557495441175,0.04099897409341535,avg_close,0.0
2021-10-18,Arsenal,Crystal Palace,2122,0.595376862794326,0.23963918727471623,0.16498394993095783,0.04323505200927924,avg_close,0.012018412522190935
2021-10-22,Arsenal,Aston Villa,2122,0.48647976627090206,0.26462360912538074,0.24889662460371728,0.038173712592317166,avg_close,-0.008536704443535048
2021-10-23,Brighton,Manchester City,2122,0.11878975237339294,0.19880103186456255,0.6824092157620445,0.03928821852741904,avg_close,-0.008443024893826909
2021-10-23,Chelsea,Norwich,2122,0.7865541983933024,0.14740339816280015,0.06604240344389738,0.04210508674658242,avg_close,-0.023359493853065127
2021-10-23,Crystal Palace,Newcastle,2122,0.5025075830113762,0.2711269727547256,0.2263654442338982,0.04189514173407205,avg_close,0.01236860817955876
2021-10-23,Everton,Watford,2122,0.5363915234415659,0.26523227264099536,0.19837620391743865,0.041513882047680806,avg_close,-0.03741170883369216
2021-10-23,Leeds,Wolves,2122,0.3933954593783226,0.28231909437738445,0.32428544624429295,0.041791550470431815,avg_close,0.008708791194122323
2021-10-23,Southampton,Burnley,2122,0.48760636842524513,0.2660899018830285,0.24630372969172643,0.0410327798575334,avg_close,0.013195407612883292
2021-10-24,Brentford,Leicester,2122,0.34568958742632616,0.2818231827111984,0.3724872298624754,0.04056426140544289,avg_close,-0.01289839426191125
2021-10-24,Manchester United,Liverpool,2122,0.3235065169125288,0.2676363106490837,0.4088571724383875,0.04078378362737989,avg_close,0.020321136981239385
2021-10-24,West Ham,Tottenham,2122,0.41912639597210166,0.27422841336460363,0.30664519066329476,0.04188432631308303,avg_close,0.019191939082634335
2021-10-30,Burnley,Brentford,2122,0.36300777873811585,0.30423509075194466,0.3327571305099395,0.04347041847041844,avg_close,-0.0015062241617134209
2021-10-30,Leicester,Arsenal,2122,0.3832607757775425,0.27454210299250886,0.3421971212299486,0.04367580843225549,avg_close,-0.00816886067867273
2021-10-30,Liverpool,Brighton,2122,0.7495904538957925,0.15832933679647102,0.0920802093077365,0.04223579147742029,avg_close,-0.023865133445928444
2021-10-30,Manchester City,Crystal Palace,2122,0.8408184615203778,0.11094132478393871,0.04824021369568347,0.04326084951796827,avg_close,0.013427830190036127
2021-10-30,Newcastle,Chelsea,2122,0.12237929795135977,0.21133341320234814,0.6662872888462921,0.04225978203322445,avg_close,0.01525228340870799
2021-10-30,Tottenham,Manchester United,2122,0.3074993538971404,0.267988263731586,0.42451238237127353,0.04232030555756272,avg_close,-0.016636040324649493
2021-10-30,Watford,Southampton,2122,0.2968982715559052,0.27877366776906215,0.42432806067503265,0.0427730737446137,avg_close,-0.009987392088666724
2021-10-31,Aston Villa,West Ham,2122,0.32372219021967585,0.2753499089224829,0.4009279008578412,0.04360420151792255,avg_close,-0.012173310826097794
2021-10-31,Norwich,Leeds,2122,0.2667130944218488,0.2616120243099555,0.4716748812681958,0.04438641318769676,avg_close,-0.01578217172117885
2021-11-01,Wolves,Everton,2122,0.4281118647668472,0.3025143776270466,0.26937375760610616,0.04278486108227719,avg_close,0.008938289112831233
2021-11-05,Southampton,Aston Villa,2122,0.4662905175888077,0.26388968852553396,0.2698197938856584,0.04106104433365254,avg_close,-0.011360251882738426
2021-11-06,Brentford,Norwich,2122,0.5849107877903027,0.2416256151073291,0.17346359710236825,0.042477092728165244,avg_close,-0.004457072817427354
2021-11-06,Brighton,Newcastle,2122,0.6034099295748221,0.23230551768134797,0.16428455274382997,0.0422944449277185,avg_close,0.01667803511949728
2021-11-06,Chelsea,Burnley,2122,0.7547969611580165,0.16906386960682207,0.07613916923516133,0.04319653539027324,avg_close,-0.021425213244677166
2021-11-06,Crystal Palace,Wolves,2122,0.40999582347208696,0.3094807183628011,0.2805234581651121,0.04232873333043097,avg_close,0.02624256386047663
2021-11-06,Manchester United,Manchester City,2122,0.2065054737339529,0.2319445538316138,0.5615499724344333,0.04139497879809384,avg_close,-0.0004334709362550371
2021-11-07,Arsenal,Watford,2122,0.663135291025864,0.20200549831670225,0.13485921065743375,0.03999166044519087,avg_close,-0.035543640679920996
2021-11-07,Everton,Tottenham,2122,0.2830025884383089,0.29249352890422775,0.42450388265746336,0.04234117562414563,avg_close,-0.026912248190452293
2021-11-07,Leeds,Leicester,2122,0.36330390920554856,0.2788146279949559,0.35788146279949556,0.04261988156469232,avg_close,0.025795004037243274
2021-11-07,West Ham,Liverpool,2122,0.21601717863466632,0.22833169713165444,0.5556511242336793,0.04028347441592173,avg_close,0.02528183826490965
2021-11-20,Aston Villa,Brighton,2122,0.38752689523031747,0.29211753804595353,0.32035556672372906,0.040510507566101195,avg_close,0.0
2021-11-20,Burnley,Crystal Palace,2122,0.33787673350936037,0.3028140536168796,0.3593092128737601,0.03847693014569642,avg_close,-0.011940085846082582
2021-11-20,Leicester,Chelsea,2122,0.1955713699520476,0.25882895592036487,0.5455996741275875,0.041389584937600254,avg_close,-0.011173740288726058
2021-11-20,Liverpool,Arsenal,2122,0.6330203549511,0.2047214764948238,0.1622581685540762,0.039294758369858185,avg_close,-0.02005209584867207
2021-11-20,Newcastle,Brentford,2122,0.38746496735505487,0.2834551973570903,0.3290798352878548,0.04067681061373363,avg_close,0.02987990901424753
2021-11-20,Norwich,Southampton,2122,0.2717175285960341,0.27880581195071324,0.4494766594532526,0.0396306677961511,avg_close,0.0055129422709784826
2021-11-20,Watford,Manchester United,2122,0.14993379546693666,0.20834955993457432,0.6417166445984889,0.038880122992272614,avg_close,-0.0016018578210162393
2021-11-20,Wolves,West Ham,2122,0.30645242826422564,0.2942693042047916,0.3992782675309828,0.03921949446923412,avg_close,-0.008578250011910316
2021-11-21,Manchester City,Everton,2122,0.7981549161440618,0.13583227124251965,0.06601281261341863,0.03544595701339692,avg_close,-0.040846573693289034
2021-11-21,Tottenham,Leeds,2122,0.5961148678947463,0.23639037864791668,0.1674947534573371,0.041943500949599866,avg_close,0.04353667645363368
2021-11-27,Arsenal,Newcastle,2122,0.6360183587426396,0.2115391457492039,0.15244249550815644,0.04124613153991463,avg_close,-0.031167713982984235
2021-11-27,Brighton,Leeds,2122,0.4385435029136679,0.2901541605380461,0.27130233654828606,0.04122168389780234,avg_close,-0.027347472540674544
2021-11-27,Crystal Palace,Aston Villa,2122,0.4137255204555626,0.2971650797080202,0.28910939983641726,0.04183682525554344,avg_close,-0.009126466753585305
2021-11-27,Liverpool,Southampton,2122,0.7677325278616811,0.14764087074263096,0.08462660139568794,0.042029575362908744,avg_close,0.018742073371224577
2021-11-27,Norwich,Wolves,2122,0.2691613713030517,0.29206872205224754,0.4387699066447007,0.04068441716529225,avg_close,0.0
2021-11-28,Brentford,Everton,2122,0.42732502070593037,0.29952688367238106,0.27314809562168846,0.04006183328613244,avg_close,0.016548554305069407
2021-11-28,Chelsea,Manchester United,2122,0.6166163120617557,0.22848490423190954,0.15489878370633478,0.039585928050246855,avg_close,0.013557044528364148
2021-11-28,Leicester,Watford,2122,0.5652173913043478,0.2463768115942029,0.18840579710144928,0.040723981900452566,avg_close,-0.017971389154137207
2021-11-28,Manchester City,West Ham,2122,0.7560588334558369,0.15462072761496184,0.0893204389292012,0.04145542643030753,avg_close,0.016040089524021806
2021-11-30,Leeds,Crystal Palace,2122,0.4263856867938189,0.28723586685212354,0.28637844635405746,0.042353104735802116,avg_close,0.03461249691835305
2021-11-30,Newcastle,Norwich,2122,0.45582253869472117,0.2740129791013851,0.2701644822038938,0.03973281059387879,avg_close,-0.010997988939165482
2021-12-01,Aston Villa,Manchester City,2122,0.1306090289193895,0.20733830724784294,0.6620526638327675,0.04169231556479014,avg_close,0.028860661861403306
2021-12-01,Everton,Liverpool,2122,0.11317240268490625,0.18548913104147763,0.7013384662736161,0.040762830502584446,avg_close,-0.008000804078792417
2021-12-01,Southampton,Leicester,2122,0.408028271808858,0.27830830100257364,0.3136634271885684,0.03847905362258586,avg_close,0.022646733405780217
2021-12-01,Watford,Chelsea,2122,0.0981519916592476,0.18009877644042052,0.7217492319003319,0.041746448788668955,avg_close,0.011106137404596872
2021-12-01,West Ham,Brighton,2122,0.4872881355932203,0.2796610169491525,0.23305084745762714,0.03645147123407999,avg_close,-0.0014651172265117696
2021-12-01,Wolves,Burnley,2122,0.49588987953902447,0.28546776448240574,0.21864235597856985,0.03947254984301085,avg_close,-0.01407918445547024
2021-12-02,Manchester United,Arsenal,2122,0.4643297363925351,0.2626127197629911,0.2730575438444738,0.0404067402463697,avg_close,-0.03926769646850792
2021-12-02,Tottenham,Brentford,2122,0.5792329370606719,0.24466327621392245,0.17610378672540572,0.04001274791305143,avg_close,-0.00689844963251518
2021-12-04,Newcastle,Burnley,2122,0.40736911943960136,0.2794741633364707,0.31315671722392807,0.040159387000727964,avg_close,-0.004645520310229856
2021-12-04,Southampton,Brighton,2122,0.37413627202135114,0.3042817149034406,0.3215820130752082,0.04000891510340754,avg_close,-0.02290549019148541
2021-12-04,Watford,Manchester City,2122,0.07088780978864029,0.13528589051212336,0.7938262996992363,0.04109208942165088,avg_close,0.0
2021-12-04,West Ham,Chelsea,2122,0.19926037662400856,0.26495061067587944,0.5357890127001119,0.0368924005287643,avg_close,0.0021049839055025943
2021-12-04,Wolves,Liverpool,2122,0.11400441783865736,0.1921269671145501,0.6938686150467924,0.03683095737532227,avg_close,-0.007337091070955218
2021-12-05,Aston Villa,Leicester,2122,0.4255276366657688,0.2803768101646173,0.2940955531696139,0.03983346316408465,avg_close,0.030122027484245473
2021-12-05,Leeds,Brentford,2122,0.5235339796097291,0.27366548934144935,0.2028005310488214,0.03809548574994803,avg_close,0.03160303461615854
2021-12-05,Manchester United,Crystal Palace,2122,0.6338873785719978,0.21603336668821452,0.15007925473978764,0.03787322335426602,avg_close,0.0
2021-12-05,Tottenham,Norwich,2122,0.6581909340070254,0.21402199635863187,0.1277870696343427,0.040627379474060366,avg_close,-0.04289331073588176
2021-12-06,Everton,Arsenal,2122,0.27774197610423473,0.2801641445004926,0.44209387939527267,0.03759770878922564,avg_close,-0.014290689025131809
2021-12-10,Brentford,Watford,2122,0.3822368421052631,0.2901315789473684,0.3276315789473684,0.038166270524274015,avg_close,-0.0378811935395566
2021-12-11,Arsenal,Southampton,2122,0.5512449334105386,0.24609148812970474,0.20266357845975683,0.036614645858343176,avg_close,-0.05096925066611646
2021-12-11,Chelsea,Leeds,2122,0.7779903029224678,0.14616787509452425,0.07584182198300786,0.036583116619635314,avg_close,0.02644987076475891
2021-12-11,Liverpool,Aston Villa,2122,0.7754772158471972,0.1433072649255625,0.08121551922724024,0.03994236893496561,avg_close,-0.015725149257925453
2021-12-11,Manchester City,Wolves,2122,0.8245598513668937,0.12368397770503406,0.051756170928072186,0.03655405157551095,avg_close,0.0
2021-12-11,Norwich,Manchester United,2122,0.13094481008125652,0.19601718006053673,0.6730380098582067,0.03902110884944765,avg_close,-0.0006122341883232352
2021-12-12,Burnley,West Ham,2122,0.2795945268551696,0.2771772831071422,0.4432281900376882,0.0397116055465081,avg_close,0.0153566941225744
2021-12-12,Crystal Palace,Everton,2122,0.4278346437411231,0.30176424715282985,0.270401109106047,0.038822944673390314,avg_close,0.0372573223112575
2021-12-12,Leicester,Newcastle,2122,0.5528175081854213,0.2398759262450457,0.20730656556953303,0.03960644366096244,avg_close,-0.009125513312148947
2021-12-14,Manchester City,Leeds,2122,0.8386493595819546,0.10633371152362157,0.05501692889442371,0.03686386623458526,avg_close,0.0
2021-12-14,Norwich,Aston Villa,2122,0.2594594594594594,0.2864864864864865,0.454054054054054,0.03885893980233601,avg_close,-0.017904509283819592
2021-12-15,Arsenal,West Ham,2122,0.4616865738661877,0.26878132016165246,0.2695321059721598,0.036350040493504876,avg_close,0.02317226513382431
2021-12-15,Brighton,Wolves,2122,0.46620550662873816,0.3034733958243672,0.23032109754689448,0.03622068073151863,avg_close,0.056380188345535986
2021-12-15,Crystal Palace,Southampton,2122,0.46140787239922626,0.2827983734059773,0.2557937541947965,0.03697602087626084,avg_close,0.04384938294864221
2021-12-16,Chelsea,Everton,2122,0.8015608162988795,0.1387537321490192,0.059685451552101185,0.031046258982271535,avg_close,0.023776683015155453
2021-12-16,Liverpool,Newcastle,2122,0.8718197083952349,0.0891907720109411,0.03898951959382397,0.03335688815660731,avg_close,0.009891952723498632
2021-12-18,Leeds,Arsenal,2122,0.16590348714336034,0.22120464952448043,0.6128918633321591,0.03924152573394846,avg_close,-0.060559295020383846
2021-12-19,Newcastle,Manchester City,2122,0.04600463816017636,0.10189175414735357,0.8521036076924702,0.03855416668036904,avg_close,-0.02778650736273859
2021-12-19,Tottenham,Liverpool,2122,0.1996826521215556,0.2308082453779132,0.5695091025005313,0.03899300947662887,avg_close,0.018588789048633175
2021-12-19,Wolves,Chelsea,2122,0.17870842309915402,0.2821711943670853,0.5391203825337607,0.03624206388099349,avg_close,0.035595902568379606
2021-12-26,Aston Villa,Chelsea,2122,0.18538774926738616,0.2552154956757916,0.5593967550568223,0.03932556558743805,avg_close,0.0
2021-12-26,Brighton,Brentford,2122,0.49374526475292535,0.2823469989056317,0.22390773634144287,0.03863378432020603,avg_close,0.0033805712555921574
2021-12-26,Manchester City,Leicester,2122,0.8525892503759994,0.09624633895353439,0.05116441067046624,0.037962596669048,avg_close,0.04776501742161199
2021-12-26,Norwich,Arsenal,2122,0.15022413610532628,0.21527655218665062,0.634499311708023,0.036872262431780545,avg_close,0.02847204896018317
2021-12-26,Tottenham,Crystal Palace,2122,0.5584426847989177,0.25210535901683423,0.18945195618424818,0.04110119921537936,avg_close,0.00843765970064414
2021-12-26,West Ham,Southampton,2122,0.49117759877253553,0.2644802454929037,0.2443421557345608,0.038736462956912465,avg_close,-0.03073089700996684
2021-12-27,Newcastle,Manchester United,2122,0.15126807707162168,0.2053383684504141,0.6433935544779641,0.03617243602570097,avg_close,0.0006602117939176755
2021-12-28,Crystal Palace,Norwich,2122,0.5525126502714163,0.2677916466496558,0.17969570307892793,0.04018006356205439,avg_close,-0.024974423782872845
2021-12-28,Leicester,Liverpool,2122,0.110822832238717,0.1565621088396883,0.7326150589215948,0.04196435676549415,avg_close,-0.013151533834049295
2021-12-28,Southampton,Tottenham,2122,0.26051174730530685,0.28266670528728305,0.45682154740741016,0.037459051524179054,avg_close,0.0
2021-12-28,Watford,West Ham,2122,0.27321738382346616,0.25992572731313535,0.4668568888633985,0.03979807256506285,avg_close,-0.0178911908795798
2021-12-29,Brentford,Manchester City,2122,0.06065788602488779,0.11605388314159253,0.8232882308335198,0.03815507460313383,avg_close,0.005452072221235414
2021-12-29,Chelsea,Brighton,2122,0.7152869301735499,0.19159471343934373,0.09311835638710632,0.03558545458256157,avg_close,0.043581766992668136
2021-12-30,Manchester United,Burnley,2122,0.7012552196907231,0.19176040937650513,0.10698437093277179,0.04088638031270864,avg_close,-0.009204545356101157
2022-01-01,Arsenal,Manchester City,2122,0.18504854942006316,0.2306466369565859,0.584304813623351,0.03723363547588221,avg_close,0.015333776126868509
2022-01-01,Crystal Palace,West Ham,2122,0.27884343774834186,0.28976200609390945,0.43139455615774863,0.03949038501441926,avg_close,-0.02756619606364602
2022-01-01,Watford,Tottenham,2122,0.16998341625207294,0.23507462686567165,0.5949419568822554,0.037553232675183956,avg_close,-0.016776379395865404
2022-01-02,Brentford,Aston Villa,2122,0.3351246034983229,0.2977732545016058,0.36710214200007124,0.039708968281920276,avg_close,0.021339283684661647
2022-01-02,Chelsea,Liverpool,2122,0.3690637720488467,0.276797829036635,0.3541383989145183,0.03814514311471706,avg_close,0.07233728156702512
2022-01-02,Everton,Brighton,2122,0.33458516774713476,0.3098409270455782,0.35557390520728716,0.03776932061925109,avg_close,-0.02807925077906065
2022-01-02,Leeds,Burnley,2122,0.46956871941635814,0.26813812668622117,0.26229315389742075,0.03883597411490425,avg_close,0.009622937941869636
2022-01-03,Manchester United,Wolves,2122,0.5702769215675053,0.2570047993197557,0.17271827911273904,0.037594112532077784,avg_close,-0.04270233239332277
2022-01-11,Southampton,Brentford,2122,0.4406733519546822,0.29023199615142214,0.26909465189389564,0.04094244477358,avg_close,-0.011789789837848175
2022-01-12,West Ham,Norwich,2122,0.6861171321528244,0.19366209375281335,0.12022077409436223,0.04105506306846696,avg_close,-0.04141984638889362
2022-01-14,Brighton,Crystal Palace,2122,0.47158849970316347,0.2854719701467221,0.24293953015011452,0.039457236001135376,avg_close,0.0
2022-01-15,Aston Villa,Manchester United,2122,0.376263481350879,0.2759984275811605,0.3477380910679604,0.038168781614308145,avg_close,0.049604808505166686
2022-01-15,Manchester City,Chelsea,2122,0.5897469863558087,0.2288779970857067,0.1813750165584846,0.0402714158935944,avg_close,0.019332247160956162
2022-01-15,Newcastle,Watford,2122,0.5225601845178032,0.2564028638700687,0.22103695161212825,0.040029985007496105,avg_close,0.055587534198336896
2022-01-15,Norwich,Everton,2122,0.2813879269369186,0.2889930060433218,0.4296190670197596,0.039126532547585136,avg_close,0.017718295101468495
2022-01-15,Wolves,Southampton,2122,0.397775876817793,0.3105218135158255,0.2917023096663815,0.03883408868746119,avg_close,-0.024157521714258168
2022-01-16,Liverpool,Brentford,2122,0.7547388625835991,0.15759636934861448,0.08766476806778646,0.03512623866438891,avg_close,0.04370960442311833
2022-01-16,West Ham,Leeds,2122,0.5733082706766919,0.2293233082706767,0.1973684210526316,0.0382513661202184,avg_close,0.0
2022-01-18,Brighton,Chelsea,2122,0.17076544602874524,0.2545628134433815,0.5746717405278733,0.04199032765999955,avg_close,-0.0209697897504659
2022-01-19,Brentford,Manchester United,2122,0.20950708070348406,0.25920148259541553,0.5312914367011005,0.03989289056832179,avg_close,-0.005384290728548735
2022-01-19,Leicester,Tottenham,2122,0.29800750794109154,0.2798151891423621,0.4221773029165463,0.038891688866489194,avg_close,-0.009886249837554317
2022-01-21,Watford,Norwich,2122,0.4718699463784152,0.27347008256021793,0.25465997106136695,0.03883725207254618,avg_close,0.0
2022-01-22,Brentford,Wolves,2122,0.3877672768375773,0.31633646268328675,0.2958962604791359,0.039865482564973354,avg_close,0.10458606692417693
2022-01-22,Everton,Aston Villa,2122,0.3501314825192914,0.2823640988058801,0.3675044186748287,0.03857088491414995,avg_close,0.008694876907665627
2022-01-22,Leeds,Newcastle,2122,0.5077459948183788,0.2486385026172474,0.2436155025643737,0.03657300076182346,avg_close,0.026430087704597538
2022-01-22,Manchester United,West Ham,2122,0.4594107382356758,0.2665089917941766,0.2740802699701475,0.03652447920403734,avg_close,-0.04899064152970417
2022-01-22,Southampton,Manchester City,2122,0.0886415789455357,0.16305858018866282,0.7482998408658015,0.035940081923168554,avg_close,-0.00893062556208564
2022-01-23,Arsenal,Burnley,2122,0.7375453330788319,0.17560603168543615,0.08684863523573202,0.04296066252587982,avg_close,0.03951295837543678
2022-01-23,Chelsea,Tottenham,2122,0.5534245616491092,0.25475098869562174,0.19182444965526896,0.03846609547942159,avg_close,-0.028774803735492682
2022-01-23,Crystal Palace,Liverpool,2122,0.16088985899847016,0.23017257339972527,0.6089375676018047,0.03936992243338722,avg_close,0.0070313395454948135
2022-01-23,Leicester,Brighton,2122,0.37036399486714033,0.2807423867797565,0.3488936183531033,0.03847941469946781,avg_close,0.00045528093654106927
2022-02-05,Burnley,Watford,2122,0.4389703661442427,0.29398932778467624,0.2670403060710809,0.04020917989750483,avg_close,0.008974225670370595
2022-02-08,Burnley,Manchester United,2122,0.1549826965181157,0.2280669538809238,0.6169503496009605,0.039023061483395294,avg_close,-0.0139355322875514
2022-02-08,Newcastle,Everton,2122,0.38110868834650224,0.28868412620259,0.3302071854509077,0.0371238680254955,avg_close,-0.0014464189349026602
2022-02-08,West Ham,Watford,2122,0.625947208891134,0.2257514523869664,0.14830133872189946,0.037388840667529344,avg_close,0.007283956682723636
2022-02-09,Aston Villa,Leeds,2122,0.497683470484451,0.25475090573610415,0.24756562377944485,0.03572641668009302,avg_close,-0.039032147843804044
2022-02-09,Manchester City,Brentford,2122,0.881266144064779,0.0871669779519609,0.031566877983260244,0.041037601227890796,avg_close,0.01901499261472317
2022-02-09,Norwich,Crystal Palace,2122,0.2713905992395949,0.29462893801240425,0.4339804627480008,0.03795098884903769,avg_close,-0.004336779856910111
2022-02-09,Tottenham,Southampton,2122,0.6054239150066927,0.2297432040240194,0.16483288096928791,0.03882717880926512,avg_close,-0.00631740090068833
2022-02-10,Liverpool,Leicester,2122,0.7949643377444509,0.13087168009126335,0.0741639821642857,0.03960170507347316,avg_close,0.03494223003528607
2022-02-10,Wolves,Arsenal,2122,0.26160618996798296,0.3035618996798293,0.4348319103521878,0.03591856928258208,avg_close,-0.033369403323288194
2022-02-12,Brentford,Crystal Palace,2122,0.32889132359187495,0.31287388900136154,0.35823478740676346,0.03771946489888056,avg_close,-0.05848790602603049
2022-02-12,Everton,Leeds,2122,0.38268943213826195,0.27165559689814656,0.34565497096359143,0.03693847673856765,avg_close,-0.046039172433422815
2022-02-12,Manchester United,Southampton,2122,0.6185319580559444,0.2139489699705706,0.16751907197348495,0.03636624215892503,avg_close,0.026101201874567326
2022-02-12,Norwich,Manchester City,2122,0.05834749687079423,0.13214227343440504,0.8095102296948007,0.03807969761000152,avg_close,0.0003791947128077844
2022-02-12,Watford,Brighton,2122,0.2520159830903537,0.2917275925470155,0.45625642436263086,0.038744057031444346,avg_close,-0.028865908535200324
2022-02-13,Burnley,Liverpool,2122,0.0749331171244458,0.14222903324211647,0.7828378496334377,0.038539629199061176,avg_close,-0.015463103229808095
2022-02-13,Leicester,West Ham,2122,0.33457695076358623,0.27530903377117955,0.39011401546523417,0.037794807531649655,avg_close,0.002978176670809851
2022-02-13,Newcastle,Aston Villa,2122,0.3461058186930127,0.2838271905506122,0.37006699075637506,0.03931286556867519,avg_close,-0.007600979342757719
2022-02-13,Tottenham,Wolves,2122,0.5674738589120706,0.2593294516533656,0.17319668943456373,0.03658571206324668,avg_close,0.01185151849316779
2022-02-15,Manchester United,Brighton,2122,0.5238817763143397,0.26702007435412334,0.20909814933153692,0.03740631081518497,avg_close,-0.00999805514628005
2022-02-19,Arsenal,Brentford,2122,0.6247195302429942,0.24294648398338664,0.13233398577361916,0.039427483719093104,avg_close,-0.026739152915454034
2022-02-19,Aston Villa,Watford,2122,0.5834471419668784,0.24371842639122765,0.17283443164189397,0.038758376667155536,avg_close,0.01954486384629628
2022-02-19,Brighton,Burnley,2122,0.5912166817406294,0.25360083979926995,0.15518247846010075,0.03768542306538403,avg_close,0.0058053178803790795
2022-02-19,Crystal Palace,Chelsea,2122,0.17146346571791501,0.2583444175160006,0.5701921167660843,0.037748434137167663,avg_close,-0.0005755847417717452
2022-02-19,Liverpool,Norwich,2122,0.8543905907972921,0.10292765113016418,0.04268175807254376,0.035774225213054844,avg_close,-0.009911930330722796
2022-02-19,Manchester City,Tottenham,2122,0.7546045188898179,0.15782578172858938,0.08756969938159266,0.03531052417945113,avg_close,-0.0051199370862131666
2022-02-19,Southampton,Everton,2122,0.46353292296213394,0.2715911210595039,0.2648759559783623,0.037184646339575744,avg_close,0.019138755980861177
2022-02-19,West Ham,Newcastle,2122,0.582902854444018,0.23865749623638452,0.17843964931959735,0.03972832083431177,avg_close,0.02900579749865062
2022-02-20,Leeds,Manchester United,2122,0.20202970170053777,0.23109872352795327,0.566871574771509,0.03768705346488632,avg_close,-0.04156713050956162
2022-02-20,Wolves,Leicester,2122,0.4349950471356862,0.2989749240375305,0.26603002882678334,0.03553006733417652,avg_close,0.013837658899483407
2022-02-23,Burnley,Tottenham,2122,0.2076729956948435,0.26750122714155744,0.524825777163599,0.03554033455973293,avg_close,0.0057084794462826105
2022-02-23,Liverpool,Leeds,2122,0.818557463672391,0.11722060766182298,0.064221928665786,0.035306212121742675,avg_close,-0.01689123966639894
2022-02-23,Watford,Crystal Palace,2122,0.32499999999999996,0.30937499999999996,0.365625,0.0360010360010361,avg_close,0.025862429638342177
2022-02-24,Arsenal,Wolves,2122,0.5770545776877296,0.25905407116626566,0.1638913511460048,0.03768762672154047,avg_close,0.002333037717605846
2022-02-25,Southampton,Norwich,2122,0.6390567681831385,0.21539636606172743,0.1455468657551341,0.03629550393769332,avg_close,0.03211040712058655
2022-02-26,Brentford,Newcastle,2122,0.404954156714693,0.30990060867555286,0.2851452346097543,0.03756946375269976,avg_close,0.03970886880493596
2022-02-26,Brighton,Aston Villa,2122,0.4318204844368562,0.2953864049982176,0.27279311056492617,0.03846507851138137,avg_close,0.005873794255537024
2022-02-26,Crystal Palace,Burnley,2122,0.5046189712953519,0.2894361066588956,0.20594492204575263,0.037535723399597654,avg_close,0.0011990424489073392
2022-02-26,Everton,Manchester City,2122,0.07686443538343958,0.15203154884989467,0.7711040157666658,0.037473523211527526,avg_close,-0.015407004075559325
2022-02-26,Leeds,Tottenham,2122,0.25823754261984305,0.25281523201365214,0.4889472253665048,0.0381779195443277,avg_close,0.026842409792809607
2022-02-26,Manchester United,Watford,2122,0.6966925606750035,0.19228714674630096,0.11102029257869568,0.040111122267965316,avg_close,-0.04014960202026652
2022-02-27,West Ham,Wolves,2122,0.49769574627185253,0.2882178351544459,0.21408641857370153,0.035700870234513404,avg_close,0.027078556725284586
2022-03-01,Burnley,Leicester,2122,0.3309924192109534,0.2927622917640956,0.37624528902495097,0.038218979465003855,avg_close,0.0009596386786849265
2022-03-05,Aston Villa,Southampton,2122,0.4287819640225449,0.2725309093363633,0.2986871266410917,0.036527843370473434,avg_close,0.023960650401130823
2022-03-05,Burnley,Chelsea,2122,0.13032514037860193,0.23605460475437945,0.6336202548670187,0.038310773351431626,avg_close,-0.01313916791059705
2022-03-05,Leicester,Leeds,2122,0.4729183850432502,0.2545523761182666,0.2725292388384832,0.036534196881650605,avg_close,-0.07179337516416173
2022-03-05,Liverpool,West Ham,2122,0.7686364409959666,0.14519968750448545,0.08616387149954786,0.03254380266230217,avg_close,0.04699622848573515
2022-03-05,Newcastle,Brighton,2122,0.3614983479957008,0.3091915130767087,0.3293101389275904,0.039949011408846324,avg_close,0.007886819810227874
2022-03-05,Norwich,Brentford,2122,0.3082338536883991,0.3024181205999388,0.3893480257116621,0.03983652891299361,avg_close,-0.019253803008637604
2022-03-05,Wolves,Crystal Palace,2122,0.4046359119615457,0.31783282853745176,0.27753125950100255,0.03838550856756662,avg_close,0.0
2022-03-06,Manchester City,Manchester United,2122,0.6823460837632,0.19263050476018767,0.12502341147661214,0.032064767234846414,avg_close,-0.013270822303340868
2022-03-06,Watford,Arsenal,2122,0.14536542995408858,0.22692021342598337,0.627714356619928,0.03446837323783214,avg_close,-0.012857678261703254
2022-03-07,Tottenham,Everton,2122,0.5586227503620107,0.24653504033833634,0.19484220929965293,0.034749626123057986,avg_close,-0.03911311737325951
2022-03-10,Leeds,Aston Villa,2122,0.3384523150710201,0.2694382955174322,0.39210938941154766,0.03671086696165404,avg_close,-0.013622751120217935
2022-03-10,Norwich,Chelsea,2122,0.09932672377342201,0.1944310564552613,0.7062422197713167,0.041135883783822935,avg_close,0.02571700634931598
2022-03-10,Southampton,Newcastle,2122,0.4917181975040584,0.27148384988956464,0.23679795260637698,0.03759446817796919,avg_close,0.024193396552048663
2022-03-10,Wolves,Watford,2122,0.49917100545907034,0.2808746473865905,0.2199543471543392,0.03799040681338495,avg_close,-0.0361188486536676
2022-03-12,Brentford,Burnley,2122,0.45625642436263086,0.2917275925470155,0.2520159830903537,0.038744057031444346,avg_close,0.02007401044236201
2022-03-12,Brighton,Liverpool,2122,0.14164081578773677,0.2075770576199591,0.650782126592304,0.03825174058439784,avg_close,-0.021156666801172258
2022-03-12,Manchester United,Tottenham,2122,0.41358836786290365,0.27454726413691327,0.311864368000183,0.037709429725763854,avg_close,-0.008116961828914915
2022-03-13,Arsenal,Leicester,2122,0.6744189037959378,0.19682021069963077,0.12876088550443135,0.03689368041838015,avg_close,0.03743513713862123
2022-03-13,Chelsea,Newcastle,2122,0.6845621521430281,0.19984112515976593,0.11559672269720593,0.03601967467206468,avg_close,-0.0571356287081255
2022-03-13,Everton,Wolves,2122,0.420976245818924,0.30898577016837686,0.27003798401269913,0.03730608803817126,avg_close,0.007097319936454238
2022-03-13,Leeds,Norwich,2122,0.5926426173409205,0.22945545517000013,0.17790192748907926,0.03518868634184025,avg_close,-0.03638419322433917
2022-03-13,Southampton,Watford,2122,0.5811715413572303,0.2364570486894613,0.18237140995330853,0.036543594594099726,avg_close,-0.02005976783356933
2022-03-13,West Ham,Aston Villa,2122,0.3807969877627863,0.2937245058048321,0.3254785064323815,0.03797280361437316,avg_close,-0.031665880132137836
2022-03-14,Crystal Palace,Manchester City,2122,0.09745815988675893,0.17783416997786824,0.7247076701353727,0.037493778846954706,avg_close,0.01040394209299833
2022-03-16,Arsenal,Liverpool,2122,0.2682301678841471,0.2652825836216839,0.46648724849416884,0.03559483994266621,avg_close,0.002466663997116869
2022-03-16,Brighton,Tottenham,2122,0.26299065624194273,0.28387520835527347,0.4531341354027839,0.03608077916663843,avg_close,-0.017904509283819592
2022-03-17,Everton,Newcastle,2122,0.39701999464948295,0.3005478464168983,0.3024321589336187,0.03652873732008621,avg_close,0.0
2022-03-18,Wolves,Leeds,2122,0.43253599976050056,0.28707002365057027,0.2803939765889291,0.03674721531119496,avg_close,-0.011527126530706311
2022-03-19,Aston Villa,Arsenal,2122,0.32357871211062994,0.28444382362527354,0.3919774642640964,0.037059785576771365,avg_close,0.020563718996474245
2022-03-20,Leicester,Brentford,2122,0.44933479602129245,0.28281660690751936,0.2678485970711883,0.039958898718417846,avg_close,0.01278454285135805
2022-03-20,Tottenham,West Ham,2122,0.5584189398308618,0.25289653557785097,0.18868452459128726,0.03512728679296684,avg_close,0.011656881103543015
2022-04-02,Brighton,Norwich,2122,0.6451471073168944,0.2256500445779748,0.12920284810513072,0.040291325785411836,avg_close,0.007150153217569066
2022-04-02,Burnley,Manchester City,2122,0.05811198403790996,0.13800557010433553,0.8038824458577546,0.03663581364082935,avg_close,-0.01349324085324572
2022-04-02,Chelsea,Brentford,2122,0.6889189232675258,0.20520989203713536,0.10587118469533877,0.03682115581594769,avg_close,-0.037205494751090695
2022-04-02,Leeds,Southampton,2122,0.39243762722732306,0.26781955061474694,0.3397428221579299,0.04007168779891268,avg_close,-0.004765127629486554
2022-04-02,Liverpool,Watford,2122,0.8305571612788474,0.11579883498599314,0.0536440037351594,0.03794056051467165,avg_close,-0.01838770103789855
2022-04-02,Manchester United,Leicester,2122,0.6126407718987347,0.21712099590993536,0.17023823219132983,0.039667459913226066,avg_close,-0.014079896031488182
2022-04-02,Wolves,Aston Villa,2122,0.31393939393939396,0.31393939393939396,0.37212121212121213,0.03756618414598867,avg_close,-0.002362377963266382
2022-04-03,Tottenham,Newcastle,2122,0.6174370960701764,0.2277072978414835,0.15485560608834006,0.038203964591048134,avg_close,-0.016482956288414008
2022-04-03,West Ham,Everton,2122,0.5384218669417224,0.25564327369381523,0.20593485936446224,0.03758642094222919,avg_close,0.004221615943288515
2022-04-04,Crystal Palace,Arsenal,2122,0.23791536574487068,0.28507610392506694,0.47700853033006246,0.03782107336308904,avg_close,0.0
2022-04-06,Burnley,Everton,2122,0.3772869166633738,0.3103489153198719,0.3123641680167542,0.03941283258171313,avg_close,0.024925423010465242
2022-04-08,Newcastle,Wolves,2122,0.4789312898047948,0.2934914306425724,0.22757727955263293,0.03879710597677577,avg_close,0.0666668646162017
2022-04-09,Arsenal,Brighton,2122,0.5842633140274051,0.2563921457833027,0.15934454018929228,0.03730730906746382,avg_close,0.008156778304219903
2022-04-09,Aston Villa,Tottenham,2122,0.28781684382665573,0.2739165985282093,0.43826655764513484,0.037143826322930895,avg_close,-0.009182712259645454
2022-04-09,Everton,Manchester United,2122,0.23959646910466587,0.25346784363177804,0.5069356872635561,0.03822990311599894,avg_close,0.03373410176520025
2022-04-09,Southampton,Chelsea,2122,0.24997381559194218,0.2688265893935691,0.4811995950144887,0.03906986867880713,avg_close,0.01342470370162338
2022-04-09,Watford,Leeds,2122,0.3441368567758862,0.2809280463476621,0.3749350968764518,0.03779310501298894,avg_close,-0.011132523808632888
2022-04-10,Brentford,West Ham,2122,0.35650764791905465,0.2934666613967828,0.3500256906841627,0.03888478278722163,avg_close,-0.0025321139652905167
2022-04-10,Leicester,Crystal Palace,2122,0.3821494139245869,0.29360259850303627,0.3242479875723768,0.038403782306221323,avg_close,-0.0022546110432303257
2022-04-10,Manchester City,Liverpool,2122,0.4844559585492228,0.2577720207253886,0.2577720207253886,0.03727192110284028,avg_close,0.016732593593003775
2022-04-10,Norwich,Burnley,2122,0.30721451168683683,0.2853357334064686,0.40744975490669466,0.039953536495206166,avg_close,-0.014560217155568767
2022-04-16,Manchester United,Norwich,2122,0.7518756831519259,0.15349296242973928,0.09463135441833483,0.03906805008633141,avg_close,-0.013597248625038083
2022-04-16,Southampton,Arsenal,2122,0.24075385185934392,0.26027443444253395,0.4989717136981222,0.038404985296176974,avg_close,-0.0005637558192718717
2022-04-16,Tottenham,Brighton,2122,0.6347694686533596,0.21633398931684003,0.14889654202980038,0.0364309711331976,avg_close,0.004074253113929838
2022-04-16,Watford,Brentford,2122,0.32316677482154443,0.2900713822193381,0.38676184295911736,0.038381714778577436,avg_close,-0.018758020346875903
2022-04-17,Newcastle,Leicester,2122,0.470013352652064,0.2737293673115714,0.25625728003636467,0.03785323394820028,avg_close,0.037945863900834875
2022-04-17,West Ham,Burnley,2122,0.5328657339375903,0.25927069312554796,0.20786357293686172,0.03682063352568954,avg_close,-0.02055958753870346
2022-04-19,Liverpool,Manchester United,2122,0.7151275258335306,0.17208951156421862,0.11278296260225075,0.035816290076872814,avg_close,0.053968314454743815
2022-04-20,Chelsea,Arsenal,2122,0.5025250024754927,0.27567085850084166,0.22180413902366575,0.03643267651888338,avg_close,-0.016682157246916685
2022-04-20,Everton,Leicester,2122,0.37212244561181546,0.2920597376165461,0.3358178167716383,0.037562744879818144,avg_close,-0.06127067946454984
2022-04-20,Manchester City,Brighton,2122,0.7843893618624275,0.14888872146462742,0.06672191667294507,0.03648541095830504,avg_close,-0.030093759105385587
2022-04-20,Newcastle,Crystal Palace,2122,0.4188736681887367,0.30106544901065446,0.28006088280060887,0.03798028311425683,avg_close,0.0037756573076132005
2022-04-21,Burnley,Southampton,2122,0.36270657689497904,0.2877761762789504,0.34951724682607066,0.040396051807191746,avg_close,0.02052262335459204
2022-04-23,Arsenal,Manchester United,2122,0.4709677419354839,0.2645161290322581,0.2645161290322581,0.0357500835282325,avg_close,0.01315789473684209
2022-04-23,Brentford,Tottenham,2122,0.20200234705192044,0.242199287649154,0.5557983652989257,0.040007884460113274,avg_close,-0.02020037688760401
2022-04-23,Leicester,Aston Villa,2122,0.32299428919396833,0.2873202930740375,0.38968541773199417,0.03893623208036656,avg_close,-0.013193483985025178
2022-04-23,Manchester City,Watford,2122,0.8654138790433828,0.0957736197146715,0.038812501241945664,0.04100583861301699,avg_close,-0.004136194610713795
2022-04-23,Norwich,Newcastle,2122,0.27719497817169586,0.29147471947144993,0.43133030235685416,0.03964523434419154,avg_close,0.01702363296049947
2022-04-24,Brighton,Southampton,2122,0.4629004665908741,0.28570711291068784,0.25139242049843813,0.03860174155786633,avg_close,0.0009550288352335179
2022-04-24,Burnley,Wolves,2122,0.3750605947149585,0.30993753325319723,0.31500187203184427,0.03744585234680242,avg_close,0.03548233778977067
2022-04-24,Chelsea,West Ham,2122,0.6758805952021606,0.2017764616156763,0.12234294318216321,0.03465124500509398,avg_close,0.0463547142474241
2022-04-24,Liverpool,Everton,2122,0.8043460342112455,0.1324026393763367,0.06325132641241772,0.036038344057372385,avg_close,0.0
2022-04-25,Crystal Palace,Leeds,2122,0.39838176708563666,0.2802569407986165,0.3213612921157469,0.03725414824780571,avg_close,-0.05962577072272274
2022-04-28,Manchester United,Chelsea,2122,0.27215406757590294,0.2668768418888356,0.46096909053526147,0.037963085477053404,avg_close,-0.025545151364720242
2022-04-30,Aston Villa,Norwich,2122,0.6789591553801856,0.19837901247733813,0.12266183214247627,0.03721313208942978,avg_close,0.003374860184363948
2022-04-30,Leeds,Manchester City,2122,0.10159809698000168,0.16797316033801668,0.7304287426819817,0.03716586342713968,avg_close,0.0010813939219630059
2022-04-30,Newcastle,Liverpool,2122,0.15002199736031677,0.22261328640563136,0.627364716234052,0.03504489900001806,avg_close,0.0468158614567816
2022-04-30,Southampton,Crystal Palace,2122,0.3910867240832344,0.30349316758509676,0.30542010833166877,0.039421795750179234,avg_close,-0.016181289237432395
2022-04-30,Watford,Burnley,2122,0.36630511206086125,0.2991870946335605,0.3345077933055781,0.038009365315531785,avg_close,0.00200663145780694
2022-04-30,Wolves,Brighton,2122,0.34903326308072946,0.3221845505360579,0.32878218638321266,0.03806392944247228,avg_close,0.003231737094596565
2022-05-01,Everton,Chelsea,2122,0.18886581515091172,0.25002702472050753,0.5611071601285809,0.03615742259282406,avg_close,-0.00102919424776024
2022-05-01,Tottenham,Leicester,2122,0.7079974076474401,0.18270900842514584,0.10929358392741413,0.03855481630973934,avg_close,0.05097260906889611
2022-05-01,West Ham,Arsenal,2122,0.21919996015055618,0.24793825826798127,0.5328617815814626,0.03682832385839108,avg_close,0.00811629540771297
2022-05-02,Manchester United,Brentford,2122,0.5469932970053527,0.24188648309784438,0.2111202198968028,0.0387363452028886,avg_close,-0.006806156595613344
2022-05-07,Brentford,Southampton,2122,0.4561855670103092,0.27190721649484534,0.27190721649484534,0.038905400701529036,avg_close,0.009583330377079535
2022-05-07,Brighton,Manchester United,2122,0.31930173633240583,0.2887099532107382,0.39198831045685595,0.03703109046001041,avg_close,-0.00819094437327439
2022-05-07,Burnley,Aston Villa,2122,0.31097164604238325,0.30312378115803285,0.38590457279958396,0.04068843442127812,avg_close,0.002178337011665532
2022-05-07,Chelsea,Wolves,2122,0.7007402869092829,0.19592126389096276,0.10333844919975434,0.041651266432417344,avg_close,-0.030843641077821005
2022-05-07,Crystal Palace,Watford,2122,0.569094523766492,0.2504608711368155,0.18044460509669258,0.03974990378602006,avg_close,-0.0034480380663401977
2022-05-07,Liverpool,Tottenham,2122,0.6747029389279446,0.18844242239589076,0.13685463867616465,0.036457170931905036,avg_close,-0.000935191246609901
2022-05-08,Arsenal,Leeds,2122,0.6306669639057211,0.213951320349391,0.1553817157448878,0.03635485707720765,avg_close,-0.03588858503932879
2022-05-08,Leicester,Everton,2122,0.3589227722772277,0.2950653465346535,0.3460118811881189,0.03959502483170496,avg_close,-0.00392336363041923
2022-05-08,Manchester City,Newcastle,2122,0.8198812006600512,0.12246326794669117,0.05765553139325747,0.03363466126115866,avg_close,0.0012824277329861467
2022-05-08,Norwich,West Ham,2122,0.19679203984672572,0.23829904576973235,0.5649089143835421,0.0412922847209094,avg_close,-0.0019645941713209714
2022-05-10,Aston Villa,Liverpool,2122,0.15172689159512875,0.21241764823318027,0.6358554601716909,0.03466082789391067,avg_close,0.0265357409533597
2022-05-11,Leeds,Chelsea,2122,0.19781018994641952,0.23333920464553373,0.5688506054080468,0.04019573980573066,avg_close,0.0011268602640660264
2022-05-11,Leicester,Norwich,2122,0.720802073928345,0.17340660306355163,0.10579132300810323,0.035330895552617925,avg_close,0.05241319791125343
2022-05-11,Watford,Everton,2122,0.16901971838548166,0.2550987261573981,0.5758815554571203,0.039801309028323795,avg_close,-0.05171357982980343
2022-05-11,Wolves,Manchester City,2122,0.0803014840589689,0.1549224772841844,0.7647760386568467,0.037755831164191234,avg_close,0.008812198053819206
2022-05-12,Tottenham,Arsenal,2122,0.4228088365510509,0.277810993468702,0.2993801699802472,0.03733993547959602,avg_close,-0.037193743902770804
2022-05-15,Aston Villa,Crystal Palace,2122,0.5125308334250512,0.2714247793912948,0.2160443871836539,0.03782028109886304,avg_close,0.04727493752954692
2022-05-15,Everton,Brentford,2122,0.5043455464371165,0.26684210351659077,0.22881235004629277,0.038098210884792705,avg_close,0.043856787927783525
2022-05-15,Leeds,Brighton,2122,0.3609871511062699,0.27937266476920014,0.35964018412453,0.03752123602796953,avg_close,-0.0028911812351303245
2022-05-15,Tottenham,Burnley,2122,0.7312831729971804,0.17361399071156083,0.09510283629125892,0.03595404017135584,avg_close,0.014503726095377978
2022-05-15,Watford,Leicester,2122,0.1883960384928317,0.2441994220464046,0.5674045394607637,0.0367123510796723,avg_close,-0.07268387016391872
2022-05-15,West Ham,Manchester City,2122,0.12097010391579624,0.18540994773247998,0.6936199483517238,0.037202667168456216,avg_close,0.0
2022-05-15,Wolves,Norwich,2122,0.6242923122765197,0.2165338200238379,0.15917386769964245,0.040138788483159216,avg_close,-0.0347296582099581
2022-05-16,Newcastle,Arsenal,2122,0.22448914411278112,0.25210953618948456,0.5234013196977343,0.03835859868184022,avg_close,0.007625202165604805
2022-05-17,Southampton,Liverpool,2122,0.14557420296928858,0.19686613191773442,0.6575596651129769,0.03454050626213245,avg_close,0.021801776368045866
2022-05-19,Aston Villa,Burnley,2122,0.4723492547425474,0.27930216802168023,0.2483485772357724,0.037783109658027225,avg_close,0.019018662810998066
2022-05-19,Chelsea,Leicester,2122,0.6769156365181838,0.19457898863478154,0.12850537484703484,0.04034434148243937,avg_close,0.0
2022-05-19,Everton,Crystal Palace,2122,0.517461229178633,0.27421022400919015,0.2083285468121769,0.0389849099526518,avg_close,0.010698613199878082
2022-05-22,Arsenal,Everton,2122,0.7185983686861953,0.17381260181218444,0.10758902950162032,0.03850591545429172,avg_close,0.013630947059415921
2022-05-22,Brentford,Leeds,2122,0.4128502663306726,0.2531424001448598,0.33400733352446776,0.03956466631528732,avg_close,0.024464423065179097
2022-05-22,Brighton,West Ham,2122,0.36243598637493857,0.27783277341709994,0.35973124020796143,0.03725861602261493,avg_close,-0.03819696200486172
2022-05-22,Burnley,Newcastle,2122,0.3884129564782392,0.2936780890445223,0.31790895447723866,0.03813685853243065,avg_close,-0.03634220031933455
2022-05-22,Chelsea,Watford,2122,0.8114758551490034,0.12858272538313104,0.05994141946786556,0.03556517316153385,avg_close,-0.017757140847052155
2022-05-22,Crystal Palace,Manchester United,2122,0.3429555773929053,0.2761332872418521,0.3809111353652427,0.03766175440644215,avg_close,0.034911929121400676
2022-05-22,Leicester,Southampton,2122,0.5627715427546516,0.2243215240350709,0.2129069332102775,0.039134492790757314,avg_close,0.0591774911319094
2022-05-22,Liverpool,Wolves,2122,0.8451173092227006,0.10449389723577858,0.05038879354152084,0.03795410753442208,avg_close,0.013739490714905656
2022-05-22,Manchester City,Aston Villa,2122,0.8229103378483867,0.11642141418169437,0.060668247969918876,0.03863181125611903,avg_close,-0.02302621913107583
2022-05-22,Norwich,Tottenham,2122,0.09603312092889675,0.17162269733089064,0.7323441817402127,0.042349755291349434,avg_close,0.011599103409849737
2022-08-05,Crystal Palace,Arsenal,2223,0.21087366737229288,0.2693512389965421,0.519775093631165,0.03995083097250274,avg_close,-0.014854394870424836
2022-08-06,Bournemouth,Aston Villa,2223,0.2416470775590183,0.2762670027107401,0.4820859197302415,0.03715951770543846,avg_close,-0.014965717560117775
2022-08-06,Everton,Chelsea,2223,0.14934355516208633,0.23806249882273167,0.6125939460151821,0.03974693074007307,avg_close,-0.02433504441270326
2022-08-06,Fulham,Liverpool,2223,0.09314072982146461,0.1551844740412467,0.7516747961372886,0.03934574368422705,avg_close,0.0009452982239964436
2022-08-06,Leeds,Wolves,2223,0.39559308554185857,0.28609857079366563,0.3183083436644757,0.040267509178473215,avg_close,-0.024157521714258168
2022-08-06,Newcastle,Nottingham Forest,2223,0.6063546049810685,0.23688054592626506,0.1567648490926665,0.037232689326568646,avg_close,0.040246969145008915
2022-08-06,Tottenham,Southampton,2223,0.7037603953801438,0.1839984239829765,0.11224118063687974,0.037181137345746906,avg_close,-0.016835836916290092
2022-08-07,Leicester,Brentford,2223,0.5012083131947801,0.2629289511841469,0.23586273562107296,0.03915541626486663,avg_close,0.03788046540820944
2022-08-07,Manchester United,Brighton,2223,0.5409879831685481,0.25542668701326676,0.20358532981818508,0.038466232685167245,avg_close,-0.06571193295995248
2022-08-07,West Ham,Manchester City,2223,0.12221197111077373,0.18320200602943312,0.6945860228597933,0.035760059595779214,avg_close,0.008000804078792417
2022-08-13,Arsenal,Leicester,2223,0.6160018825184865,0.2198006717168236,0.16419744576468998,0.033994689358957775,avg_close,-0.0076633215954377
2022-08-13,Aston Villa,Everton,2223,0.5401584392408422,0.26560276846649145,0.19423879229266647,0.04006104875184269,avg_close,0.012343558809007393
2022-08-13,Brentford,Manchester United,2223,0.22202525200139558,0.25020980471659865,0.5277649432820058,0.03540050241591164,avg_close,-0.04381282683501775
2022-08-13,Brighton,Newcastle,2223,0.395100873511766,0.2939165034660698,0.3109826230221642,0.037294759515548614,avg_close,0.011442254846473376
2022-08-13,Manchester City,Bournemouth,2223,0.893608686215239,0.0762320206249967,0.03015929315976432,0.036164867474109075,avg_close,-0.018287116819729277
2022-08-13,Southampton,Leeds,2223,0.39468787919644066,0.2697586625320211,0.3355534582715384,0.03838016614082651,avg_close,-0.028920561360556096
2022-08-13,Wolves,Fulham,2223,0.4343949044585988,0.2828025477707007,0.2828025477707007,0.03696071438006898,avg_close,0.01824807818801527
2022-08-14,Chelsea,Tottenham,2223,0.4465081395861825,0.2763488772223938,0.27714298319142366,0.036852236091441615,avg_close,0.03169275341836564
2022-08-14,Nottingham Forest,West Ham,2223,0.24014533232181315,0.266017343262561,0.49383732441562606,0.03844016534665595,avg_close,0.02248564125584504
2022-08-15,Liverpool,Crystal Palace,2223,0.7595560721350908,0.15813708387074843,0.08230684399416087,0.036660233114568896,avg_close,-0.054078152670628765
2022-08-20,Bournemouth,Arsenal,2223,0.12765573819755388,0.20392463262914326,0.6684196291733029,0.03893484591906571,avg_close,0.006937697281621982
2022-08-20,Crystal Palace,Aston Villa,2223,0.38559554184994443,0.29937542069095063,0.31502903745910493,0.03735639183209516,avg_close,0.007212601985712219
2022-08-20,Everton,Nottingham Forest,2223,0.504102847352911,0.27353307910342617,0.2223640735436628,0.03859800073208297,avg_close,0.01236860817955876
2022-08-20,Fulham,Brentford,2223,0.3612765307680562,0.2853870819972515,0.3533363872346923,0.0366901896720393,avg_close,-0.0249644921976947
2022-08-20,Leicester,Southampton,2223,0.544716630873949,0.23515815527972922,0.22012521384632186,0.03718469271992464,avg_close,0.025083675226697855
2022-08-20,Tottenham,Wolves,2223,0.6647544545849631,0.20081124148920756,0.13443430392582933,0.037458519694127945,avg_close,0.0
2022-08-21,Leeds,Chelsea,2223,0.15980132586252901,0.21039344867926854,0.6298052254582026,0.03777286186585682,avg_close,-0.00021688172795017446
2022-08-21,Newcastle,Manchester City,2223,0.13895110806399463,0.19600014023661033,0.665048751699395,0.03699942395429123,avg_close,0.0205294109049097
2022-08-21,West Ham,Brighton,2223,0.38259149588604996,0.2860921571610819,0.33131634695286805,0.037203913553756074,avg_close,-0.03299988490964789
2022-08-22,Manchester United,Liverpool,2223,0.21051110361770797,0.22110891661448043,0.5683799797678115,0.03493316981000394,avg_close,0.018278551498797035
2022-08-27,Arsenal,Fulham,2223,0.6931254188395297,0.18109855868175678,0.12577602247871358,0.037942688115747414,avg_close,-0.04933951819892557
2022-08-27,Brentford,Everton,2223,0.45977407950331983,0.28067603690609644,0.2595498835905838,0.03570535491015603,avg_close,-0.012297104456500008
2022-08-27,Brighton,Leeds,2223,0.5514803358373841,0.24745912505523648,0.20106053910737962,0.036172161172161044,avg_close,0.0776371888323476
2022-08-27,Chelsea,Leicester,2223,0.6841007416563658,0.1906288627935723,0.12527039555006178,0.0367184465241821,avg_close,0.00614250614250611
2022-08-27,Liverpool,Bournemouth,2223,0.8406313377571766,0.10753348591999477,0.05183517632282858,0.03441922556839727,avg_close,-0.04107604465528503
2022-08-27,Manchester City,Crystal Palace,2223,0.8074106681791632,0.1290136886571233,0.06357564316371363,0.03210592351055985,avg_close,-0.0021294471204809096
2022-08-27,Southampton,Manchester United,2223,0.26219620123902243,0.24551705357750703,0.4922867451834707,0.0363961382760869,avg_close,0.046714749918200155
2022-08-28,Aston Villa,West Ham,2223,0.45584508415101693,0.2801135009855525,0.2640414148634306,0.03477722938716221,avg_close,0.04946747453612882
2022-08-28,Nottingham Forest,Tottenham,2223,0.13959417826410286,0.2016360352703708,0.6587697864655264,0.03971299370627346,avg_close,0.0015134227984606174
2022-08-28,Wolves,Newcastle,2223,0.3770071050737112,0.29246611787536386,0.33052677705092487,0.036121056454960554,avg_close,0.029972967366573622
2022-08-30,Crystal Palace,Brentford,2223,0.4611054892738947,0.2777263609747665,0.26116814975133873,0.03765604758897734,avg_close,0.0
2022-08-30,Fulham,Brighton,2223,0.2886673485900979,0.29575120990519227,0.4155814415047099,0.03718414662107983,avg_close,-0.015694108719202404
2022-08-30,Leeds,Everton,2223,0.454578535974731,0.26769624896289723,0.27772521506237174,0.037660329025670736,avg_close,0.018978378275064656
2022-08-30,Southampton,Chelsea,2223,0.18638595803525734,0.23548274698113003,0.5781312949836126,0.03575502728416424,avg_close,0.009958399409043583
2022-08-31,Arsenal,Aston Villa,2223,0.6255548070978398,0.21599874505172048,0.1584464478504397,0.038039580197946954,avg_close,-0.007852668972609167
2022-08-31,Bournemouth,Wolves,2223,0.29218182653858527,0.2957668796249483,0.41205129383646644,0.03712919663839909,avg_close,0.025103613348244513
2022-08-31,Liverpool,Newcastle,2223,0.7503226782115714,0.1556135458027214,0.09406377598570721,0.03314723246446771,avg_close,0.0318075685459015
2022-08-31,Manchester City,Nottingham Forest,2223,0.8837719411934678,0.0807469753479363,0.03548108345859595,0.03808590191450101,avg_close,-0.021125297985368885
2022-08-31,West Ham,Tottenham,2223,0.29117839509844745,0.27073047409434303,0.43809113080720957,0.03755913457532656,avg_close,0.03548639838528189
2022-09-01,Leicester,Manchester United,2223,0.29726516052318674,0.25683709869203336,0.44589774078478006,0.03827160493827142,avg_close,0.0254592849906789
2022-09-03,Aston Villa,Manchester City,2223,0.10709932163950543,0.1665579105497136,0.7263427678107811,0.03515823736265489,avg_close,0.0008882401066563489
2022-09-03,Brentford,Leeds,2223,0.4482504157809522,0.2699547321930104,0.2817948520260372,0.03762598470640821,avg_close,-0.00041643657037321313
2022-09-03,Chelsea,West Ham,2223,0.5784547435146365,0.24030333872374204,0.18124191776162155,0.03517587490304597,avg_close,-0.041018740476041926
2022-09-03,Everton,Liverpool,2223,0.12626047609200713,0.18561992920655385,0.6881195947014389,0.03802554059752983,avg_close,-0.010249216442385758
2022-09-03,Newcastle,Crystal Palace,2223,0.4611600737856118,0.28182004509120717,0.25701988112318097,0.03753322700691131,avg_close,-0.01709785499637312
2022-09-03,Nottingham Forest,Bournemouth,2223,0.4386069024349535,0.2880403538378799,0.2733527437271665,0.03633903621219181,avg_close,-0.041676557275663884
2022-09-03,Tottenham,Fulham,2223,0.6338078578394968,0.2108069899159814,0.15538515224452176,0.03800344016673307,avg_close,-0.0053050642775105405
2022-09-03,Wolves,Southampton,2223,0.4457939853954236,0.27829913539136275,0.2759068792132135,0.03851325529282379,avg_close,0.0
2022-09-04,Brighton,Leicester,2223,0.5045723436073211,0.2691992112541852,0.22622844513849372,0.03763160240018992,avg_close,-0.01706926895466343
2022-09-04,Manchester United,Arsenal,2223,0.3625247530530386,0.2763082645046082,0.3611669824423531,0.03700463611945093,avg_close,-0.01417418169672674
2022-09-16,Aston Villa,Southampton,2223,0.46319493618107255,0.27139308936806505,0.2654119744508625,0.03794146527821285,avg_close,0.0
2022-09-16,Nottingham Forest,Fulham,2223,0.34349741970450315,0.2837146829417725,0.3727878973537243,0.0397250071051265,avg_close,-0.0009687210729124041
2022-09-17,Newcastle,Bournemouth,2223,0.6781589928314135,0.1997895788009558,0.1220514283676308,0.03843694407476894,avg_close,0.00944611665172812
2022-09-17,Tottenham,Leicester,2223,0.6347532050286444,0.21112141611456006,0.15412537885679542,0.03645752653177481,avg_close,-0.029949302037362013
2022-09-17,Wolves,Manchester City,2223,0.10607442186705986,0.17436102979594467,0.7195645483369955,0.0371114842179745,avg_close,0.01938454925959658
2022-09-18,Brentford,Arsenal,2223,0.21549124124432187,0.24817500276981028,0.5363337559858679,0.03583925001020116,avg_close,-0.015019762845849799
2022-09-18,Everton,West Ham,2223,0.3295484926164153,0.2916004843757372,0.3788510230078475,0.039196843856535324,avg_close,0.0
2022-10-01,Arsenal,Tottenham,2223,0.4837801091178424,0.2594939129769559,0.25672597790520174,0.03872100845647819,avg_close,0.03222609093450585
2022-10-01,Bournemouth,Brentford,2223,0.3019272764690862,0.27510852125263435,0.4229642022782793,0.041526994455663324,avg_close,0.009182712259645454
2022-10-01,Crystal Palace,Chelsea,2223,0.19952378081861472,0.257140273675327,0.5433359455060582,0.03982031022486421,avg_close,-0.024615892304257952
2022-10-01,Fulham,Newcastle,2223,0.33065893195480806,0.28135014385628404,0.38799092418890785,0.03926607895417522,avg_close,0.01166981744085821
2022-10-01,Liverpool,Brighton,2223,0.6549105418972841,0.20182777706268507,0.1432616810400309,0.03872523852308207,avg_close,-0.06287676272805887
2022-10-01,Southampton,Everton,2223,0.41233773746442376,0.2911354328157901,0.29652682971978617,0.040856827695168185,avg_close,-0.031538401478281186
2022-10-01,West Ham,Wolves,2223,0.47008033901297785,0.28595391542332477,0.24396574556369732,0.03770534005531623,avg_close,-0.015826407206489868
2022-10-02,Leeds,Aston Villa,2223,0.39956980594843855,0.28156819658939675,0.3188619974621646,0.03846124796938266,avg_close,-0.007173878854598914
2022-10-02,Manchester City,Manchester United,2223,0.6715744519639752,0.18212188527836617,0.14630366275765871,0.03405429199039278,avg_close,-0.03575904802880958
2022-10-03,Leicester,Nottingham Forest,2223,0.5600754826535057,0.23669037596167805,0.20323414138481638,0.03806605867247592,avg_close,0.011710275268999593
2022-10-08,Bournemouth,Leicester,2223,0.2923379012886955,0.2724622366118437,0.43519986209946077,0.03972617454413041,avg_close,0.03471023912329291
2022-10-08,Brighton,Tottenham,2223,0.37324486234060283,0.2900517303731191,0.3367034072862781,0.03845206815226421,avg_close,0.037568638433475354
2022-10-08,Chelsea,Wolves,2223,0.6373430316338434,0.22277499485349617,0.1398819735126604,0.039081974319922885,avg_close,-0.03653355989804574
2022-10-08,Manchester City,Southampton,2223,0.8599157692889294,0.09386994752471746,0.04621428318635322,0.038307674710341466,avg_close,0.009084460742021516
2022-10-08,Newcastle,Brentford,2223,0.5718314272285759,0.2401691994360019,0.18799937333542222,0.04093281148075656,avg_close,0.057542024048502505
2022-10-09,Arsenal,Liverpool,2223,0.38135447970108666,0.2572871556383331,0.3613583646605802,0.036455418868706735,avg_close,0.0029359675551762776
2022-10-09,Crystal Palace,Leeds,2223,0.4647661928068731,0.2687335248911249,0.266500282302002,0.039429706627468475,avg_close,-0.003476630260977387
2022-10-09,Everton,Manchester United,2223,0.26838709677419353,0.26838709677419353,0.4632258064516128,0.03787229483608323,avg_close,-0.0030298699835383802
2022-10-09,West Ham,Fulham,2223,0.5872070697772283,0.23896267851976535,0.17383025170300623,0.038400470539807774,avg_close,0.03308112608762759
2022-10-10,Nottingham Forest,Aston Villa,2223,0.2555219013752925,0.26758821338468136,0.4768898852400261,0.038079272118193286,avg_close,-0.024977698483496902
2022-10-14,Brentford,Brighton,2223,0.2979352934705506,0.2781303462167279,0.4239343603127217,0.03914349862151001,avg_close,0.0
2022-10-15,Fulham,Bournemouth,2223,0.48973841946799995,0.2666353617103555,0.24362621882164462,0.04178896600941551,avg_close,-0.011984491075749837
2022-10-15,Leicester,Crystal Palace,2223,0.40091115292917506,0.2772872527464035,0.32180159432442146,0.039299265242129566,avg_close,-0.000921814556500089
2022-10-15,Tottenham,Everton,2223,0.6548162207540972,0.2056794539548126,0.13950432529109028,0.03887485875063512,avg_close,0.020479784625739073
2022-10-15,Wolves,Nottingham Forest,2223,0.5559602466128521,0.2524438915066231,0.19159586188052474,0.03970506093297077,avg_close,0.0
2022-10-16,Aston Villa,Chelsea,2223,0.24191530183800017,0.2766732475043795,0.48141145065762037,0.038612603246115595,avg_close,0.034106106072556513
2022-10-16,Leeds,Arsenal,2223,0.18823263777823768,0.2252620091444484,0.5865053530773138,0.03964285127436318,avg_close,0.0312982983892546
2022-10-16,Liverpool,Manchester City,2223,0.2534307680197318,0.23431555194038464,0.5122536800398835,0.038381790786953474,avg_close,-0.011285986714234253
2022-10-16,Manchester United,Newcastle,2223,0.4637946837763519,0.2621448212648946,0.27406049495875345,0.03659927029492249,avg_close,-0.014062252005709819
2022-10-16,Southampton,West Ham,2223,0.3240065119874445,0.28639861327461613,0.38959487473793936,0.03917768391452592,avg_close,0.0026527646311554354
2022-10-18,Brighton,Nottingham Forest,2223,0.6913566199539846,0.19258230495712192,0.11606107508889354,0.04059820889476451,avg_close,0.019059309988370576
2022-10-18,Crystal Palace,Wolves,2223,0.4559548288129508,0.29153475418040187,0.2525104170066473,0.03943114392045244,avg_close,0.0404200856541832
2022-10-19,Bournemouth,Southampton,2223,0.35871428571428565,0.2967142857142857,0.34457142857142853,0.040199242734951346,avg_close,0.009169717018031098
2022-10-19,Brentford,Chelsea,2223,0.21885870558400047,0.2589729696802593,0.5221683247357402,0.04081047264712878,avg_close,0.03693612915535169
2022-10-19,Liverpool,West Ham,2223,0.6743445288719868,0.19209415862289664,0.1335613125051165,0.03700804167634919,avg_close,0.0
2022-10-19,Manchester United,Tottenham,2223,0.40618851451057547,0.27504765125430397,0.31876383423512056,0.03878104179889741,avg_close,0.022157323344549618
2022-10-19,Newcastle,Everton,2223,0.5760623009081455,0.24478983270142565,0.17914786639042882,0.039475060710597365,avg_close,-0.016552915737722884
2022-10-20,Fulham,Aston Villa,2223,0.32408248864033556,0.28144005592450194,0.39447745543516255,0.03893406309282055,avg_close,-0.005152199607968866
2022-10-20,Leicester,Leeds,2223,0.4179168191242835,0.27000243932186857,0.312080741553848,0.04035680977547118,avg_close,0.001126356747900903
2022-10-22,Chelsea,Manchester United,2223,0.4505053165223689,0.2700508059825965,0.27944387749503463,0.03725683690786341,avg_close,-0.01001437039698222
2022-10-22,Everton,Crystal Palace,2223,0.3807740324594257,0.30461922596754054,0.3146067415730337,0.042154566744730726,avg_close,0.01939263457196505
2022-10-22,Manchester City,Brighton,2223,0.7826862911636007,0.1432595443647662,0.074054164471633,0.038740730813901614,avg_close,-0.010992222976146993
2022-10-22,Nottingham Forest,Liverpool,2223,0.10846720654111607,0.17725615186590477,0.7142766415929792,0.03705020941009818,avg_close,0.03993006893228829
2022-10-23,Aston Villa,Brentford,2223,0.4642679489305257,0.2745813297960537,0.26115072127342065,0.040545203588681744,avg_close,0.005980861244019087
2022-10-23,Leeds,Fulham,2223,0.4612220684200119,0.2577417441170654,0.28103618746292264,0.03739376817028939,avg_close,0.0
2022-10-23,Southampton,Arsenal,2223,0.14116952034773406,0.20735222020968247,0.6514782594425835,0.03714232345035717,avg_close,-0.015000200053372464
2022-10-23,Tottenham,Newcastle,2223,0.4317424999812076,0.2782617846699691,0.28999571534882324,0.038652653591113584,avg_close,-0.03217985909656024
2022-10-23,Wolves,Leicester,2223,0.40755044897171,0.2871101670367867,0.30533938399150334,0.039696593706206595,avg_close,-0.005859350282843234
2022-10-24,West Ham,Bournemouth,2223,0.5974278945017901,0.23926838560892594,0.1633037198892839,0.03965351825482788,avg_close,-0.022514488147183598
2022-10-29,Bournemouth,Tottenham,2223,0.19173179460959752,0.2571762471696735,0.5510919582207289,0.036902395152892176,avg_close,0.0
2022-10-29,Brentford,Wolves,2223,0.4417875798026698,0.27707486941381315,0.2811375507835171,0.04310196609282935,avg_close,0.022342064714946153
2022-10-29,Brighton,Chelsea,2223,0.3115457959903608,0.28566068534427735,0.40279351866536184,0.03877054235477018,avg_close,0.0010975136636197647
2022-10-29,Crystal Palace,Southampton,2223,0.4614755216146189,0.2820128187644893,0.2565116596208919,0.03682400714875511,avg_close,-0.0325435129436476
2022-10-29,Fulham,Everton,2223,0.42071998845344544,0.2800723178948808,0.2992076936516739,0.037937903337208256,avg_close,0.020771338780825988
2022-10-29,Leicester,Manchester City,2223,0.12773262094901128,0.18921492376336835,0.6830524552876205,0.03830950707495706,avg_close,0.040244624186229996
2022-10-29,Liverpool,Leeds,2223,0.7817570619013516,0.13619846829159526,0.08204446980705311,0.03997542165329704,avg_close,0.04088532101714104
2022-10-29,Newcastle,Aston Villa,2223,0.5431370345964757,0.2510058880511128,0.20585707735241157,0.04020111946918847,avg_close,0.014847696311036218
2022-10-30,Arsenal,Nottingham Forest,2223,0.7858379889975816,0.14245502920907127,0.07170698179334702,0.04305485688356492,avg_close,-0.006204729082644356
2022-10-30,Manchester United,West Ham,2223,0.5605702619626554,0.24659356792219111,0.19283617011515347,0.03714982454053417,avg_close,-0.010434737653597925
2022-11-05,Everton,Leicester,2223,0.38161087422554124,0.287921976960588,0.3304671488138708,0.03986920611403599,avg_close,-0.005883097435868401
2022-11-05,Leeds,Bournemouth,2223,0.5863846958601105,0.2328500971454192,0.18076520699447018,0.039856772978332566,avg_close,0.034036365034995075
2022-11-05,Manchester City,Fulham,2223,0.8176923158638346,0.11853524971981877,0.06377243441634664,0.03640160324041264,avg_close,-0.03918495297805635
2022-11-05,Nottingham Forest,Brentford,2223,0.3646586631517699,0.29990619025566123,0.33543514659256884,0.03874641428778647,avg_close,0.0171489971861557
2022-11-05,Wolves,Brighton,2223,0.26721640294183197,0.29150880320927125,0.4412747938488968,0.03952367713835603,avg_close,-0.011583489681050607
2022-11-06,Aston Villa,Manchester United,2223,0.30272681749897573,0.2750489370419265,0.42222424545909776,0.03877618574738739,avg_close,0.01570985094937377
2022-11-06,Chelsea,Arsenal,2223,0.35135326125362165,0.2839846418392104,0.3646620969071679,0.038736633174977,avg_close,-0.011199167198361282
2022-11-06,Southampton,Newcastle,2223,0.21955354800734492,0.25781354967082326,0.5226329023218318,0.03988527789797858,avg_close,-0.01597016704749024
2022-11-06,Tottenham,Liverpool,2223,0.27328548077606424,0.2551631014142563,0.47155141780967946,0.039538976912202095,avg_close,-0.023957002656984194
2022-11-06,West Ham,Crystal Palace,2223,0.5108877064148127,0.27131889493216044,0.21779339865302674,0.041158138937748445,avg_close,0.01407918445547024
2022-11-12,Bournemouth,Everton,2223,0.34029172644667627,0.2989478718316595,0.3607604017216643,0.04207625845285312,avg_close,0.008765923546150634
2022-11-12,Liverpool,Southampton,2223,0.7585983880944788,0.14867591865431914,0.09272569325120193,0.037968953217817125,avg_close,-0.028024666973906487
2022-11-12,Manchester City,Brentford,2223,0.8362959271983424,0.11183026933466207,0.051873803466995355,0.039781719736955656,avg_close,-0.006442759932392628
2022-11-12,Newcastle,Chelsea,2223,0.44163981647834416,0.2848446153617723,0.27351556815988365,0.038664493586864745,avg_close,0.040988963404097856
2022-11-12,Nottingham Forest,Crystal Palace,2223,0.2875492696498957,0.3020171574310224,0.41043357291908183,0.04121703376024932,avg_close,-0.02047845691382766
2022-11-12,Tottenham,Leeds,2223,0.5907326110915823,0.22445085223293218,0.18481653667548542,0.03853574527008119,avg_close,0.022634612312345204
2022-11-12,West Ham,Leicester,2223,0.4624372389845619,0.2740368823612219,0.2635258786542161,0.0396421184092417,avg_close,0.019993303457167544
2022-11-12,Wolves,Arsenal,2223,0.15110228914389073,0.23084060558367883,0.6180571052724305,0.04385385236887296,avg_close,-0.013252646325125933
2022-11-13,Brighton,Aston Villa,2223,0.5491736455940118,0.25628103461053886,0.19454531979544953,0.040524387892808766,avg_close,0.031216369283402767
2022-11-13,Fulham,Manchester United,2223,0.2331327791301153,0.25471914756808894,0.5121480733017958,0.03859590877261265,avg_close,-0.012740465744178142
2022-12-26,Arsenal,West Ham,2223,0.6216917092517733,0.22462054763175957,0.1536877431164671,0.03775115659665751,avg_close,-0.016482956288414008
2022-12-26,Aston Villa,Liverpool,2223,0.20130446216221684,0.23808601821160955,0.5606095196261737,0.037077196307504945,avg_close,-0.0024872785171000666
2022-12-26,Brentford,Tottenham,2223,0.2783209490288098,0.2631121539999131,0.4585668969712771,0.03843186094678552,avg_close,0.04889719403785567
2022-12-26,Crystal Palace,Fulham,2223,0.4341835304669544,0.274611805594484,0.2912046639385616,0.03746553897611293,avg_close,-0.033114915162420155
2022-12-26,Everton,Wolves,2223,0.3813510153336096,0.299378367177787,0.3192706174886034,0.04057779019743801,avg_close,-0.01818662151533168
2022-12-26,Leicester,Newcastle,2223,0.27946497419775795,0.27546117800581293,0.4450738477964292,0.040193588670965674,avg_close,-0.006069976573937486
2022-12-26,Southampton,Brighton,2223,0.2673336537201276,0.2765520555725457,0.4561142907073266,0.03906774890595788,avg_close,-0.01780614604911207
2022-12-27,Chelsea,Bournemouth,2223,0.7122881273894077,0.1807498067623497,0.10696206584824254,0.03994537078080196,avg_close,-0.01815032372474179
2022-12-27,Manchester United,Nottingham Forest,2223,0.717116808064282,0.17503397501022547,0.10784921692549247,0.040651464760428135,avg_close,-0.024584592653952075
2022-12-28,Leeds,Manchester City,2223,0.09535664584135256,0.15296479436236046,0.751678559796287,0.03934053967393614,avg_close,0.0
2022-12-30,Liverpool,Leicester,2223,0.7694432800165658,0.1491169147318926,0.08143980525154168,0.039712764770362785,avg_close,0.016139179208414345
2022-12-30,West Ham,Brentford,2223,0.46562712256311695,0.2664421868000058,0.2679306906368773,0.042544279920208705,avg_close,-0.0035349567949724547
2022-12-31,Bournemouth,Crystal Palace,2223,0.32788814369257807,0.30402286741115625,0.36808898889626585,0.04089438698228376,avg_close,-0.0067751053530864525
2022-12-31,Brighton,Arsenal,2223,0.2246760732160825,0.2626322490727504,0.512691677711167,0.03749469074995204,avg_close,-0.05073817910812367
2022-12-31,Fulham,Southampton,2223,0.525954896383584,0.2532888053636733,0.22075629825274282,0.03896378033367354,avg_close,0.04064723719568897
2022-12-31,Manchester City,Everton,2223,0.8357892638503464,0.11281193115350918,0.05139880499614429,0.040412045238960914,avg_close,-0.01226020274579287
2022-12-31,Newcastle,Leeds,2223,0.6591149962945551,0.20301854316245788,0.13786646054298715,0.03916844662903518,avg_close,0.00043852263237298406
2022-12-31,Wolves,Manchester United,2223,0.23640547863850633,0.26506068817044653,0.49853383319104716,0.03931705439006428,avg_close,0.0
2023-01-01,Nottingham Forest,Chelsea,2223,0.1667203890345456,0.23577858939444316,0.5975010215710113,0.03952627694133937,avg_close,-0.016915421475038994
2023-01-01,Tottenham,Aston Villa,2223,0.5796536488417549,0.23130410025896947,0.18904225089927568,0.039257908162800836,avg_close,0.014834863601670856
2023-01-02,Brentford,Liverpool,2223,0.15803811621017266,0.21187527667737432,0.630086607112453,0.03730941725155801,avg_close,-0.013968059721406995
2023-01-03,Arsenal,Newcastle,2223,0.5463308337376943,0.2492282411638451,0.20444092509846062,0.03412020066157395,avg_close,0.020337743270719022
2023-01-03,Everton,Brighton,2223,0.3024085569375494,0.2888273343205936,0.4087641087418571,0.036609634988563844,avg_close,0.0290015017636992
2023-01-03,Leicester,Fulham,2223,0.40681050764035936,0.2685629256567275,0.324626566702913,0.03719279700380507,avg_close,-0.022765795262779553
2023-01-03,Manchester United,Bournemouth,2223,0.759528073429807,0.15710108359215882,0.08337084297803414,0.03669844782362541,avg_close,0.016702539487400747
2023-01-04,Aston Villa,Wolves,2223,0.49221595770946563,0.2764307384270924,0.23135330386344188,0.036545186399269625,avg_close,-0.003730172251463826
2023-01-04,Crystal Palace,Tottenham,2223,0.2889930060433218,0.2813879269369186,0.4296190670197596,0.039126532547585136,avg_close,0.006669350467393365
2023-01-04,Leeds,West Ham,2223,0.335458460286853,0.2840017053165983,0.38053983439654876,0.03867422348263938,avg_close,-0.033738945375592466
2023-01-04,Southampton,Nottingham Forest,2223,0.40620606117258495,0.29138185543079037,0.30241208339662473,0.043137594589688355,avg_close,-0.06274719731808032
2023-01-05,Chelsea,Manchester City,2223,0.1845011681045413,0.2342090070841629,0.5812898248112959,0.03633267406629237,avg_close,-0.0033021353092870798
2023-01-12,Fulham,Chelsea,2223,0.24077711984675723,0.28243650421907,0.4767863759341727,0.03830463691530439,avg_close,-0.039676636238631685
2023-01-13,Aston Villa,Leeds,2223,0.4750092362907057,0.26785243046392565,0.2571383332453686,0.03705528188286822,avg_close,-0.02129168110720908
2023-01-14,Brentford,Bournemouth,2223,0.5915563905330007,0.24045808393236687,0.16798552553463258,0.03708951899339308,avg_close,0.016744270780309933
2023-01-14,Brighton,Liverpool,2223,0.3299562235848272,0.25830353159991837,0.41174024481525445,0.037912695520393225,avg_close,0.056751709799510885
2023-01-14,Everton,Southampton,2223,0.4046273169449191,0.2981464440646773,0.2972262389904035,0.038407565755347095,avg_close,-0.023037954540053696
2023-01-14,Manchester United,Manchester City,2223,0.24265211609885828,0.24636617910037142,0.5109817048007704,0.035458851323890705,avg_close,0.012068136530439866
2023-01-14,Nottingham Forest,Leicester,2223,0.35274356103023513,0.30459126539753634,0.3426651735722284,0.04225023342670409,avg_close,0.010647698396249405
2023-01-14,Wolves,West Ham,2223,0.3828104340412768,0.30215540548541026,0.31503416047331306,0.04074063576603981,avg_close,0.03128201462845165
2023-01-15,Chelsea,Crystal Palace,2223,0.5121483787155774,0.2798950441817691,0.20795657710265347,0.038595289417915346,avg_close,-0.06802820869852344
2023-01-15,Newcastle,Fulham,2223,0.6478038891496795,0.20983212931152662,0.14236398153879387,0.036024869313873165,avg_close,0.0
2023-01-15,Tottenham,Arsenal,2223,0.2853193212982438,0.27632644870718165,0.4383542299945745,0.03693639400053339,avg_close,-0.012178541063193049
2023-01-18,Crystal Palace,Manchester United,2223,0.18249620487096563,0.24394429410599958,0.5735595010230348,0.0377965915940599,avg_close,-0.03534383403764885
2023-01-19,Manchester City,Tottenham,2223,0.6440493002952883,0.2038130697136988,0.152137629991013,0.03511744576231757,avg_close,-0.06674507497794757
2023-01-21,Bournemouth,Nottingham Forest,2223,0.3361842837384545,0.3023544187081697,0.3614612975533758,0.040055608079441196,avg_close,-0.005388810857622106
2023-01-21,Crystal Palace,Newcastle,2223,0.21127293661875518,0.26628583424247537,0.5224412291387696,0.04026679089909235,avg_close,-0.0051991548085606465
2023-01-21,Leicester,Brighton,2223,0.23229623109235542,0.24786247338204934,0.5198412955255952,0.03981839302323387,avg_close,-0.026964365578462823
2023-01-21,Liverpool,Chelsea,2223,0.4709004062381779,0.2688985606652548,0.2602010330965673,0.03589818905794795,avg_close,-0.037606799273428526
2023-01-21,Southampton,Aston Villa,2223,0.3581781275595599,0.3001555025343352,0.341666369906105,0.03788362072470375,avg_close,0.03752010767193065
2023-01-21,West Ham,Everton,2223,0.5225548902195608,0.26932801064537587,0.20811709913506318,0.04004052213770892,avg_close,-0.01967625847001442
2023-01-22,Arsenal,Manchester United,2223,0.5155424686796937,0.25437055842507317,0.23008697289523322,0.03727508551970682,avg_close,-0.005863985361463819
2023-01-22,Leeds,Brentford,2223,0.404125868209124,0.27093508910921554,0.32493904268166046,0.03969604590979903,avg_close,0.01369433773950579
2023-01-22,Manchester City,Wolves,2223,0.7676110570479606,0.15086695303615577,0.08152198991588366,0.04219447160727352,avg_close,-0.0430199743873535
2023-01-23,Fulham,Tottenham,2223,0.2930312623087135,0.25359961487403176,0.45336912281725483,0.04042840473209819,avg_close,0.006197609493481138
2023-02-03,Chelsea,Fulham,2223,0.6019066993757355,0.23375017451484872,0.16434312610941582,0.03836691076576426,avg_close,0.020957514833531588
2023-02-04,Aston Villa,Leicester,2223,0.4564957547529691,0.2752017264367899,0.26830251881024086,0.03819946703681154,avg_close,-0.03573116979807456
2023-02-04,Brentford,Southampton,2223,0.5485406723812428,0.25952461919112557,0.19193470842763163,0.035806179540547545,avg_close,0.033257951490328286
2023-02-04,Brighton,Bournemouth,2223,0.6964587513871004,0.18590194911299776,0.11763929949990189,0.040460299646170705,avg_close,-0.02124510341835628
2023-02-04,Everton,Arsenal,2223,0.12293903402134074,0.2230587577834999,0.6540022081951595,0.040167908180118506,avg_close,0.0004217057584492423
2023-02-04,Manchester United,Crystal Palace,2223,0.7012852634688516,0.1910061254378383,0.10770861109331016,0.04084178767530977,avg_close,0.013087363740552194
2023-02-04,Newcastle,West Ham,2223,0.5766810550781915,0.2488520315195296,0.17446691340227893,0.03835974831597344,avg_close,-0.01588433303152581
2023-02-04,Wolves,Liverpool,2223,0.24250893552981645,0.256053317567386,0.5014377469027976,0.03867994890758708,avg_close,0.015892660508831702
2023-02-05,Nottingham Forest,Leeds,2223,0.34508838824207133,0.28317547152805267,0.37173614022987606,0.03864097222731,avg_close,-0.014976843682056595
2023-02-05,Tottenham,Manchester City,2223,0.2420607009674465,0.250885830690218,0.5070534683423353,0.03798873754738619,avg_close,0.030092708174310312
2023-02-08,Manchester United,Leeds,2223,0.6343453666244278,0.21284877643910158,0.15280585693647072,0.03712389410675754,avg_close,-0.0302522751065899
2023-02-11,Arsenal,Brentford,2223,0.6272175500460282,0.22620960821332167,0.14657284174065,0.03528775510665616,avg_close,-0.028707463333833783
2023-02-11,Bournemouth,Newcastle,2223,0.16559252993698284,0.24052314973346756,0.5938843203295495,0.03940099020420318,avg_close,0.019458224702887272
2023-02-11,Crystal Palace,Brighton,2223,0.20152014897216508,0.2603422465099862,0.5381376045178486,0.038134509067867306,avg_close,-0.050131238992029675
2023-02-11,Fulham,Nottingham Forest,2223,0.49744964468837527,0.2749436782608114,0.22760667705081317,0.03621325902983186,avg_close,0.0
2023-02-11,Leicester,Tottenham,2223,0.27459372485921163,0.25979082864038616,0.4656154465004023,0.03753385131563958,avg_close,-0.009130395348134202
2023-02-11,Southampton,Wolves,2223,0.3069638299294847,0.30404961635420474,0.3889865537163106,0.040802813689047035,avg_close,-0.00984345284455096
2023-02-11,West Ham,Chelsea,2223,0.2782617846699691,0.28999571534882324,0.4317424999812076,0.038652653591113584,avg_close,-0.008800521512385917
2023-02-12,Leeds,Manchester United,2223,0.2578934824583522,0.2538107360342094,0.48829578150743835,0.03956297068734127,avg_close,0.010455062439188423
2023-02-12,Manchester City,Aston Villa,2223,0.7286614780986685,0.172991573937094,0.09834694796423747,0.03968136143622747,avg_close,-0.05201031458639205
2023-02-13,Liverpool,Everton,2223,0.602695283254305,0.22959820314449714,0.1677065136011979,0.03700828157349889,avg_close,-0.04564657967041985
2023-02-15,Arsenal,Manchester City,2223,0.2983141095999666,0.2809197008769364,0.42076618952309697,0.037823935431611,avg_close,-0.029200154226248165
2023-02-18,Aston Villa,Arsenal,2223,0.22110159909546115,0.2633887901792925,0.5155096107252463,0.03734120016975462,avg_close,0.038586371986332024
2023-02-18,Brentford,Crystal Palace,2223,0.5290693851736586,0.2697508696237527,0.2011797452025887,0.04426036230381958,avg_close,0.0099343953544353
2023-02-18,Brighton,Fulham,2223,0.6243763627628516,0.22053660519605306,0.15508703204109536,0.03999877009643216,avg_close,0.04559096273815555
2023-02-18,Chelsea,Southampton,2223,0.6716036370356951,0.20698129331056983,0.121415069653735,0.04124019099606535,avg_close,-0.012295845740863509
2023-02-18,Everton,Leeds,2223,0.35144200651817076,0.30092221808118375,0.3476357754006455,0.038474333974544805,avg_close,-0.04403510158905849
2023-02-18,Newcastle,Liverpool,2223,0.3810722024183966,0.277043871298432,0.34188392628317144,0.03722316791314206,avg_close,0.0065116067829710245
2023-02-18,Nottingham Forest,Manchester City,2223,0.088883421128173,0.17630173091906845,0.7348148479527585,0.038845065192573136,avg_close,-0.015478373436340481
2023-02-18,Wolves,Bournemouth,2223,0.5285503207585988,0.2672115510501805,0.20423812819122078,0.039542552281405685,avg_close,-0.034760041186360224
2023-02-19,Manchester United,Leicester,2223,0.6168563536710581,0.21431980216633642,0.16882384416260537,0.03918138673735916,avg_close,0.025293879258988516
2023-02-19,Tottenham,West Ham,2223,0.5132629485567222,0.27344778170970674,0.21328926973357124,0.04188186541127692,avg_close,-0.025054816302154004
2023-02-24,Fulham,Wolves,2223,0.36749038294099956,0.3027750953790625,0.32973452167993794,0.038610551542666016,avg_close,-0.02030358758981854
2023-02-25,Bournemouth,Manchester City,2223,0.09614611278514415,0.1849105662393751,0.7189433209754807,0.03800763557252518,avg_close,0.016412667297589473
2023-02-25,Crystal Palace,Liverpool,2223,0.19498290918588673,0.238419695885713,0.5665973949284002,0.038189196390465474,avg_close,-0.0014379714524929421
2023-02-25,Everton,Aston Villa,2223,0.36940593121308785,0.30705397467075135,0.3235400941161608,0.037183569830382845,avg_close,0.0
2023-02-25,Leeds,Southampton,2223,0.49347191644053046,0.26291536531667603,0.24361271824279346,0.039209113498385184,avg_close,-0.0024234176713752165
2023-02-25,Leicester,Arsenal,2223,0.16508439075476752,0.22473026620229425,0.6101853430429381,0.0372445022176251,avg_close,-0.041996237080146964
2023-02-25,West Ham,Nottingham Forest,2223,0.5663217100363482,0.2560497093249447,0.177628580638707,0.03869458594460795,avg_close,0.02905789490928723
2023-02-26,Tottenham,Chelsea,2223,0.32801078171364617,0.29211902444406784,0.37987019384228593,0.04050521310484756,avg_close,-0.05626209902510976
2023-03-01,Arsenal,Everton,2223,0.7291322995710987,0.18508742989112503,0.08578027053777632,0.039010009598244855,avg_close,0.02251492272675437
2023-03-01,Liverpool,Wolves,2223,0.6330710024117878,0.2182013432349019,0.14872765435331026,0.03921161186620048,avg_close,-0.004616264167302542
2023-03-04,Arsenal,Bournemouth,2223,0.7879865796881951,0.1417910954601177,0.07022232485168722,0.040210775508237484,avg_close,-0.005285193747604722
2023-03-04,Aston Villa,Crystal Palace,2223,0.44735165551451495,0.29057584874809883,0.26207249573738617,0.03971064672784275,avg_close,-0.023414762283287316
2023-03-04,Brighton,West Ham,2223,0.5720054734172145,0.24390081100023359,0.1840937155825518,0.04061608306313369,avg_close,0.044623405502050906
2023-03-04,Chelsea,Leeds,2223,0.6083962098613792,0.23218985786980176,0.1594139322688191,0.04029476539518506,avg_close,0.011607381652848359
2023-03-04,Manchester City,Newcastle,2223,0.6399076919087809,0.21618503105026382,0.14390727704095524,0.04181692937315118,avg_close,-0.019826915111644916
2023-03-04,Southampton,Leicester,2223,0.3442048197538681,0.28925645997388316,0.3665387202722488,0.04130714765818588,avg_close,-0.00246366100024642
2023-03-04,Wolves,Tottenham,2223,0.29495819414138685,0.29586575781566804,0.40917604804294516,0.039972688843593396,avg_close,0.009394787022702966
2023-03-05,Liverpool,Manchester United,2223,0.39210938941154766,0.2694382955174322,0.3384523150710201,0.03671086696165404,avg_close,-0.005783635156916711
2023-03-05,Nottingham Forest,Everton,2223,0.31609502042636556,0.3171382383155615,0.36676674125807296,0.040659761034359754,avg_close,-0.04463775359640981
2023-03-06,Brentford,Fulham,2223,0.4713144517066085,0.2716049382716049,0.25708061002178645,0.04006163328197232,avg_close,0.0
2023-03-11,Bournemouth,Liverpool,2223,0.13324613061320728,0.1891831200983557,0.6775707492884371,0.04670967408322779,avg_close,0.0
2023-03-11,Crystal Palace,Manchester City,2223,0.09645674341964601,0.18947542469760165,0.7140678318827524,0.045094910309519065,avg_close,-0.010058213148878281
2023-03-11,Everton,Brentford,2223,0.3579192391056125,0.3124506712713491,0.32963008962303836,0.042509839064859056,avg_close,0.009678169595057129
2023-03-11,Leeds,Brighton,2223,0.22343763661268543,0.25561265628491214,0.5209497071024024,0.043245160636464997,avg_close,-0.026842409792809607
2023-03-11,Leicester,Chelsea,2223,0.23864414400604964,0.26428359749430286,0.4970722584996474,0.04237302759529138,avg_close,-0.003130245532590281
2023-03-11,Tottenham,Nottingham Forest,2223,0.6642488476084283,0.21022381111123883,0.1255273412803329,0.04545826002518916,avg_close,0.0
2023-03-12,Fulham,Arsenal,2223,0.1254444621096636,0.2043487613044413,0.670206776585895,0.04341036786141128,avg_close,-0.032179766056890435
2023-03-12,Manchester United,Southampton,2223,0.7548404951364428,0.15664173673583046,0.0885177681277269,0.04313637103004275,avg_close,0.037058630554961836
2023-03-12,Newcastle,Wolves,2223,0.5857853337772598,0.2508323622440486,0.16338230397869152,0.040920730515985326,avg_close,0.006391732677285877
2023-03-12,West Ham,Aston Villa,2223,0.41228568537874244,0.29430855079344076,0.2934057638278167,0.0454752567085972,avg_close,-0.020077374375782775
2023-03-15,Brighton,Crystal Palace,2223,0.7011076303423585,0.19287499067651226,0.10601737898112926,0.04110549608886549,avg_close,0.050664327889621386
2023-03-15,Southampton,Brentford,2223,0.2969512856677878,0.2987957035911902,0.40425301074102205,0.039369048746712876,avg_close,-0.040632947303805234
2023-03-17,Nottingham Forest,Newcastle,2223,0.17611260090869932,0.255950313320643,0.5679370857706576,0.04186888153013779,avg_close,0.009129995582561362
2023-03-18,Aston Villa,Bournemouth,2223,0.5584242283592481,0.24947783708517055,0.19209793455558136,0.04113560857746901,avg_close,-0.009872255231954563
2023-03-18,Brentford,Leicester,2223,0.5137939762085547,0.2495570741584409,0.23664894963300434,0.04080503674824154,avg_close,0.023783903068402112
2023-03-18,Chelsea,Everton,2223,0.6462767367472327,0.23259718303221663,0.12112608022055055,0.038472996839134854,avg_close,0.012896624876355123
2023-03-18,Southampton,Tottenham,2223,0.21150023813303698,0.2637942530560406,0.5247055088109223,0.041437679337585465,avg_close,0.01186648133933571
2023-03-18,Wolves,Leeds,2223,0.40908860631237653,0.2963675971427124,0.2945437965449111,0.04464025826254936,avg_close,0.0
2023-03-19,Arsenal,Crystal Palace,2223,0.757816088500058,0.16294339104267458,0.07924052045726748,0.04728680968183596,avg_close,-0.01724306848241397
2023-04-01,Arsenal,Leeds,2223,0.7572243331016559,0.15264681000620683,0.09012885689213714,0.03985244581072167,avg_close,0.019155362938781728
2023-04-01,Bournemouth,Fulham,2223,0.375481589086086,0.2930588012379208,0.3314596096759932,0.04033063498738443,avg_close,0.007384545206174542
2023-04-01,Brighton,Brentford,2223,0.5942931499209964,0.2325494934473464,0.17315735663165724,0.038685959445004414,avg_close,0.036279542059579284
2023-04-01,Chelsea,Aston Villa,2223,0.5940663114298831,0.24364238595352164,0.1622913026165954,0.03908257166025342,avg_close,0.02354786253997676
2023-04-01,Crystal Palace,Leicester,2223,0.4044983796242585,0.2908477774941798,0.3046538428815617,0.038738567054799944,avg_close,0.02173487182670697
2023-04-01,Manchester City,Liverpool,2223,0.5737736841080365,0.23227464802445813,0.1939516678675053,0.03740919412054655,avg_close,-0.004461870682239466
2023-04-01,Nottingham Forest,Wolves,2223,0.2895844660194175,0.30814757281553395,0.40226796116504854,0.040127681630933054,avg_close,-0.028279518813390636
2023-04-02,Newcastle,Manchester United,2223,0.4125216350120696,0.2754084268132155,0.312069938174715,0.04039282532094601,avg_close,0.027463215708753708
2023-04-02,West Ham,Southampton,2223,0.5466774408213709,0.2593402414678201,0.193982317710809,0.03933650038336589,avg_close,0.0
2023-04-03,Everton,Tottenham,2223,0.2517338589867162,0.2871574858501164,0.46110865516316757,0.04263761997507087,avg_close,-0.027494396876465932
2023-04-04,Bournemouth,Brighton,2223,0.16510658095281944,0.2217906375472206,0.6131027814999601,0.038884008323940566,avg_close,0.00572937573877455
2023-04-04,Chelsea,Liverpool,2223,0.4461028314573623,0.2729694379455815,0.2809277305970561,0.037794271447506134,avg_close,0.0053886971471414635
2023-04-04,Leeds,Nottingham Forest,2223,0.5659423438267042,0.24796442899623636,0.1860932271770594,0.039390850559450685,avg_close,0.03077180050328543
2023-04-04,Leicester,Aston Villa,2223,0.3556137058959483,0.2834450420523588,0.3609412520516929,0.03765317230171639,avg_close,-0.015852668273078185
2023-04-05,Manchester United,Brentford,2223,0.5929134686152876,0.22653769319735043,0.180548838187362,0.04110293203308757,avg_close,0.023891583668938732
2023-04-05,West Ham,Newcastle,2223,0.2778646347201773,0.2967319864604362,0.4254033788193865,0.04013719245529912,avg_close,0.006998167293457924
2023-04-08,Aston Villa,Nottingham Forest,2223,0.6082644628099174,0.23102352193261289,0.16071201525746984,0.04052008805723695,avg_close,0.00945648535361332
2023-04-08,Brentford,Newcastle,2223,0.23456199138343709,0.27477261847774054,0.49066539013882243,0.03982080637132901,avg_close,-0.02433639402450674
2023-04-08,Fulham,West Ham,2223,0.32601361349511687,0.296833382657591,0.37715300384729217,0.039781888901197604,avg_close,-0.01561153047747249
2023-04-08,Leicester,Bournemouth,2223,0.45982285465369543,0.27615797880063886,0.2640191665456657,0.040550496085886234,avg_close,-0.05462658316601943
2023-04-08,Manchester United,Everton,2223,0.6117780536053683,0.22760463131763703,0.1606173150769947,0.041133580071343934,avg_close,-0.029505192979788042
2023-04-08,Southampton,Manchester City,2223,0.07900267626290881,0.15309131046161756,0.7679060132754737,0.04179415992281488,avg_close,-0.012730593670132809
2023-04-08,Tottenham,Brighton,2223,0.3486795760867864,0.2797545436045146,0.37156588030869897,0.03911690109870092,avg_close,-0.023407860852346085
2023-04-08,Wolves,Chelsea,2223,0.19236004967520062,0.2662220576996561,0.5414178926251434,0.037641645134834256,avg_close,-0.028666992495827326
2023-04-09,Leeds,Crystal Palace,2223,0.4640457825329684,0.27842746951978103,0.25752674794725056,0.04104337464869001,avg_close,0.01580626932154372
2023-04-09,Liverpool,Arsenal,2223,0.35433070866141736,0.2677165354330709,0.3779527559055119,0.037581699346405095,avg_close,0.018484764056309166
2023-04-15,Aston Villa,Newcastle,2223,0.2645369014350659,0.2791056003546783,0.45635749821025595,0.03851399647814224,avg_close,0.017092159438906296
2023-04-15,Chelsea,Brighton,2223,0.3270231564449105,0.28529616615668746,0.387680677398402,0.04009776591789205,avg_close,-0.04236961341945439
2023-04-15,Everton,Fulham,2223,0.43273648228479245,0.29199847740797547,0.2752650403072319,0.04093476952100383,avg_close,-0.035036457922030084
2023-04-15,Manchester City,Leicester,2223,0.8470342455606044,0.10272542978075414,0.050240324658641464,0.03560509749588192,avg_close,0.0
2023-04-15,Southampton,Crystal Palace,2223,0.3284327940224278,0.3084320790018313,0.363135126975741,0.03916823940650316,avg_close,-0.0062937313840346065
2023-04-15,Tottenham,Bournemouth,2223,0.6367507391368286,0.21509924297463337,0.1481500178885379,0.04004850709224028,avg_close,-0.0067422193239066175
2023-04-15,Wolves,Brentford,2223,0.34207497959264943,0.3032273478408028,0.3546976725665479,0.040332989407108055,avg_close,-0.0466416479844462
2023-04-16,Nottingham Forest,Manchester United,2223,0.19400317599449038,0.23996402816276116,0.5660327958427483,0.03922475594694497,avg_close,0.027429636157821846
2023-04-16,West Ham,Arsenal,2223,0.17258012648729767,0.2292850251902669,0.5981348483224354,0.03842472005164854,avg_close,0.02338301890749306
2023-04-17,Leeds,Liverpool,2223,0.2106990595431411,0.2228922921555914,0.5664086483012676,0.03853515634311089,avg_close,-0.016030741120243386
2023-04-21,Arsenal,Southampton,2223,0.7949414286845162,0.13585863399834244,0.06919993731714133,0.0396316648880084,avg_close,-0.004787493893502637
2023-04-22,Brentford,Aston Villa,2223,0.3648239303294207,0.29363877319197274,0.3415372964786066,0.03827585664638078,avg_close,-0.01759171733560677
2023-04-22,Crystal Palace,Everton,2223,0.48836045652743687,0.2863303867140032,0.2253091567585599,0.039425298287743216,avg_close,0.035715602325122886
2023-04-22,Fulham,Leeds,2223,0.40365892385503727,0.27927565080668276,0.3170654253382801,0.04089874494582535,avg_close,-0.000921814556500089
2023-04-22,Leicester,Wolves,2223,0.3963894622677815,0.29188678585173006,0.31172375188048845,0.03817753224441467,avg_close,0.0
2023-04-22,Liverpool,Nottingham Forest,2223,0.8226451518837123,0.11926825622105865,0.058086591895228926,0.03896662217450686,avg_close,-0.0008943291139235088
2023-04-23,Bournemouth,West Ham,2223,0.32433130895464524,0.2918981780591808,0.38377051298617393,0.03813701423263183,avg_close,-0.012391351717792876
2023-04-23,Newcastle,Tottenham,2223,0.50186799501868,0.2590286425902864,0.2391033623910336,0.037789495450785804,avg_close,-0.016514233830562275
2023-04-25,Aston Villa,Fulham,2223,0.5508046762876148,0.25167315496170384,0.19752216875068151,0.037443209959581836,avg_close,0.010283645298742483
2023-04-25,Leeds,Leicester,2223,0.4057550310444529,0.26936678531522507,0.32487818364032206,0.03989081092580715,avg_close,0.008478957708613288
2023-04-25,Wolves,Crystal Palace,2223,0.4136740861188237,0.3167405543880102,0.26958535949316603,0.041966362463445206,avg_close,0.03379970701259
2023-04-26,Chelsea,Brentford,2223,0.5383368135848003,0.262567546680325,0.19909563973487454,0.037750352157726486,avg_close,-0.0430101341867376
2023-04-26,Manchester City,Arsenal,2223,0.5811440081436401,0.23189881094193326,0.1869571809144268,0.03659270355123523,avg_close,-0.026297662748313466
2023-04-26,Nottingham Forest,Brighton,2223,0.17430174455179187,0.22544662264797494,0.6002516328002333,0.04122998730434624,avg_close,0.02249514900849528
2023-04-26,West Ham,Liverpool,2223,0.26621136379638105,0.2522002393860452,0.4815883968175737,0.04344823532869024,avg_close,0.028072160038104255
2023-04-27,Everton,Newcastle,2223,0.21230239673635903,0.2616075981642019,0.526090005099439,0.044404083188569254,avg_close,0.013097205456779643
2023-04-27,Southampton,Bournemouth,2223,0.3807168326618993,0.29277008712298025,0.3265130802151204,0.03819133562466015,avg_close,-0.047207706287047624
2023-04-27,Tottenham,Manchester United,2223,0.33618744444360027,0.2563989576289858,0.4074135979274139,0.040045829876338424,avg_close,-0.01306240928882435
2023-04-29,Brentford,Nottingham Forest,2223,0.5534718702483526,0.2554485554992397,0.19107957425240749,0.03837733148077982,avg_close,-0.0291527023942193
2023-04-29,Brighton,Wolves,2223,0.6135707098964799,0.22507149872370877,0.16135779137981132,0.03809172257700988,avg_close,-0.035903517023268106
2023-04-29,Crystal Palace,West Ham,2223,0.3736857354919884,0.3029565742001294,0.3233576903078822,0.04126280831530682,avg_close,0.026373945314495217
2023-04-30,Bournemouth,Leeds,2223,0.3896195012433835,0.28304710825622276,0.3273333905003937,0.03911200107573398,avg_close,0.01569109214358444
2023-04-30,Fulham,Manchester City,2223,0.08577454110443937,0.15711317087921003,0.7571122880163507,0.04000633362609585,avg_close,0.026156393027558678
2023-04-30,Liverpool,Tottenham,2223,0.6217544328823644,0.19911557251398035,0.1791299946036552,0.03764646651846992,avg_close,0.0022565849788299674
2023-04-30,Manchester United,Aston Villa,2223,0.5502700177016596,0.23429988588270179,0.2154300964156386,0.03845122039409987,avg_close,-0.003707994985115648
2023-04-30,Newcastle,Southampton,2223,0.7652334782396327,0.15501514189420212,0.0797513798661652,0.03713548376965026,avg_close,0.030556911901764794
2023-05-01,Leicester,Everton,2223,0.47562076749435667,0.27928893905191876,0.2450902934537246,0.04084922018542625,avg_close,0.010997988939165482
2023-05-02,Arsenal,Chelsea,2223,0.5983622672920724,0.22774544925301102,0.1738922834549164,0.038030046970157994,avg_close,0.015383115730854047
2023-05-03,Liverpool,Fulham,2223,0.7445904901484689,0.15669196285342984,0.09871754699810123,0.04110085839941524,avg_close,-0.0216551932400334
2023-05-03,Manchester City,West Ham,2223,0.8169553724310882,0.1224914027279141,0.06055322484099773,0.03733650051995818,avg_close,0.017593528816986947
2023-05-04,Brighton,Manchester United,2223,0.4437958131501847,0.25144566959161896,0.3047585172581964,0.03838179503421446,avg_close,-0.03882298431891301
2023-05-06,Bournemouth,Chelsea,2223,0.2711942545543606,0.26595016675911054,0.4628555786865288,0.03870246553695322,avg_close,-0.01576983403911103
2023-05-06,Liverpool,Brentford,2223,0.6738189233063154,0.1867366395984556,0.1394444370952288,0.0378169492025382,avg_close,0.014274018055286164
2023-05-06,Manchester City,Leeds,2223,0.8296621629431006,0.11349152228938637,0.05684631476751309,0.03906023924145541,avg_close,0.0
2023-05-06,Tottenham,Crystal Palace,2223,0.5242925974038348,0.251879472381999,0.22382793021416617,0.036593428098609326,avg_close,0.0062231940122782214
2023-05-06,Wolves,Aston Villa,2223,0.30841577827638716,0.2889661346012997,0.402618087122313,0.039223162654125066,avg_close,-0.026399902473858428
2023-05-07,Newcastle,Arsenal,2223,0.417462482946794,0.2578444747612551,0.32469304229195084,0.036980448745154604,avg_close,0.03543980510298661
2023-05-07,West Ham,Manchester United,2223,0.26942760918711006,0.261374066521191,0.469198324291699,0.039656053301490246,avg_close,-0.008715763151907197
2023-05-08,Brighton,Everton,2223,0.7125320588436745,0.1736314583824839,0.11383648277384151,0.039589351169467824,avg_close,-0.003526388489868082
2023-05-08,Fulham,Leicester,2223,0.35856046573167505,0.2868483725853401,0.354591161682985,0.040645481081676316,avg_close,-0.0010549136460709096
2023-05-08,Nottingham Forest,Southampton,2223,0.4781678488243416,0.27539179832003624,0.2464403528556222,0.04045564551059999,avg_close,0.028678624451649593
2023-05-13,Aston Villa,Tottenham,2223,0.4197429711563263,0.26406906701867777,0.3161879618249958,0.040353865853751,avg_close,0.010023228704893361
2023-05-13,Chelsea,Nottingham Forest,2223,0.6172014893556547,0.22391495892902824,0.15888355171531707,0.038600282210689674,avg_close,-0.03379927187738763
2023-05-13,Crystal Palace,Bournemouth,2223,0.5445919110048792,0.2550073234070467,0.2004007655880741,0.03742222386290184,avg_close,0.018942641355378598
2023-05-13,Leeds,Newcastle,2223,0.19083647807128665,0.2190924486285387,0.5900710733001747,0.039700063729858126,avg_close,-0.021031238027008875
2023-05-13,Manchester United,Wolves,2223,0.6970707264096758,0.18357969512315886,0.1193495784671653,0.03954685472409758,avg_close,-0.006078071034773758
2023-05-13,Southampton,Fulham,2223,0.3516663259047229,0.27908403189531794,0.36924964219995904,0.041613425334355636,avg_close,0.018441059071784116
2023-05-14,Arsenal,Brighton,2223,0.5552487502975483,0.22443465841466317,0.2203165912877886,0.04103734005914661,avg_close,-0.008977029366034062
2023-05-14,Brentford,West Ham,2223,0.526157017521808,0.2645239950727771,0.20931898740541496,0.03856466650479473,avg_close,0.05616653574234087
2023-05-14,Everton,Manchester City,2223,0.11595763039172988,0.18575736907413037,0.6982850005341398,0.04531388579294471,avg_close,0.01198570979243184
2023-05-15,Leicester,Liverpool,2223,0.20575539568345322,0.22446043165467622,0.5697841726618704,0.038491423106807865,avg_close,0.03196033348235941
2023-05-18,Newcastle,Brighton,2223,0.5321455547163105,0.2359266006131426,0.23192784467054695,0.043991724880094285,avg_close,0.04961328051311059
2023-05-20,Bournemouth,Manchester United,2223,0.13272400004311322,0.1838885954795805,0.6833874044773064,0.0378005996444728,avg_close,-0.02330022918258215
2023-05-20,Fulham,Crystal Palace,2223,0.4074022486864607,0.29492923524541326,0.2976685160681261,0.040074803036804996,avg_close,0.012209694449714537
2023-05-20,Liverpool,Aston Villa,2223,0.6458626477933618,0.19841965880662044,0.15571769340001768,0.0391388043422527,avg_close,-0.018374761205402046
2023-05-20,Nottingham Forest,Arsenal,2223,0.18295950721141016,0.2302313416105305,0.5868091511780593,0.03910461576280588,avg_close,0.009533356944152499
2023-05-20,Tottenham,Brentford,2223,0.4941358707678691,0.2555875193626909,0.2502766098694401,0.03781276195069294,avg_close,-0.023637387510625385
2023-05-20,Wolves,Everton,2223,0.3076360797400679,0.27910171872069933,0.4132622015392329,0.03852843971136499,avg_close,-0.039477770971554804
2023-05-21,Brighton,Southampton,2223,0.7970710230789207,0.13068508643976887,0.07224389048131043,0.03685400304648412,avg_close,0.029486658138568544
2023-05-21,Manchester City,Chelsea,2223,0.6011212395435583,0.23241441719822542,0.16646434325821619,0.026887606044328383,avg_close,-0.14506180707374206
2023-05-21,West Ham,Leeds,2223,0.37083417491415877,0.2746919814178954,0.3544738436679459,0.03716272833919887,avg_close,-0.030869550932372036
2023-05-22,Newcastle,Leicester,2223,0.7354261035557408,0.16164567041241953,0.1029282260318398,0.03798162036288977,avg_close,0.03595029643672576
2023-05-24,Brighton,Manchester City,2223,0.24868747823313256,0.23242945907503426,0.5188830626918332,0.04173864865882071,avg_close,0.015042977898464066
2023-05-25,Manchester United,Chelsea,2223,0.6163417988095123,0.21901895356328915,0.1646392476271985,0.04004895053979207,avg_close,0.030745460975874273
2023-05-28,Arsenal,Wolves,2223,0.7465084825497634,0.15582458616330017,0.09766693128693661,0.038425974480386094,avg_close,0.04428087462909169
2023-05-28,Aston Villa,Brighton,2223,0.5111930436621207,0.2378819114071255,0.25092504493075374,0.04053625183639409,avg_close,0.04284433384881192
2023-05-28,Brentford,Manchester City,2223,0.2847851171902538,0.2688307688882788,0.44638411392146754,0.04196422893220486,avg_close,0.04553343060082132
2023-05-28,Chelsea,Newcastle,2223,0.3431367286057194,0.2546147534069035,0.402248517987377,0.04454845310350186,avg_close,0.035010797722662135
2023-05-28,Crystal Palace,Nottingham Forest,2223,0.596515264565877,0.23335560472014746,0.1701291307139756,0.047751896935702476,avg_close,0.024915727304057778
2023-05-28,Everton,Bournemouth,2223,0.5940599727302059,0.22805145872581367,0.17788856854398036,0.039093658810817056,avg_close,-0.05576777209083017
2023-05-28,Leeds,Tottenham,2223,0.3457784100367753,0.25032916143287376,0.4038924285303509,0.04029696410938488,avg_close,0.009202195352136233
2023-05-28,Leicester,West Ham,2223,0.4616899828902532,0.24373481330246868,0.29457520380727814,0.0413248036258842,avg_close,-0.006644207875869446
2023-05-28,Manchester United,Fulham,2223,0.648163822289781,0.1930145788710012,0.15882159883921787,0.042445833043724956,avg_close,0.02004028853109907
2023-05-28,Southampton,Liverpool,2223,0.16153857899799964,0.19339125654690104,0.6450701644550993,0.0404154099488363,avg_close,0.0245112676479724
2023-08-11,Burnley,Manchester City,2324,0.10340361003208316,0.17588100275181848,0.7207153872160984,0.04324080293664889,avg_close,-0.012597718881045564
2023-08-12,Arsenal,Nottingham Forest,2324,0.8099595263774367,0.12972433867956257,0.060316134943000616,0.03750385925109723,avg_close,0.0
2023-08-12,Bournemouth,West Ham,2324,0.35620862830048267,0.27245419161793294,0.3713371800815843,0.03975687545092654,avg_close,0.011414297845191546
2023-08-12,Brighton,Luton,2324,0.7513074408878067,0.16054649821976502,0.08814606089242828,0.03985393659459935,avg_close,0.046095943951230844
2023-08-12,Everton,Fulham,2324,0.41377075489167336,0.2926671193136226,0.29356212579470403,0.041722929092625316,avg_close,-0.02194697957409819
2023-08-12,Newcastle,Aston Villa,2324,0.5821739520689345,0.23202585046225652,0.18580019746880888,0.04103009745932984,avg_close,0.04218771029056023
2023-08-12,Sheffield United,Crystal Palace,2324,0.25191549670047386,0.3037335577306346,0.4443509455688914,0.0418858507665445,avg_close,-0.05229954655789515
2023-08-13,Brentford,Tottenham,2324,0.3701511138806668,0.27340707275276527,0.356441813366568,0.03907666407666399,avg_close,0.03692095382774846
2023-08-13,Chelsea,Liverpool,2324,0.31687692089106917,0.25688155720236006,0.4262415219065709,0.038091911193913974,avg_close,-0.02282371883798251
2023-08-14,Manchester United,Wolves,2324,0.755633863110983,0.15680637355407656,0.08755976333494055,0.042041143526015734,avg_close,0.03036635894453743
2023-08-18,Nottingham Forest,Sheffield United,2324,0.4983122179363226,0.2795763315747391,0.2221114504889382,0.03977927166160167,avg_close,0.010707774105661427
2023-08-19,Fulham,Brentford,2324,0.3410246118262349,0.30147003302507286,0.35750535514869236,0.03983676479837639,avg_close,-0.011340983899627788
2023-08-19,Liverpool,Bournemouth,2324,0.79965774455298,0.12478404336327384,0.07555821208374613,0.04211250251715937,avg_close,0.0023464458247066666
2023-08-19,Manchester City,Newcastle,2324,0.5228215767634855,0.25449515905947445,0.2226832641770401,0.039510006901311234,avg_close,-0.04755238674079365
2023-08-19,Tottenham,Manchester United,2324,0.31907350508154103,0.2540770503427086,0.42684944457575036,0.04122062261597148,avg_close,-0.022403621198250456
2023-08-19,Wolves,Brighton,2324,0.2308956372833959,0.2371514304117638,0.5319529323048403,0.038599760041734044,avg_close,-0.009122652126544312
2023-08-20,Aston Villa,Everton,2324,0.5220193894389439,0.2514438943894389,0.22653671617161714,0.04110742218538066,avg_close,-0.029007838145642117
2023-08-20,West Ham,Chelsea,2324,0.29318089015924864,0.26704777460187834,0.43977133523887296,0.04307752591721825,avg_close,0.04936401135248364
2023-08-21,Crystal Palace,Arsenal,2324,0.21816461437912746,0.2716303086072516,0.5102050770136208,0.03703501383700236,avg_close,0.053474422224114165
2023-08-25,Chelsea,Luton,2324,0.7631490787269681,0.15711892797319935,0.0797319932998325,0.03996822609640871,avg_close,0.016702539487400747
2023-08-26,Arsenal,Fulham,2324,0.7528100609205801,0.1598777219680831,0.0873122171113367,0.04594985598395018,avg_close,-0.05388850941634027
2023-08-26,Bournemouth,Tottenham,2324,0.27713702646591754,0.24913613519086375,0.47372683834321877,0.03986263299172288,avg_close,0.022580188858216554
2023-08-26,Brentford,Crystal Palace,2324,0.4481337386464059,0.2893355970239557,0.26253066432963834,0.03789614340276537,avg_close,0.0
2023-08-26,Brighton,West Ham,2324,0.6363757188843862,0.20103082332958638,0.16259345778602757,0.04066141428229764,avg_close,0.009760383565950659
2023-08-26,Everton,Wolves,2324,0.39559308554185857,0.28609857079366563,0.3183083436644757,0.040267509178473215,avg_close,-0.02254426869770787
2023-08-26,Manchester United,Nottingham Forest,2324,0.7013425350394102,0.18133571248167263,0.11732175247891732,0.048409416100423375,avg_close,-0.03159425269535865
2023-08-27,Burnley,Aston Villa,2324,0.29941774847640407,0.27150592446589183,0.429076327057704,0.040440926885565,avg_close,0.018097526259205243
2023-08-27,Newcastle,Liverpool,2324,0.43229702527398783,0.24992171773652427,0.31778125698948784,0.041992944931686704,avg_close,0.00444032525786181
2023-08-27,Sheffield United,Manchester City,2324,0.06521678282531419,0.13696457394500888,0.7978186432296769,0.0445147407935822,avg_close,0.005850876495381782
2023-09-01,Luton,West Ham,2324,0.20571418429856447,0.2389764280284319,0.5553093876730035,0.04092366329903152,avg_close,0.011414881243284353
2023-09-02,Brentford,Bournemouth,2324,0.5559002467073827,0.24163503186024418,0.20246472143237304,0.03981727927743384,avg_close,0.0007650724693890609
2023-09-02,Brighton,Newcastle,2324,0.37627036896682403,0.2518344989148035,0.3718951321183725,0.04222095357095412,avg_close,-0.002796211559352668
2023-09-02,Burnley,Tottenham,2324,0.2638823286554495,0.25343843702000957,0.4826792343245408,0.04109008028340844,avg_close,0.009097984409033533
2023-09-02,Chelsea,Nottingham Forest,2324,0.6832456683168318,0.19763304455445546,0.1191212871287129,0.04543028577897812,avg_close,-0.002555260122543479
2023-09-02,Manchester City,Fulham,2324,0.8137987262797272,0.1250367834648539,0.06116449025541897,0.041360227967901064,avg_close,-0.009247811961664354
2023-09-02,Sheffield United,Everton,2324,0.30710351908895733,0.2851675534397461,0.4077289274712966,0.043663783025485126,avg_close,-0.016509856630824438
2023-09-03,Arsenal,Manchester United,2324,0.5434417426266076,0.23234103489108587,0.2242172224823066,0.039617878232469206,avg_close,0.001736167097367347
2023-09-03,Crystal Palace,Wolves,2324,0.5059351304140697,0.2715471038945572,0.22251776569137321,0.04028314666138022,avg_close,0.01637421571824116
2023-09-03,Liverpool,Aston Villa,2324,0.5972303634232121,0.2081257327080891,0.1946439038686987,0.03999737867014752,avg_close,0.020561199806482855
2023-09-16,Aston Villa,Crystal Palace,2324,0.49584542113094227,0.2642692629104472,0.23988531595861046,0.03956575085453928,avg_close,-0.005181048384004294
2023-09-16,Fulham,Luton,2324,0.5777796299831419,0.2530644289635925,0.1691559410532655,0.04262872433178999,avg_close,0.005157881829861766
2023-09-16,Manchester United,Brighton,2324,0.48015784171051157,0.240680622411284,0.2791615358782044,0.04132424083464481,avg_close,0.03490422620857403
2023-09-16,Newcastle,Brentford,2324,0.5862817728956443,0.2356622812619747,0.17805594584238088,0.04003932196184712,avg_close,-0.026158392266791952
2023-09-16,Tottenham,Sheffield United,2324,0.744967388904619,0.15575493220210027,0.09927767889328085,0.040574137868554905,avg_close,-0.0008361086776221827
2023-09-16,West Ham,Manchester City,2324,0.1722571256167252,0.22858765484683916,0.5991552195364355,0.03665626563833868,avg_close,0.04534726558949684
2023-09-16,Wolves,Liverpool,2324,0.20190439662144696,0.22139861422627635,0.5766969891522767,0.03833105855086627,avg_close,0.06214218447128114
2023-09-17,Bournemouth,Chelsea,2324,0.2371064619647981,0.24810624628275266,0.5147872917524492,0.03879673577086851,avg_close,0.007208802120185792
2023-09-17,Everton,Arsenal,2324,0.16751675558214202,0.22003345012391196,0.6124497942939461,0.03999165497888013,avg_close,0.013968059721406995
2023-09-18,Nottingham Forest,Burnley,2324,0.45468228591147547,0.2780810502241198,0.2672366638644048,0.0423402537862938,avg_close,0.026779890622648128
2023-09-23,Brentford,Everton,2324,0.49848531767937204,0.27024625368572697,0.23126842863490094,0.03941820681501662,avg_close,-0.02237555861644347
2023-09-23,Burnley,Manchester United,2324,0.23165222543138558,0.2458712878619566,0.5224764867066577,0.040196591994576814,avg_close,0.010088193851783556
2023-09-23,Crystal Palace,Fulham,2324,0.4629153445596041,0.28828260978562176,0.2488020456547743,0.03856836119055851,avg_close,-0.035124296131927246
2023-09-23,Luton,Wolves,2324,0.30306671904971,0.2902867971620717,0.40664648378821844,0.03761115635218193,avg_close,0.01718240681673089
2023-09-23,Manchester City,Nottingham Forest,2324,0.8292755071405703,0.11861400595352178,0.05211048690590799,0.03954470871778959,avg_close,-0.009539305731512626
2023-09-24,Arsenal,Tottenham,2324,0.5871004492594742,0.22033060338341823,0.19256894735710756,0.038589049506055684,avg_close,0.018489791736650996
2023-09-24,Brighton,Bournemouth,2324,0.6423617274454503,0.1962408535984064,0.16139741895614332,0.03783684205139748,avg_close,-0.06474270528291415
2023-09-24,Chelsea,Aston Villa,2324,0.51768119328582,0.2468941075670834,0.23542469914709666,0.03854344251851938,avg_close,0.014264449397937529
2023-09-24,Liverpool,West Ham,2324,0.7034266862835328,0.17270511831692473,0.1238681953995424,0.03767318120350027,avg_close,0.018585101896395173
2023-09-24,Sheffield United,Newcastle,2324,0.15328025382793709,0.21957308671919593,0.6271466594528669,0.042172132132597184,avg_close,0.02114038559150322
2023-09-30,Aston Villa,Brighton,2324,0.38437860715659866,0.25971527510580983,0.35590611773759134,0.04064064064064077,avg_close,0.013269965022828678
2023-09-30,Bournemouth,Arsenal,2324,0.15957995502465389,0.2114872810546512,0.6289327639206947,0.039212470292365076,avg_close,0.0
2023-09-30,Everton,Luton,2324,0.5831522211596976,0.24863079196731286,0.1682169868729897,0.03928371370231831,avg_close,-0.03726336343045278
2023-09-30,Manchester United,Crystal Palace,2324,0.6142322275898063,0.22637197120093805,0.15939580120925556,0.03697371539514149,avg_close,0.004211987082315294
2023-09-30,Newcastle,Burnley,2324,0.6979794605115989,0.18776055662885113,0.11425998285954998,0.0381934170788949,avg_close,-0.041570595635006646
2023-09-30,Tottenham,Liverpool,2324,0.3260701648557788,0.24496641826728557,0.4289634168769356,0.036089388881267004,avg_close,-0.008179079271658118
2023-09-30,West Ham,Sheffield United,2324,0.6682059136693105,0.20088027467302863,0.13091381165766086,0.039267133436533985,avg_close,0.0015645984812704405
2023-09-30,Wolves,Manchester City,2324,0.11588954277953824,0.1887732005432322,0.6953372566772296,0.0346410371702639,avg_close,0.00831492054513637
2023-10-01,Nottingham Forest,Brentford,2324,0.3629277000892592,0.2996132103540613,0.3374590895566796,0.039762163299272624,avg_close,0.014279598385182446
2023-10-02,Fulham,Chelsea,2324,0.278655928537777,0.28109315240253885,0.44025091905968416,0.03718353511104566,avg_close,0.014996879386494522
2023-10-03,Luton,Burnley,2324,0.3275984868868806,0.30479099729349013,0.36761051581962934,0.038271139937277265,avg_close,0.003497986416506449
2023-10-07,Burnley,Chelsea,2324,0.1864050455501051,0.24106517168885774,0.5725297827610372,0.03966311126653843,avg_close,-0.02569308923678504
2023-10-07,Crystal Palace,Nottingham Forest,2324,0.4173036315559191,0.3040919207868054,0.2786044476572755,0.037375187190106685,avg_close,-0.012052346405614811
2023-10-07,Everton,Bournemouth,2324,0.50186799501868,0.2590286425902864,0.2391033623910336,0.037789495450785804,avg_close,0.019452367389447278
2023-10-07,Fulham,Sheffield United,2324,0.6349310227480955,0.21884243867961567,0.14622653857228868,0.03616725797176934,avg_close,0.06044069854236522
2023-10-07,Luton,Tottenham,2324,0.14146759007081164,0.19049101237257804,0.6680413975566104,0.03952306995405408,avg_close,-0.02108828420141151
2023-10-07,Manchester United,Brentford,2324,0.5812601266954595,0.23028444160249706,0.18845543170204349,0.03638562304109039,avg_close,0.020195262326775487
2023-10-08,Arsenal,Manchester City,2324,0.3216374269005848,0.29239766081871343,0.3859649122807018,0.036363636363636376,avg_close,0.0026083530729357762
2023-10-08,Brighton,Liverpool,2324,0.2968421710638269,0.23024750738840985,0.47291032154776336,0.03655187061055365,avg_close,-0.01620346674629619
2023-10-08,West Ham,Newcastle,2324,0.28447438234876693,0.26277061475812535,0.45275500289310794,0.036948382845277905,avg_close,-0.01884396570867386
2023-10-08,Wolves,Aston Villa,2324,0.265415597440281,0.26688604396349586,0.4676983585962233,0.03792729711710274,avg_close,-0.01917070755110145
2023-10-21,Bournemouth,Wolves,2324,0.40937275082077,0.28129414164585076,0.3093331075333793,0.03947298407245903,avg_close,0.017766165765838504
2023-10-21,Brentford,Burnley,2324,0.5505212096191557,0.2528640726597172,0.196614717721127,0.037977395682682547,avg_close,0.034108145815029745
2023-10-21,Chelsea,Arsenal,2324,0.2929626174603535,0.2903233146003503,0.416714067939296,0.03436508608922417,avg_close,-0.01013126571562506
2023-10-21,Liverpool,Everton,2324,0.69236151784835,0.1772343480311614,0.13040413412048868,0.039087878060306114,avg_close,-0.028087575620395877
2023-10-21,Manchester City,Brighton,2324,0.7085701986503424,0.1678842282516491,0.12354557309800845,0.03771527372675143,avg_close,0.02168808699950575
2023-10-21,Newcastle,Crystal Palace,2324,0.6594231302402508,0.21635006070803733,0.12422680905171177,0.038682866037426766,avg_close,0.0
2023-10-21,Nottingham Forest,Luton,2324,0.5556596211692442,0.2619321919953113,0.18240818683544446,0.04026756679673449,avg_close,-0.013373363568007668
2023-10-21,Sheffield United,Manchester United,2324,0.12192861124632316,0.17408940703220513,0.7039819817214718,0.03685467277778054,avg_close,-0.01743600568278761
2023-10-22,Aston Villa,West Ham,2324,0.5321004327268055,0.24444207696332942,0.22345749030986498,0.038311855929207494,avg_close,0.037591343835925106
2023-10-23,Tottenham,Fulham,2324,0.6420078915048735,0.2031670542736941,0.1548250542214325,0.03840883498175196,avg_close,0.0029038112522685733
2023-10-27,Crystal Palace,Tottenham,2324,0.21192706374214557,0.2505596014034742,0.5375133348543804,0.03934020172437824,avg_close,0.0006958415185439326
2023-10-28,Arsenal,Sheffield United,2324,0.8547650078398323,0.10092836560700214,0.04430662655316561,0.03532051978690065,avg_close,0.0
2023-10-28,Bournemouth,Burnley,2324,0.4436741383073571,0.2689309721025041,0.28739488959013876,0.03866656471267227,avg_close,-0.0019437961536268866
2023-10-28,Chelsea,Brentford,2324,0.5842732839187883,0.23686754753464387,0.17885916854656783,0.03728960871818021,avg_close,0.00446583870476891
2023-10-28,Wolves,Newcastle,2324,0.22830844779822473,0.2509014712782574,0.520790080923518,0.037924031851756856,avg_close,0.025937066855407143
2023-10-29,Aston Villa,Luton,2324,0.7181283413746057,0.16852749167109837,0.11334416695429583,0.03918563538092279,avg_close,-0.055368651242779676
2023-10-29,Brighton,Fulham,2324,0.5958793076400146,0.22310829890707526,0.18101239345291012,0.042355397240262826,avg_close,-0.01735013765127502
2023-10-29,Liverpool,Nottingham Forest,2324,0.7825488760180193,0.13829527550318443,0.07915584847879636,0.03892313310610418,avg_close,0.03272492514496761
2023-10-29,Manchester United,Manchester City,2324,0.17630068164475604,0.22732417303841485,0.596375145316829,0.03505982008916031,avg_close,-0.016294120217281105
2023-10-29,West Ham,Everton,2324,0.4645967559167288,0.26062744844109176,0.2747757956421796,0.03980878318099945,avg_close,0.012997932824014291
2023-11-04,Brentford,West Ham,2324,0.4478125241123885,0.26305926962886206,0.2891282062587493,0.03864062308591487,avg_close,-0.022657894464665818
2023-11-04,Burnley,Crystal Palace,2324,0.28716535281306016,0.3034712719002371,0.4093633752867028,0.0394967908293955,avg_close,-0.05271244998996194
2023-11-04,Everton,Brighton,2324,0.3405394181298018,0.26770182036314977,0.3917587615070484,0.0376387332777921,avg_close,0.03131897579489651
2023-11-04,Fulham,Manchester United,2324,0.3211424377713901,0.27062564980735127,0.4082319124212587,0.037961023297149676,avg_close,0.02701898718362128
2023-11-04,Manchester City,Bournemouth,2324,0.8795538934830428,0.08383962589526406,0.03660648062169305,0.033581814402411814,avg_close,0.005176634708754402
2023-11-04,Newcastle,Arsenal,2324,0.3434479694021679,0.297725793909,0.35882623668883207,0.03987470872088039,avg_close,-0.0021038608690001626
2023-11-04,Sheffield United,Wolves,2324,0.23382879346365223,0.2617865839864802,0.5043846225498676,0.038017786460808,avg_close,-0.025515346687771723
2023-11-05,Luton,Liverpool,2324,0.07242616581130597,0.12605759921024157,0.8015162349784526,0.03969613710411757,avg_close,0.007109333532389739
2023-11-05,Nottingham Forest,Aston Villa,2324,0.24641888161393358,0.2569327538961281,0.4966483644899383,0.03788505989576474,avg_close,0.024535347183977985
2023-11-06,Tottenham,Chelsea,2324,0.4162718411443402,0.26604701692971605,0.3176811419259438,0.03546394484358517,avg_close,-0.06392761606718012
2023-11-11,Arsenal,Burnley,2324,0.8039251514133553,0.13645122796266285,0.05962362062398185,0.03658074619045881,avg_close,-0.01701115072672288
2023-11-11,Bournemouth,Newcastle,2324,0.24230231700342797,0.2592830723729404,0.4984146106236317,0.03956566276739104,avg_close,0.03508259558526808
2023-11-11,Crystal Palace,Everton,2324,0.3674735593910576,0.3074057660290577,0.3251206745798848,0.04263763381238528,avg_close,-0.02535608596402794
2023-11-11,Manchester United,Luton,2324,0.7426910121873961,0.16102040432298168,0.09628858348962223,0.04376353790318266,avg_close,0.022604462913300427
2023-11-11,Wolves,Tottenham,2324,0.3072445998516567,0.27329972904651617,0.419455671101827,0.03654006525544018,avg_close,0.00021190988224639717
2023-11-12,Aston Villa,Fulham,2324,0.5826777837051801,0.23278894506381284,0.1845332712310071,0.04012993632044348,avg_close,-0.0191003341324123
2023-11-12,Brighton,Sheffield United,2324,0.756298324271185,0.15542052942142479,0.08828114630739017,0.041125637243659696,avg_close,-0.011298535964353928
2023-11-12,Chelsea,Manchester City,2324,0.20775580967095744,0.24644502932906945,0.545799160999973,0.03512755566961623,avg_close,0.008723777944674882
2023-11-12,Liverpool,Brentford,2324,0.6959372816153174,0.17719436321570808,0.1268683551689746,0.04123992247905939,avg_close,0.031258750879016084
2023-11-12,West Ham,Nottingham Forest,2324,0.5346259358570252,0.2552590675179431,0.21011499662503175,0.039148156299187775,avg_close,0.025941597763191493
2023-11-25,Brentford,Arsenal,2324,0.1674947534573371,0.23639037864791668,0.5961148678947463,0.041943500949599866,avg_close,-0.03965350461737227
2023-11-25,Burnley,West Ham,2324,0.2798459563543004,0.2798459563543004,0.44030808729139925,0.04180597533902142,avg_close,0.0037360412672372556
2023-11-25,Luton,Crystal Palace,2324,0.2408357250433349,0.28698388792589014,0.4721803870307749,0.04326831645024942,avg_close,-0.0264349984486503
2023-11-25,Manchester City,Liverpool,2324,0.5638873919696608,0.22372330400652435,0.21238930402381495,0.03707820030296238,avg_close,0.008065102973283778
2023-11-25,Newcastle,Chelsea,2324,0.35819041293901627,0.27117240301597845,0.3706371840450053,0.04172059016480967,avg_close,-0.011242016981049263
2023-11-25,Nottingham Forest,Brighton,2324,0.26635784597568035,0.2678376117866563,0.4658045422376632,0.03711265914004347,avg_close,-0.032940039463616955
2023-11-25,Sheffield United,Bournemouth,2324,0.28295306883262555,0.27646703860150523,0.44057989256586916,0.03640908782041774,avg_close,-0.015372616152220187
2023-11-26,Everton,Manchester United,2324,0.3571257022941938,0.2817208619270913,0.3611534357787148,0.040942193484780454,avg_close,0.010359384199120636
2023-11-26,Tottenham,Aston Villa,2324,0.3667286415312872,0.2565149806455546,0.3767563778231583,0.03681058369063983,avg_close,-0.04171328571018734
2023-11-27,Fulham,Wolves,2324,0.39981009616323915,0.2916547813956759,0.30853512244108483,0.04216144280795042,avg_close,0.0
2023-12-02,Arsenal,Wolves,2324,0.7757218110288725,0.15124135938298772,0.07303682958813985,0.039614461573015625,avg_close,0.024512342238147244
2023-12-02,Brentford,Luton,2324,0.6289924179934236,0.21921603633939368,0.15179154566718267,0.03911391066825809,avg_close,-0.029567652076152307
2023-12-02,Burnley,Sheffield United,2324,0.5511656577608997,0.25858978581275455,0.190244556426346,0.03676374495099988,avg_close,0.030467241900597797
2023-12-02,Newcastle,Manchester United,2324,0.4818364163137955,0.2562959661243593,0.26186761756184534,0.03769657724329312,avg_close,-0.011982097992752627
2023-12-02,Nottingham Forest,Everton,2324,0.33936214057001557,0.3049963541831785,0.35564150524680593,0.03757206229577004,avg_close,-0.004265212816628228
2023-12-03,Bournemouth,Aston Villa,2324,0.30283593266694886,0.24504281574577544,0.4521212515872758,0.03840190308880009,avg_close,0.036333462942994554
2023-12-03,Chelsea,Brighton,2324,0.5894202562100332,0.22324462359918115,0.18733512019078574,0.03450142939046863,avg_close,0.053514294121737804
2023-12-03,Liverpool,Fulham,2324,0.7750107871540405,0.14091105220982553,0.08407816063613388,0.040568242752647254,avg_close,0.015919435343784927
2023-12-03,Manchester City,Tottenham,2324,0.7705874531621504,0.13819717596164818,0.0912153708762015,0.038168992652493294,avg_close,0.02292776857283607
2023-12-03,West Ham,Crystal Palace,2324,0.4946942218473218,0.27173344580345843,0.2335723323492197,0.03664140427091023,avg_close,0.02129168110720908
2023-12-05,Luton,Arsenal,2324,0.05892712567503276,0.13671760886077006,0.8043552654641972,0.03602645387347936,avg_close,0.0005730298632593764
2023-12-05,Wolves,Burnley,2324,0.4992330181491067,0.2669029709218216,0.2338640109290718,0.03786147187715594,avg_close,-0.013680936835770652
2023-12-06,Aston Villa,Manchester City,2324,0.18633664155606042,0.227549922276695,0.5861134361672447,0.034032951067973105,avg_close,-0.013537450643300336
2023-12-06,Brighton,Brentford,2324,0.5450215468360172,0.2381946019505557,0.21678385121342708,0.036604432782938456,avg_close,0.06397076818234299
2023-12-06,Crystal Palace,Bournemouth,2324,0.419685891090055,0.2818418447496263,0.2984722641603186,0.0404953608834131,avg_close,-0.009605314456514191
2023-12-06,Fulham,Nottingham Forest,2324,0.47706324859943733,0.27956184538917456,0.24337490601138803,0.04286473391430334,avg_close,0.0
2023-12-06,Manchester United,Chelsea,2324,0.34590107229332406,0.26807333102732617,0.3860255966793497,0.03620071684587822,avg_close,0.013015261165066128
2023-12-06,Sheffield United,Liverpool,2324,0.06554096690985177,0.1215307376368608,0.8129282954532875,0.033714952664074094,avg_close,-0.01571890892279243
2023-12-07,Everton,Newcastle,2324,0.30384654977181486,0.27918653993526177,0.4169669102929234,0.03821291861341236,avg_close,0.013671061317882593
2023-12-07,Tottenham,West Ham,2324,0.5739410951443296,0.22476014914742973,0.20129875570824082,0.037106595561710254,avg_close,0.021870920207334388
2023-12-09,Aston Villa,Arsenal,2324,0.2662144916909323,0.25905818815085346,0.4747273201582143,0.037671135662150856,avg_close,-0.0207319729867112
2023-12-09,Brighton,Burnley,2324,0.6302093921528765,0.21427119333197803,0.15551941451514534,0.037107316044697525,avg_close,-0.028383177138440185
2023-12-09,Crystal Palace,Liverpool,2324,0.14600190461242835,0.20825812800777116,0.6457399673798006,0.039336224332812586,avg_close,-0.012594683735360712
2023-12-09,Manchester United,Bournemouth,2324,0.579163480400306,0.21800711507131695,0.20282940452837714,0.04013747230375042,avg_close,-0.04225583045960957
2023-12-09,Sheffield United,Brentford,2324,0.20902187933510183,0.24963493879140405,0.5413431818734942,0.03778485001825449,avg_close,-0.012992210897257467
2023-12-09,Wolves,Nottingham Forest,2324,0.5016116790048006,0.28578469545674096,0.2126036255384585,0.038319790254223385,avg_close,-0.022259028102548373
2023-12-10,Everton,Chelsea,2324,0.377977869726036,0.2766754435458592,0.34534668672810487,0.04159745565774786,avg_close,0.08683819350325717
2023-12-10,Fulham,West Ham,2324,0.43325674640717216,0.27170338334009103,0.29503987025273687,0.03968479241433376,avg_close,0.03385673956285418
2023-12-10,Luton,Manchester City,2324,0.06296625839668413,0.13011320332648144,0.8069205382768344,0.04141125995913497,avg_close,0.017285049134516645
2023-12-10,Tottenham,Newcastle,2324,0.4632123759686597,0.24832003660175578,0.28846758742958456,0.037902387136907745,avg_close,0.028741800917651328
2023-12-15,Nottingham Forest,Tottenham,2324,0.1900554609851189,0.23061885673494043,0.5793256822799407,0.03984625052945878,avg_close,-0.024854194905868432
2023-12-16,Burnley,Everton,2324,0.29114095780762456,0.2760819427486095,0.43277709944376613,0.040837075319833716,avg_close,0.03468114999184141
2023-12-16,Chelsea,Sheffield United,2324,0.8058682603879542,0.1267420593008578,0.0673896803111878,0.03408134343466651,avg_close,0.020904080261408553
2023-12-16,Manchester City,Crystal Palace,2324,0.8166507084247399,0.13057558752590692,0.05277370404935339,0.03772349472803205,avg_close,0.0027939548884521326
2023-12-16,Newcastle,Fulham,2324,0.5093632958801498,0.2546816479400749,0.23595505617977525,0.03874883286648001,avg_close,-0.014818896665784731
2023-12-17,Arsenal,Brighton,2324,0.6522533495736905,0.2028014616321559,0.14494518879415347,0.035909859439271274,avg_close,-0.0015666926832602623
2023-12-17,Brentford,Aston Villa,2324,0.30232291936936245,0.27785748080767997,0.4198195998229575,0.04016397255291748,avg_close,0.014867318723948642
2023-12-17,Liverpool,Manchester United,2324,0.7148080187794286,0.16411408594425655,0.12107789527631477,0.0362792823807343,avg_close,-0.021496452530823884
2023-12-17,West Ham,Wolves,2324,0.4915346805024577,0.2676133260513381,0.24085199344620425,0.03798185941043086,avg_close,0.05664913848199732
2023-12-21,Crystal Palace,Brighton,2324,0.295712002223921,0.28771978594759884,0.4165682118284801,0.043724884304594536,avg_close,-0.0017798882116391579
2023-12-22,Aston Villa,Sheffield United,2324,0.7899256855315513,0.13478452256622273,0.07528979190222598,0.03765727100768079,avg_close,0.015725149257925453
2023-12-23,Fulham,Burnley,2324,0.5614981256180861,0.2487465789655252,0.1897552954163888,0.04149113764840395,avg_close,0.0
2023-12-23,Liverpool,Arsenal,2324,0.3897502799681356,0.26520198113534293,0.34504773889652146,0.0387633323271539,avg_close,-0.011366770394882986
2023-12-23,Luton,Newcastle,2324,0.18087623835180558,0.23099856946134203,0.5881251921868526,0.043140033220042895,avg_close,-0.01748635790858788
2023-12-23,Nottingham Forest,Bournemouth,2324,0.33584321452447136,0.27840915754782264,0.385747627927706,0.041111847816929004,avg_close,-0.01703565163666365
2023-12-23,Tottenham,Everton,2324,0.5628943303376062,0.22648218938289566,0.21062348027949815,0.038907820028468265,avg_close,0.01704213233931784
2023-12-23,West Ham,Manchester United,2324,0.4397653738109037,0.25546052218723586,0.30477410400186045,0.03832869015866214,avg_close,0.0874495996152097
2023-12-24,Wolves,Chelsea,2324,0.29451135396022116,0.26304301750967696,0.44244562853010183,0.041550562084952336,avg_close,0.050445919575583864
2023-12-26,Bournemouth,Fulham,2324,0.4931248822753815,0.2497645507628555,0.257110566961763,0.03994045170515759,avg_close,0.05632265833600725
2023-12-26,Burnley,Liverpool,2324,0.12455001384572778,0.18139954668061492,0.6940504394736572,0.04407063225687091,avg_close,-0.026368373172033763
2023-12-26,Manchester United,Aston Villa,2324,0.4118406304133692,0.25698855337794235,0.3311708162086886,0.03765970570094268,avg_close,0.056316521528785635
2023-12-26,Newcastle,Nottingham Forest,2324,0.6805482824334758,0.19385314711741428,0.12559857044911005,0.042130112532251296,avg_close,0.04655897715531343
2023-12-26,Sheffield United,Luton,2324,0.3908958773266678,0.29587811022264704,0.313226012450685,0.039929271755759554,avg_close,-0.010027980369186895
2023-12-27,Brentford,Wolves,2324,0.43367134480546515,0.28233149133962837,0.2839971638549064,0.038690833152722925,avg_close,-0.062496256812601125
2023-12-27,Chelsea,Crystal Palace,2324,0.5395518275883181,0.256107267495255,0.20434090491642684,0.04123037692246401,avg_close,-0.02600611658185359
2023-12-27,Everton,Manchester City,2324,0.1696892001750985,0.23849352760928028,0.5918172722156213,0.04303131996523435,avg_close,0.025446504354675048
2023-12-28,Arsenal,West Ham,2324,0.7428939600349359,0.161769204027708,0.09533683593735603,0.03545163995490652,avg_close,0.035661416568675386
2023-12-28,Brighton,Tottenham,2324,0.3849342155296981,0.25192029812153016,0.3631454863487718,0.03913859527807961,avg_close,0.005573877150298334
2023-12-30,Aston Villa,Burnley,2324,0.686707775129087,0.18595568378737368,0.1273365410835393,0.04015964309045894,avg_close,-0.006187383076658004
2023-12-30,Crystal Palace,Brentford,2324,0.4534687835009444,0.29220480882127725,0.2543264076777784,0.04019974553896666,avg_close,0.02907701274147928
2023-12-30,Luton,Chelsea,2324,0.17500273177903386,0.21581054367369648,0.6091867245472697,0.03894482086001627,avg_close,0.03464327092624703
2023-12-30,Manchester City,Sheffield United,2324,0.8914974645795378,0.07727265343065015,0.031229881989811904,0.03861868677621616,avg_close,-0.003473587127457156
2023-12-30,Nottingham Forest,Manchester United,2324,0.2955359736612763,0.26387140505471096,0.44059262128401283,0.04113317874785749,avg_close,0.0
2023-12-30,Wolves,Everton,2324,0.33432204726894066,0.29535199267930956,0.37032596005174967,0.03858607309527562,avg_close,-0.03325388037471089
2023-12-31,Fulham,Arsenal,2324,0.16261011228282393,0.22811655561950658,0.6092733320976694,0.03879713596853196,avg_close,-0.021871685267775498
2023-12-31,Tottenham,Bournemouth,2324,0.5451988260203677,0.21370822578972096,0.24109294818991134,0.04215524880934329,avg_close,0.0013856197539636739
2024-01-01,Liverpool,Newcastle,2324,0.6961214915954608,0.17562114413194438,0.12825736427259488,0.04096438611398501,avg_close,0.040394664442854444
2024-01-02,West Ham,Brighton,2324,0.31724861210856903,0.2648108249831857,0.41794056290824527,0.0402977056598941,avg_close,-0.08953622640283493
2024-01-12,Burnley,Luton,2324,0.4472926054517249,0.2779419369136441,0.274765457634631,0.039847905824515584,avg_close,-0.032125768967874224
2024-01-13,Chelsea,Fulham,2324,0.5861603411696633,0.23108244219188648,0.18275721663845018,0.040254781386655614,avg_close,-0.0030011146997455107
2024-01-13,Newcastle,Manchester City,2324,0.19628111447751442,0.2324006415968633,0.5713182439256222,0.04186782334853456,avg_close,0.037690362142188794
2024-01-14,Everton,Aston Villa,2324,0.3776988884362452,0.27207123319560034,0.3502298783681546,0.038279102087676264,avg_close,0.03430343841523881
2024-01-14,Manchester United,Tottenham,2324,0.47066966726063286,0.2418554461490406,0.2874748865903267,0.041486444801905886,avg_close,0.03554245757336677
2024-01-20,Arsenal,Crystal Palace,2324,0.7603277633153845,0.1621003353261226,0.07757190135849268,0.043827191302478585,avg_close,0.03226077177434239
2024-01-20,Brentford,Nottingham Forest,2324,0.5404250643944482,0.2531464775321362,0.2064284580734158,0.03954792222394232,avg_close,0.04693888832609894
2024-01-21,Bournemouth,Liverpool,2324,0.21872624130066087,0.21773203111293057,0.5635417275864085,0.04381852367347938,avg_close,-0.007533142812103766
2024-01-21,Sheffield United,West Ham,2324,0.33866457536221556,0.2869523198428353,0.3743831047949492,0.04338308806415436,avg_close,0.06623698748543727
2024-01-22,Brighton,Wolves,2324,0.5776879152131892,0.23051969693603216,0.1917923878507788,0.04279425393883218,avg_close,-0.006063237482632822
2024-01-30,Aston Villa,Newcastle,2324,0.5125702261001817,0.2397094589722243,0.24772031492759422,0.037740521262853655,avg_close,0.0
2024-01-30,Crystal Palace,Sheffield United,2324,0.5970018101615087,0.2433349150278554,0.15966327481063605,0.04039552619501663,avg_close,-0.0009575186224074494
2024-01-30,Fulham,Everton,2324,0.4276497068795428,0.2942543854675753,0.2780959076528819,0.039272183038423725,avg_close,0.03900777952498413
2024-01-30,Luton,Brighton,2324,0.22770791609901875,0.23844352504661515,0.5338485588543662,0.04066133801648242,avg_close,0.009569377990430589
2024-01-30,Nottingham Forest,Arsenal,2324,0.10983721503155261,0.1913434023763952,0.6988193825920521,0.03694559597303004,avg_close,-0.013266212614746795
2024-01-31,Liverpool,Chelsea,2324,0.5827814569536424,0.21854304635761587,0.1986754966887417,0.039944903581267344,avg_close,-0.02270021068496708
2024-01-31,Manchester City,Burnley,2324,0.8663235418013836,0.09080445055708555,0.042872007641530804,0.03991275479784262,avg_close,-0.012458755262259591
2024-01-31,Tottenham,Brentford,2324,0.5905144510364413,0.21581581954919268,0.19366972941436608,0.03891942261287329,avg_close,0.020195262326775487
2024-02-01,West Ham,Bournemouth,2324,0.39602384759893805,0.2677032712819637,0.33627288111909825,0.04342994241687137,avg_close,0.00025613769962729016
2024-02-01,Wolves,Manchester United,2324,0.3293881629396684,0.27480383879538045,0.3958079982649513,0.03970267288379903,avg_close,-0.02498725377517591
2024-02-03,Brighton,Crystal Palace,2324,0.5604965953681071,0.2530325837357334,0.18647082089615943,0.03728613811717607,avg_close,-0.0014038656287623796
2024-02-03,Burnley,Fulham,2324,0.33059781604268823,0.290646418333602,0.3787557656237097,0.03945820271080125,avg_close,-0.0016550149807390002
2024-02-03,Everton,Tottenham,2324,0.3098377585535966,0.2575059119346245,0.43265632951177896,0.04112761035704904,avg_close,0.0003024803387779995
2024-02-03,Newcastle,Luton,2324,0.6286262104672975,0.2086329939294935,0.162740795603209,0.0397192486707989,avg_close,-0.03789076718361217
2024-02-03,Sheffield United,Aston Villa,2324,0.18645543499966719,0.2257551753977235,0.5877893896026093,0.037371732710618444,avg_close,0.0073805583861630275
2024-02-04,Arsenal,Liverpool,2324,0.43552025653932924,0.2636985662881966,0.30078117717247427,0.03896129052253139,avg_close,0.01764560913497082
2024-02-04,Bournemouth,Nottingham Forest,2324,0.5816650536640532,0.2224801818162047,0.19585476451974207,0.035664141690287865,avg_close,0.022421299870302724
2024-02-04,Chelsea,Wolves,2324,0.6234860452869931,0.21432332806740387,0.16219062664560294,0.04148385398385401,avg_close,0.021879666699282208
2024-02-04,Manchester United,West Ham,2324,0.6205265445012502,0.21421294966078794,0.16526050583796184,0.03969974538499499,avg_close,0.02494268161315283
2024-02-05,Brentford,Manchester City,2324,0.12155568712412072,0.177502759386424,0.7009415534894553,0.041352169329266,avg_close,-0.005362449928931368
2024-02-10,Fulham,Bournemouth,2324,0.3764887935681791,0.2730343658738069,0.350476840558014,0.03754748261653362,avg_close,-0.024633036819694032
2024-02-10,Liverpool,Burnley,2324,0.8283135833671109,0.11277508881524044,0.058911327817648594,0.04075193601548133,avg_close,-0.0012431955610605616
2024-02-10,Luton,Sheffield United,2324,0.5615524349506462,0.2412700160215088,0.19717754902784498,0.041390412079369554,avg_close,0.012545103971451033
2024-02-10,Manchester City,Everton,2324,0.7783262811471556,0.14151386929948281,0.08015984955336154,0.036135657290946144,avg_close,-0.016274468760339444
2024-02-10,Nottingham Forest,Newcastle,2324,0.2970538328758388,0.25529294920894374,0.44765321791521756,0.03901024376832973,avg_close,0.009555313676823274
2024-02-10,Tottenham,Brighton,2324,0.5521088060724516,0.21300871897252013,0.23488247495502834,0.04094091120644627,avg_close,0.02014847511453688
2024-02-10,Wolves,Brentford,2324,0.43719516294077665,0.2686674185669577,0.29413741849226566,0.0396854610375188,avg_close,-0.02257737145683114
2024-02-11,Aston Villa,Manchester United,2324,0.4453617373047197,0.24729597752652815,0.3073422851687522,0.039521189594696526,avg_close,0.0014729349232627809
2024-02-11,West Ham,Arsenal,2324,0.15201957879940203,0.2210238576553518,0.6269565635452462,0.0424881231738814,avg_close,-0.0010708633912654697
2024-02-12,Crystal Palace,Chelsea,2324,0.19576670751928482,0.2421195299545815,0.5621137625261337,0.04035047818321069,avg_close,-0.027805555688846906
2024-02-17,Brentford,Liverpool,2324,0.19933554817275748,0.2183630323165207,0.5823014195107219,0.04080221300138298,avg_close,0.0277859844530991
2024-02-17,Burnley,Arsenal,2324,0.09264417845484221,0.16189336235038085,0.7454624591947769,0.03988308047993483,avg_close,0.0
2024-02-17,Fulham,Aston Villa,2324,0.32513775413262397,0.257837735132054,0.41702451073532215,0.04258286384418497,avg_close,0.003094245159249054
2024-02-17,Manchester City,Chelsea,2324,0.7236278237855994,0.16013727215222084,0.11623490406217962,0.03904199718955459,avg_close,0.004603401128894791
2024-02-17,Newcastle,Bournemouth,2324,0.4819433300514703,0.24403746229069362,0.27401920765783594,0.04267977473700757,avg_close,-0.03463327970885188
2024-02-17,Nottingham Forest,West Ham,2324,0.4235538837033635,0.2731441238655214,0.30330199243111516,0.040076956701353916,avg_close,0.029640515738310447
2024-02-17,Tottenham,Wolves,2324,0.6314211862343955,0.19626998017919858,0.17230883358640595,0.041926927991742025,avg_close,0.010872941907424605
2024-02-18,Luton,Manchester United,2324,0.2322958953540821,0.23342354533152906,0.5342805593143888,0.03981989587730417,avg_close,-0.009569377990430589
2024-02-18,Sheffield United,Brighton,2324,0.20020581381980918,0.22658587399371344,0.5732083121864774,0.03843242078536191,avg_close,0.021738229153877714
2024-02-19,Everton,Crystal Palace,2324,0.531327477996631,0.2755595229724648,0.19311299903090404,0.03982235198610784,avg_close,-0.02751777608162942
2024-02-20,Manchester City,Brentford,2324,0.8091032702600655,0.12328206038533648,0.06761466935459817,0.03860182666630063,avg_close,-0.006362611475077884
2024-02-21,Liverpool,Luton,2324,0.7597416311930978,0.14444189694838838,0.09581647185851383,0.03640703954397573,avg_close,-0.06469217707222685
2024-02-24,Arsenal,Newcastle,2324,0.7117308373731762,0.17066369990298189,0.11760546272384186,0.04075965497663825,avg_close,0.00021628629587966408
2024-02-24,Aston Villa,Nottingham Forest,2324,0.6084693961838157,0.2131666620777004,0.17836394173848402,0.040169639384564526,avg_close,-0.015811798709961744
2024-02-24,Bournemouth,Manchester City,2324,0.14688642503122112,0.19614894794557752,0.6569646270232014,0.042569841169128875,avg_close,-0.001532175689479054
2024-02-24,Brighton,Everton,2324,0.514581444297868,0.24485173049287867,0.24056682520925332,0.039212284497421424,avg_close,-0.005859867187697487
2024-02-24,Crystal Palace,Burnley,2324,0.48044692737430167,0.27932960893854747,0.24022346368715083,0.04069767441860472,avg_close,0.0
2024-02-24,Manchester United,Fulham,2324,0.5826090515888717,0.22512996138680055,0.19226098702432767,0.04025264353133218,avg_close,-0.022348728288955733
2024-02-25,Wolves,Sheffield United,2324,0.6481850901031689,0.21176908021030685,0.14004582968652413,0.042411629011909424,avg_close,-0.008880548222188867
2024-02-26,West Ham,Brentford,2324,0.407729175700411,0.27258947723880167,0.3196813470607873,0.03924084616075452,avg_close,0.0345162691788809
2024-03-02,Brentford,Chelsea,2324,0.29851361598433374,0.2591932740939242,0.44229310992174214,0.03713032385116466,avg_close,-0.01307146401170517
2024-03-02,Everton,West Ham,2324,0.4502900624493916,0.2717047685601145,0.27800516899049393,0.04262475951905542,avg_close,-0.019308953911203464
2024-03-02,Fulham,Brighton,2324,0.37579001576130205,0.27565112903980893,0.3485588551988889,0.039476791869108574,avg_close,0.0024140903465370567
2024-03-02,Luton,Aston Villa,2324,0.21424897119341563,0.21862139917695472,0.5671296296296297,0.037214885954381716,avg_close,-0.0006410794683404664
2024-03-02,Newcastle,Wolves,2324,0.554159010820263,0.23012808563896361,0.21571290354077352,0.037089774697472766,avg_close,0.05405192609078269
2024-03-02,Nottingham Forest,Liverpool,2324,0.18359815161320334,0.21626539030113817,0.6001364580856584,0.04142981413535907,avg_close,0.023478279912821115
2024-03-02,Tottenham,Crystal Palace,2324,0.6281125909754232,0.20982800528218284,0.16205940374239416,0.0405694466764861,avg_close,-0.01140790402731695
2024-03-03,Burnley,Bournemouth,2324,0.2631921687253172,0.25756238971514994,0.47924544155953286,0.03811616067117729,avg_close,0.010934774284133975
2024-03-03,Manchester City,Manchester United,2324,0.7634759484877514,0.14230468862345663,0.09421936288879204,0.039522980681723885,avg_close,0.004052498586733733
2024-03-04,Sheffield United,Arsenal,2324,0.057285006470744415,0.1271318505559453,0.8155831429733104,0.039081832943642425,avg_close,0.016657356136126775
2024-03-09,Arsenal,Brentford,2324,0.7936277095462887,0.13449433172983324,0.07187795872387795,0.0413526028018969,avg_close,0.0132121893782291
2024-03-09,Bournemouth,Sheffield United,2324,0.7143444493139297,0.17098670329322788,0.11466884739284247,0.03695176948902246,avg_close,0.00021434396857133997
2024-03-09,Crystal Palace,Luton,2324,0.5095506118128852,0.25613049370381724,0.2343188944832975,0.038366978342129876,avg_close,-0.03568371997202496
2024-03-09,Manchester United,Everton,2324,0.5036950967556146,0.25518770153931675,0.24111720170506865,0.039438765230044304,avg_close,-0.011663562531639526
2024-03-09,Wolves,Fulham,2324,0.386335985025737,0.2796443612540946,0.3340196537201685,0.039526322343637954,avg_close,0.015662636491756754
2024-03-10,Aston Villa,Tottenham,2324,0.3872273340508421,0.24623686883233037,0.36653579711682754,0.041315452174846445,avg_close,-0.0020038713486567605
2024-03-10,Brighton,Nottingham Forest,2324,0.5867752610994112,0.2237933553960545,0.1894313835045343,0.03916463079664667,avg_close,0.0528011660257498
2024-03-10,Liverpool,Manchester City,2324,0.2828994167022336,0.24790155071845216,0.4691990325793143,0.03965448387049064,avg_close,-0.0346613181848382
2024-03-10,West Ham,Burnley,2324,0.5830406665536367,0.2357885048562501,0.1811708285901131,0.03948256241376891,avg_close,0.008622193718710425
2024-03-11,Chelsea,Newcastle,2324,0.5193683042881746,0.23041519494799118,0.25021650076383417,0.04076536068442538,avg_close,0.02014052495812424
2024-03-13,Bournemouth,Luton,2324,0.632454448706957,0.1973985137647997,0.17014703752824328,0.04022469631949077,avg_close,-0.009364660943832814
2024-03-16,Burnley,Brentford,2324,0.3088637251073799,0.26474033580632567,0.4263959390862945,0.037715971344289834,avg_close,0.016169899701035995
2024-03-16,Fulham,Tottenham,2324,0.2876055776324973,0.24380777393211694,0.46858664843538583,0.04101318225255568,avg_close,0.021797051686283597
2024-03-16,Luton,Nottingham Forest,2324,0.3661864873032724,0.2690140954211191,0.36479941727560844,0.03834562460855562,avg_close,0.020745606358554047
2024-03-17,West Ham,Aston Villa,2324,0.3907154042533349,0.2637059890966035,0.3455786066500616,0.04465618929494397,avg_close,0.042082492562735885
2024-03-30,Aston Villa,Wolves,2324,0.6265659366931243,0.21880080328966245,0.15463326001721336,0.0363644292215719,avg_close,0.030745460975874273
2024-03-30,Bournemouth,Everton,2324,0.43747189403540326,0.260823351457422,0.3017047545071747,0.03902778839700627,avg_close,0.0046761924899728635
2024-03-30,Brentford,Manchester United,2324,0.2908283435965833,0.24186980334288713,0.46730185306052957,0.038807978236296226,avg_close,-0.022844814968367766
2024-03-30,Chelsea,Burnley,2324,0.7598679778315003,0.14778443060428872,0.09234759156421105,0.03623471152215707,avg_close,0.004962587192898882
2024-03-30,Newcastle,West Ham,2324,0.5175371389985456,0.23307968003324334,0.24938318096821116,0.03883251672043064,avg_close,-0.0017409132077010891
2024-03-30,Nottingham Forest,Crystal Palace,2324,0.4253014246400389,0.28691976707059336,0.28777880828936764,0.04038653639755241,avg_close,0.0
2024-03-30,Sheffield United,Fulham,2324,0.20042957856264398,0.23696107810361852,0.5626093433337375,0.03943407368997209,avg_close,-0.010850434754156424
2024-03-30,Tottenham,Luton,2324,0.7944015741445872,0.12090891883206925,0.08468950702334366,0.040338171385994714,avg_close,-0.01785979824812034
2024-03-31,Liverpool,Brighton,2324,0.7396839996058207,0.1528758663732221,0.10744013402095721,0.03994512472987655,avg_close,0.030152975012150085
2024-03-31,Manchester City,Arsenal,2324,0.4673556970173807,0.2659537944353051,0.26669050854731424,0.038688297375842895,avg_close,-0.02357454187004898
2024-04-02,Bournemouth,Crystal Palace,2324,0.5081761006289308,0.2540880503144654,0.23773584905660375,0.04117554612604124,avg_close,0.020007114905727486
2024-04-02,Burnley,Wolves,2324,0.4093007548516584,0.27325476531289694,0.3174444798354446,0.03965582728485617,avg_close,0.022302072931830452
2024-04-02,Newcastle,Everton,2324,0.4765936623164476,0.2567251194344598,0.26668121824909263,0.03872448186646915,avg_close,0.009931340237108344
2024-04-02,Nottingham Forest,Fulham,2324,0.3548352937023716,0.2795359435852986,0.36562876271232975,0.0399295013376344,avg_close,-0.0014825583273240794
2024-04-02,West Ham,Tottenham,2324,0.28421836858711363,0.2316106417092104,0.48417098970367595,0.03788242893614879,avg_close,-0.006076448266314816
2024-04-03,Arsenal,Luton,2324,0.8516618787128791,0.09870542799441573,0.04963269329270517,0.03909283053719337,avg_close,-0.02012114891006689
2024-04-03,Brentford,Brighton,2324,0.38639911837634316,0.2572550280099183,0.3563458536137387,0.039356475217566356,avg_close,-0.01316690555299882
2024-04-03,Manchester City,Aston Villa,2324,0.7841994709608181,0.13918691908828376,0.07661360995089804,0.036736391935059176,avg_close,0.04498370662488782
2024-04-04,Chelsea,Manchester United,2324,0.5289563332301022,0.2254567977702075,0.24558686899969032,0.03874462773760201,avg_close,0.053446152198361296
2024-04-04,Liverpool,Sheffield United,2324,0.8990363255903226,0.06616016976489995,0.03480350464477732,0.03953468024629103,avg_close,0.015947541208998106
2024-04-06,Aston Villa,Brentford,2324,0.5845120226308345,0.23072842998585574,0.18475954738330974,0.03686593704742536,avg_close,0.027507009491062995
2024-04-06,Brighton,Arsenal,2324,0.15217468175388965,0.21090876944837342,0.636916548797737,0.039777749344440005,avg_close,-0.03290293265518285
2024-04-06,Crystal Palace,Manchester City,2324,0.10811864541007475,0.18434021918575963,0.7075411354041656,0.03922454943491016,avg_close,-0.0054105632526308955
2024-04-06,Everton,Burnley,2324,0.5468932120498432,0.2474375458117542,0.20566924213840254,0.03892644059739192,avg_close,-0.02950116350411125
2024-04-06,Fulham,Newcastle,2324,0.3930254476908577,0.26201696512723843,0.3449575871819039,0.0427723395054449,avg_close,-0.001815667070741489
2024-04-06,Luton,Bournemouth,2324,0.25659423746359084,0.24484182964083098,0.49856393289557815,0.03925430790122486,avg_close,-0.0024960267856509177
2024-04-06,Wolves,West Ham,2324,0.3395134624468587,0.2775153519130845,0.38297118564005667,0.044465001541782456,avg_close,-0.02826855123674915
2024-04-07,Manchester United,Liverpool,2324,0.19672131147540983,0.20081967213114757,0.6024590163934427,0.03741496598639449,avg_close,-0.0022221181565246217
2024-04-07,Sheffield United,Chelsea,2324,0.1459307764265669,0.1852198316183349,0.6688493919550983,0.03826728826728809,avg_close,0.010395434162250305
2024-04-07,Tottenham,Nottingham Forest,2324,0.6708250831520732,0.18271997502999324,0.14645494181793353,0.04244864550208072,avg_close,-0.026010242725316712
2024-04-13,Bournemouth,Manchester United,2324,0.4025871972279495,0.24236357717249354,0.35504922559955693,0.03930290064364761,avg_close,0.014303067933398916
2024-04-13,Brentford,Sheffield United,2324,0.6451081573694603,0.1985973459670446,0.15629449666349524,0.04035413586150938,avg_close,-0.023798675605586683
2024-04-13,Burnley,Brighton,2324,0.24990984493328525,0.2423368193292463,0.5077533357374685,0.04204244829244841,avg_close,-0.019256314501809313
2024-04-13,Manchester City,Luton,2324,0.8821654115185035,0.07798542567357411,0.03984916280792246,0.03997638161911454,avg_close,0.008502547176580388
2024-04-13,Newcastle,Tottenham,2324,0.3646257024288387,0.24247149985192293,0.39290279771923836,0.03884031285974432,avg_close,0.02235782779624851
2024-04-13,Nottingham Forest,Wolves,2324,0.4649607444024425,0.27420761849374814,0.26083163710380924,0.03899478236699894,avg_close,0.020420971087042772
2024-04-14,Arsenal,Aston Villa,2324,0.7617901086009865,0.14953221606232658,0.0886776753366868,0.03362010862703113,avg_close,0.011091656761011426
2024-04-14,Liverpool,Crystal Palace,2324,0.8056061803461124,0.12338112671967487,0.07101269293421286,0.043110337227984186,avg_close,0.00423730852578541
2024-04-14,West Ham,Fulham,2324,0.39533320196130706,0.2675932258401048,0.33707357219858813,0.04095135876073819,avg_close,0.0
2024-04-15,Chelsea,Everton,2324,0.5701852962797104,0.2327567996890605,0.19705790403122914,0.037760847556280286,avg_close,0.012890763237944913
2024-04-20,Luton,Brentford,2324,0.3344130118004476,0.26734410692682026,0.3982428812727322,0.041921347118654584,avg_close,0.032547372963388665
2024-04-20,Sheffield United,Burnley,2324,0.3641360357265544,0.27310202679491585,0.3627619374785297,0.04023727844482572,avg_close,0.016740863960441832
2024-04-20,Wolves,Arsenal,2324,0.08512764704010918,0.15743738323293513,0.7574349697269556,0.03956327113731817,avg_close,-0.02721305723527935
2024-04-21,Aston Villa,Bournemouth,2324,0.5174328629949931,0.237050523441056,0.24551661356395083,0.03904186813768895,avg_close,0.009735464409453054
2024-04-21,Crystal Palace,West Ham,2324,0.4304228549806073,0.2742408476019298,0.29533629741746287,0.04183708668013608,avg_close,-0.02059655924297399
2024-04-21,Everton,Nottingham Forest,2324,0.4234476088206511,0.2921659793382608,0.28438641184108815,0.04033799030806895,avg_close,-0.04115024492336211
2024-04-21,Fulham,Liverpool,2324,0.20940984498232257,0.21845254283383192,0.5721376121838455,0.04037574625809914,avg_close,0.0380692792167073
2024-04-23,Arsenal,Chelsea,2324,0.6904852944484143,0.18421776569736964,0.12529693985421614,0.04191134295822785,avg_close,0.021225413895570977
2024-04-24,Crystal Palace,Newcastle,2324,0.31162494696648285,0.26368264743317776,0.42469240560033944,0.04187847550679402,avg_close,-0.03788391186959206
2024-04-24,Everton,Liverpool,2324,0.1283557152481473,0.18554143274197168,0.686102852009881,0.048566491633376785,avg_close,0.0
2024-04-24,Manchester United,Sheffield United,2324,0.7304812607376927,0.1555984474091671,0.11392029185314018,0.045008023689833365,avg_close,0.001980665920731872
2024-04-24,Wolves,Bournemouth,2324,0.34671076326092765,0.26603568261295557,0.3872535541261168,0.04124494702583026,avg_close,-0.0018630416017189622
2024-04-25,Brighton,Manchester City,2324,0.12063949608989245,0.17060346438198948,0.7087570395281181,0.037441713646482855,avg_close,-0.02596335518976506
2024-04-27,Aston Villa,Chelsea,2324,0.46606212067118885,0.24122813280971078,0.2927097465191003,0.04157122339140651,avg_close,0.02863848618003939
2024-04-27,Everton,Brentford,2324,0.3365902245832049,0.27950767187611164,0.38390210354068344,0.04611676257786268,avg_close,-0.07549502218494081
2024-04-27,Fulham,Crystal Palace,2324,0.4559265147500442,0.2751280692457163,0.2689454160042396,0.0444456744340509,avg_close,0.005980861244019087
2024-04-27,Manchester United,Burnley,2324,0.6397822503940584,0.18854093823007617,0.17167681137586543,0.04202119745593036,avg_close,0.006320077999860563
2024-04-27,Newcastle,Sheffield United,2324,0.7858320066110454,0.13043742150550686,0.08373057188344764,0.04306279745773334,avg_close,0.009873457597987412
2024-04-27,West Ham,Liverpool,2324,0.18224551505655223,0.19929551126766418,0.6184589736757836,0.04317556666385314,avg_close,0.01603957929338093
2024-04-27,Wolves,Luton,2324,0.5035886383506496,0.24917146168391519,0.2472398999654352,0.04513038895688837,avg_close,0.00871693436851928
2024-04-28,Bournemouth,Brighton,2324,0.48943384134050505,0.2356978695398992,0.27486828911959593,0.04243727862229685,avg_close,0.07757785751519769
2024-04-28,Nottingham Forest,Manchester City,2324,0.09223819818251286,0.16048827435447288,0.7472735274630143,0.045467250328451225,avg_close,-0.03845969404881794
2024-04-28,Tottenham,Arsenal,2324,0.21738270717238903,0.2304152435736114,0.5522020492539996,0.04076514104678175,avg_close,-0.009188777558095829
2024-05-02,Chelsea,Tottenham,2324,0.3904490163688242,0.24012614506682686,0.369424838564349,0.04111944965603498,avg_close,-0.041783056185673295
2024-05-03,Luton,Everton,2324,0.3469657501951721,0.26549589172393,0.38753835808089787,0.040479730699174654,avg_close,-0.014093786580412382
2024-05-04,Arsenal,Bournemouth,2324,0.7864649271408828,0.13475943976290408,0.07877563309621322,0.04222337558952538,avg_close,0.006113522661910564
2024-05-04,Brentford,Fulham,2324,0.4634014253839655,0.25111019647769856,0.28548837813833583,0.04249093977070317,avg_close,0.008060116529010397
2024-05-04,Burnley,Newcastle,2324,0.28671820098383693,0.2354181307097681,0.47786366830639504,0.04111793971319866,avg_close,0.0
2024-05-04,Manchester City,Wolves,2324,0.8792067871226291,0.07953350870352731,0.04125970417384351,0.033989867237127935,avg_close,0.001160173046255375
2024-05-04,Sheffield United,Nottingham Forest,2324,0.1990049751243781,0.2288557213930348,0.572139303482587,0.04037267080745344,avg_close,0.0013832219467921902
2024-05-05,Brighton,Aston Villa,2324,0.39208735921330967,0.2521296666857241,0.3557829741009662,0.04100082727754262,avg_close,0.056284866833668845
2024-05-05,Chelsea,West Ham,2324,0.6411379528854598,0.19043701570855245,0.16842503140598772,0.03981781715824817,avg_close,0.058915073365940374
2024-05-05,Liverpool,Tottenham,2324,0.6735834445360673,0.1692837127744422,0.1571328426894904,0.03817976076051699,avg_close,0.020596505073773197
2024-05-06,Crystal Palace,Manchester United,2324,0.47429866259451736,0.24499396566587026,0.28070737173961224,0.03860895315144841,avg_close,0.08419107845801455
2024-05-11,Bournemouth,Brentford,2324,0.45531013879019044,0.2463344597044364,0.2983554015053732,0.040902911910535966,avg_close,-0.04837906736651493
2024-05-11,Everton,Sheffield United,2324,0.6733346013834302,0.19066702573827823,0.1359983728782917,0.03856343913400462,avg_close,-0.0007617538620920961
2024-05-11,Fulham,Manchester City,2324,0.08626289449494434,0.13316310897763253,0.7805739965274232,0.04155164494099073,avg_close,0.005608207132388854
2024-05-11,Newcastle,Brighton,2324,0.6048237902886262,0.20245680559135068,0.19271940412002317,0.03985793500274282,avg_close,0.006049950566042406
2024-05-11,Nottingham Forest,Chelsea,2324,0.2345341805391833,0.2415878401042715,0.5238779793565452,0.037413829718695224,avg_close,-0.03792473997452031
2024-05-11,Tottenham,Burnley,2324,0.727502175303534,0.1536484594241064,0.11884936527235952,0.04133813381338136,avg_close,0.03654404953047785
2024-05-11,West Ham,Luton,2324,0.5169569202566452,0.22731439046746102,0.25572868927589365,0.03999847479600405,avg_close,-0.012698112024587926
2024-05-11,Wolves,Crystal Palace,2324,0.30030211480362534,0.27069486404833837,0.42900302114803623,0.04061871227364189,avg_close,-0.03287409687450832
2024-05-12,Manchester United,Arsenal,2324,0.10587835794366242,0.15623093207973643,0.7378907099766012,0.04247249468035963,avg_close,-0.03424876659242526
2024-05-13,Aston Villa,Liverpool,2324,0.25093224980890816,0.21215684696867954,0.5369109032224124,0.040506375497599834,avg_close,0.031659367606015065
2024-05-14,Tottenham,Manchester City,2324,0.14296432947395954,0.15982557098999134,0.6972100995360492,0.03933904807406341,avg_close,0.0
2024-05-15,Brighton,Chelsea,2324,0.2963631619404932,0.2360735971339713,0.4675632409255354,0.0382272401118775,avg_close,0.009809281831923644
2024-05-15,Manchester United,Newcastle,2324,0.356056338028169,0.2433802816901408,0.4005633802816902,0.04020159399906231,avg_close,0.005115924026112217
2024-05-19,Arsenal,Everton,2324,0.7909744915608501,0.13310191444196373,0.07592359399718623,0.0362813717671997,avg_close,-0.024263545844737666
2024-05-19,Brentford,Newcastle,2324,0.3257826982872589,0.23885315036522228,0.43536415134751877,0.04405806757071451,avg_close,-0.003237685249928346
2024-05-19,Brighton,Manchester United,2324,0.36690356848956385,0.23912620632901926,0.39397022518141694,0.040271673792220186,avg_close,-0.07417298976833053
2024-05-19,Burnley,Nottingham Forest,2324,0.3316560927586961,0.2537737912929337,0.4145701159483702,0.03971431170958062,avg_close,0.022190805622725907
2024-05-19,Chelsea,Bournemouth,2324,0.6871497140229357,0.17302330928635073,0.13982697669071367,0.03949066660293021,avg_close,0.03204793775247072
2024-05-19,Crystal Palace,Aston Villa,2324,0.5799080457232431,0.21439807481082032,0.20569387946593662,0.03880200144992063,avg_close,0.08028433614382358
2024-05-19,Liverpool,Wolves,2324,0.8483113564533173,0.09585918327922487,0.055829460267457685,0.04319687044185949,avg_close,0.02675769070809264
2024-05-19,Luton,Fulham,2324,0.3149443625495812,0.24442246966316095,0.440633167787258,0.04103737499794291,avg_close,-0.010610559603784098
2024-05-19,Manchester City,West Ham,2324,0.8988324761266879,0.06725529716472418,0.03391222670858801,0.03977044007098174,avg_close,0.010705553202938756
2024-05-19,Sheffield United,Tottenham,2324,0.12485191909756482,0.16118006947043484,0.7139680114320002,0.03749849976477604,avg_close,-0.008702725728117727
2024-08-16,Manchester United,Fulham,2425,0.5794026799160191,0.22900201158585512,0.19159530849812584,0.03970806390045101,avg_close,-0.018942388454995185
2024-08-17,Arsenal,Wolves,2425,0.8354836586160814,0.1114624370543496,0.05305390432956894,0.04079260967434917,avg_close,0.025149729168254864
2024-08-17,Everton,Brighton,2425,0.3139013452914798,0.2825112107623318,0.40358744394618834,0.041083099906629394,avg_close,-0.05074281886508725
2024-08-17,Ipswich,Liverpool,2425,0.12218679070984706,0.1655094738186741,0.7123037354714787,0.039922583377215215,avg_close,0.007056322866492534
2024-08-17,Newcastle,Southampton,2425,0.6880471509410773,0.18147733203189703,0.13047551702702556,0.045603429136594986,avg_close,-0.024091068742851607
2024-08-17,Nottingham Forest,Bournemouth,2425,0.4254116782228824,0.2782489174422923,0.29633940433482525,0.04473964208286341,avg_close,0.04194643559265637
2024-08-17,West Ham,Aston Villa,2425,0.38812414283537355,0.2731243968100777,0.3387514603545487,0.04311547495479062,avg_close,0.004374993793356929
2024-08-18,Brentford,Crystal Palace,2425,0.3382161945168171,0.29387687633321,0.3679069291499728,0.03743463107592104,avg_close,-0.0646186852394538
2024-08-18,Chelsea,Manchester City,2425,0.26393751870749477,0.25084401255751465,0.4852184687349905,0.04087238551990513,avg_close,0.0343090839494731
2024-08-19,Leicester,Tottenham,2425,0.2103981779627739,0.22730961543495903,0.5622922066022671,0.040020321766752076,avg_close,0.021134654634501704
2024-08-24,Aston Villa,Arsenal,2425,0.2067241195871901,0.23963542220803632,0.5536404582047735,0.038061137261745204,avg_close,-0.005154546311575886
2024-08-24,Brighton,Manchester United,2425,0.3991218189801645,0.2585708558446765,0.34230732517515894,0.03962684975817132,avg_close,0.035223495805720983
2024-08-24,Crystal Palace,West Ham,2425,0.4863653343294733,0.2547627941725813,0.25887187149794544,0.03841797390184487,avg_close,0.05262943126753383
2024-08-24,Fulham,Leicester,2425,0.5119556061057993,0.2594276386735586,0.22861675522064195,0.03898636380416409,avg_close,-0.009695050904963254
2024-08-24,Manchester City,Ipswich,2425,0.8811224143986494,0.0839530971760951,0.034924488425255557,0.04120741643677417,avg_close,-0.01240754848931036
2024-08-24,Southampton,Nottingham Forest,2425,0.4074188181650133,0.2762955203647791,0.3162856614702077,0.04003250381945511,avg_close,0.039917896495863414
2024-08-24,Tottenham,Everton,2425,0.7005877819570494,0.17807147704659698,0.12134074099635367,0.041878014572654054,avg_close,0.03839248229857106
2024-08-25,Bournemouth,Newcastle,2425,0.37346955385968933,0.26296349408750724,0.3635669520528036,0.04186553989336339,avg_close,0.04733711383708794
2024-08-25,Liverpool,Brentford,2425,0.7856107526484128,0.13330251992087117,0.08108672743071604,0.04335655842833375,avg_close,0.04298289495850738
2024-08-25,Wolves,Chelsea,2425,0.2477302204928664,0.2477302204928664,0.5045395590142672,0.037699026904803645,avg_close,0.03303875916915139
2024-08-31,Arsenal,Brighton,2425,0.7010798522771223,0.1788602230204204,0.1200599247024572,0.041146746591635086,avg_close,-0.02089908169058785
2024-08-31,Brentford,Southampton,2425,0.5337429454531802,0.2488956740455245,0.21736138050129514,0.04086725695991178,avg_close,-0.007005687443795483
2024-08-31,Everton,Bournemouth,2425,0.3250892846756087,0.2789171833738556,0.39599353195053566,0.03921554404646188,avg_close,-0.029788731067995178
2024-08-31,Ipswich,Fulham,2425,0.3173532183199358,0.2819883435511452,0.40065843812891894,0.039954801931806116,avg_close,0.0018753348812288184
2024-08-31,Leicester,Aston Villa,2425,0.2404961555978246,0.25584697404023893,0.5036568703619363,0.03951765623259451,avg_close,0.026115631103216186
2024-08-31,Nottingham Forest,Wolves,2425,0.4784209086419402,0.26505313498168437,0.2565259563763755,0.045104824994615766,avg_close,0.002877362158799246
2024-08-31,West Ham,Manchester City,2425,0.13067290371317333,0.1860944854436632,0.6832326108431634,0.04545026532651719,avg_close,-0.00887077048512025
2024-09-01,Chelsea,Crystal Palace,2425,0.5828481038550175,0.22365101659552997,0.1935008795494525,0.03982598905625445,avg_close,-0.01332635960406503
2024-09-01,Manchester United,Liverpool,2425,0.26977234747828943,0.237720187381859,0.4925074651398515,0.04124414170025492,avg_close,0.013619308852115042
2024-09-01,Newcastle,Tottenham,2425,0.389983822825765,0.2466221604502267,0.3633940167240083,0.042361352568889066,avg_close,0.0052987113866810875
2024-09-14,Aston Villa,Everton,2425,0.5724076743928136,0.24407230786292558,0.18352001774426083,0.03988489649356852,avg_close,-0.06268066297846964
2024-09-14,Bournemouth,Chelsea,2425,0.3087837511919825,0.2527151226860698,0.4385011261219477,0.04132230766318079,avg_close,0.027607025557245146
2024-09-14,Brighton,Ipswich,2425,0.6479669123278812,0.20404064473303493,0.14799244293908398,0.04276262077680504,avg_close,-0.03062687108772577
2024-09-14,Crystal Palace,Leicester,2425,0.5758756359463074,0.24163625930410382,0.18248810474958885,0.03981199729972795,avg_close,-0.012807545608378712
2024-09-14,Fulham,West Ham,2425,0.4120316243966246,0.28319577724015793,0.3047725983632175,0.0416301175540037,avg_close,0.023358114420294895
2024-09-14,Liverpool,Nottingham Forest,2425,0.7783265870188022,0.14182840030120394,0.07984501267999389,0.04455911392586254,avg_close,-0.014333523827677053
2024-09-14,Manchester City,Brentford,2425,0.8053606480392672,0.125442299890933,0.06919705206979986,0.043428352874784304,avg_close,0.014151043263809782
2024-09-14,Southampton,Manchester United,2425,0.22923447007216638,0.23715862459317957,0.533606905334654,0.041132620289342725,avg_close,0.028665046588036813
2024-09-15,Tottenham,Arsenal,2425,0.34673637602445817,0.27363525971160946,0.37962836426393254,0.04116803222124199,avg_close,0.03672866046937878
2024-09-15,Wolves,Newcastle,2425,0.2679023286106277,0.26064210290302264,0.47145556848634973,0.03975032049189897,avg_close,-0.014290689025131809
2024-09-21,Aston Villa,Wolves,2425,0.5930461956092865,0.22499644891968248,0.1819573554710311,0.040869927481949286,avg_close,-0.0295553764256129
2024-09-21,Crystal Palace,Manchester United,2425,0.3373680104432995,0.26857509211268255,0.3940568974440179,0.04004286749477415,avg_close,0.012752888786517813
2024-09-21,Fulham,Newcastle,2425,0.3330054716754634,0.2741839923481736,0.39281053597636295,0.03908431145208202,avg_close,0.007412502772170815
2024-09-21,Leicester,Everton,2425,0.4558106279206353,0.2747886928321544,0.26940067924721023,0.03975997982131241,avg_close,0.06563450053798775
2024-09-21,Liverpool,Bournemouth,2425,0.7636811659133735,0.1436176520971419,0.09270118198948464,0.039243638674231196,avg_close,0.01972218157743877
2024-09-21,Southampton,Ipswich,2425,0.3942563209995493,0.27964692536014546,0.32609675364030516,0.03951679083983284,avg_close,-0.0373497500838747
2024-09-21,Tottenham,Brentford,2425,0.6527121233572893,0.19228192812328965,0.1550059485194209,0.042223798976630755,avg_close,0.03332134401992737
2024-09-21,West Ham,Chelsea,2425,0.2726420126698347,0.24614483496790704,0.4812131523622582,0.039040594683494856,avg_close,0.005527210884353706
2024-09-22,Brighton,Nottingham Forest,2425,0.5220272177516581,0.2561413548434802,0.22183142740486164,0.04109180975332194,avg_close,-0.01922348036270838
2024-09-22,Manchester City,Arsenal,2425,0.5391892382323409,0.2680885039255773,0.19272225784208166,0.041930574598942005,avg_close,0.014224751066856278
2024-09-28,Arsenal,Leicester,2425,0.803225585856659,0.13518523184123293,0.06158918230210804,0.03748355132956038,avg_close,-0.018300830022292214
2024-09-28,Brentford,West Ham,2425,0.4307513640082802,0.2690687791984495,0.30017985679327025,0.04104253809146985,avg_close,-0.004095136011699141
2024-09-28,Chelsea,Brighton,2425,0.5437921430665493,0.2302660510114336,0.22594180592201699,0.03894798521075371,avg_close,-0.008977029366034062
2024-09-28,Everton,Crystal Palace,2425,0.34951724682607066,0.2877761762789504,0.36270657689497904,0.040396051807191746,avg_close,-0.0029933643669436405
2024-09-28,Newcastle,Manchester City,2425,0.19445253046118016,0.22917619661496233,0.5763712729238575,0.03891783532502102,avg_close,0.017860161400713837
2024-09-28,Nottingham Forest,Fulham,2425,0.37885307911064126,0.303560511337864,0.3175864095514947,0.039191203951116194,avg_close,-0.02757503258856664
2024-09-28,Wolves,Liverpool,2425,0.1102261407710404,0.16244833944429135,0.7273255197846681,0.04159105788017081,avg_close,0.0
2024-09-29,Ipswich,Aston Villa,2425,0.2637549712454579,0.26891219135360933,0.46733283740093273,0.03873910488215704,avg_close,0.03625518069489095
2024-09-29,Manchester United,Tottenham,2425,0.454986648428007,0.24871031818214892,0.29630303338984404,0.04164298211069495,avg_close,0.05859499830549503
2024-09-30,Bournemouth,Southampton,2425,0.6307303771754845,0.21210402064308326,0.1571656021814322,0.043068101124710934,avg_close,0.0599272553998591
2024-10-05,Arsenal,Southampton,2425,0.8164875528047155,0.12058264234162257,0.06292980485366194,0.03793085908969873,avg_close,-0.0364973297112533
2024-10-05,Brentford,Wolves,2425,0.46648881145532745,0.26563946207872813,0.2678717264659443,0.045694700644485664,avg_close,-0.009395047897985231
2024-10-05,Crystal Palace,Liverpool,2425,0.19088321471085945,0.23418111463307884,0.5749356706560619,0.04151199129162508,avg_close,0.03279895427979024
2024-10-05,Everton,Newcastle,2425,0.26076851564920983,0.2558878215060427,0.4833436628447475,0.04490974822758753,avg_close,-0.04251470822070286
2024-10-05,Leicester,Bournemouth,2425,0.27478799854993136,0.25376200393793136,0.4714499975121372,0.03976260688972166,avg_close,-0.03178300014888724
2024-10-05,Manchester City,Fulham,2425,0.7621056393115425,0.15003954773945993,0.0878548129489976,0.04139210197650267,avg_close,-0.004147074532145023
2024-10-05,West Ham,Ipswich,2425,0.504068518190537,0.2540292532305872,0.24190222857887575,0.0386687335751823,avg_close,-0.02927174472465266
2024-10-06,Aston Villa,Manchester United,2425,0.4368906182958765,0.24900501560904884,0.31410436609507464,0.04041019767932297,avg_close,0.020253311194346757
2024-10-06,Brighton,Tottenham,2425,0.33239192074249874,0.2444306999862141,0.42317737927128696,0.04100232181555974,avg_close,-0.0052328222101958866
2024-10-06,Chelsea,Nottingham Forest,2425,0.6399262737525783,0.20867161100627557,0.15140211524114627,0.04178667763909827,avg_close,0.0
2024-10-19,Bournemouth,Arsenal,2425,0.1983976969146951,0.25797019572017993,0.543632107365125,0.03925383316804698,avg_close,0.011836793562937431
2024-10-19,Fulham,Aston Villa,2425,0.38773790951638065,0.27953198127925116,0.33273010920436813,0.039944242115892425,avg_close,-0.0030803927500756556
2024-10-19,Ipswich,Everton,2425,0.404170159829083,0.28044460069773103,0.31538523947318614,0.03958210919028016,avg_close,-0.0009693631778494582
2024-10-19,Manchester United,Brentford,2425,0.5701789376900771,0.22566801046750123,0.2041530518424217,0.03777242058174801,avg_close,0.023895719544192562
2024-10-19,Newcastle,Brighton,2425,0.5555226672665491,0.23555250352233573,0.20892482921111521,0.040524025644437245,avg_close,0.06697771778648098
2024-10-19,Southampton,Leicester,2425,0.4378054595303373,0.27208248897365594,0.29011205149600666,0.03823614952877774,avg_close,0.030146976966862027
2024-10-19,Tottenham,West Ham,2425,0.6612642446274625,0.18333329917969798,0.15540245619283963,0.042934315618902597,avg_close,0.023663598575546563
2024-10-20,Liverpool,Chelsea,2425,0.5760461429637852,0.21617911432573508,0.20777474271047972,0.03950421771546586,avg_close,-0.020934261152079636
2024-10-20,Wolves,Manchester City,2425,0.1154368280618534,0.1748404512615663,0.7097227206765803,0.043704420276401645,avg_close,-0.007882364832987501
2024-10-21,Nottingham Forest,Crystal Palace,2425,0.4074022486864607,0.29492923524541326,0.2976685160681261,0.040074803036804996,avg_close,-0.002553633790173704
2024-10-25,Leicester,Nottingham Forest,2425,0.32344190262260847,0.2857874721680361,0.39077062520935546,0.044508565830527314,avg_close,0.014297625367812872
2024-10-26,Aston Villa,Bournemouth,2425,0.5320447131159101,0.24503840476839622,0.22291688211569377,0.03842059553543664,avg_close,0.02981019467738899
2024-10-26,Brentford,Ipswich,2425,0.579221706533381,0.23113173866476258,0.1896465548018565,0.04003291271595244,avg_close,-0.006868902722710457
2024-10-26,Brighton,Wolves,2425,0.6111857960025356,0.21957933632127713,0.16923486767618712,0.04214247013782546,avg_close,0.0284403809042858
2024-10-26,Everton,Fulham,2425,0.34891863249205163,0.28491580641362796,0.36616556109432036,0.03840496562752005,avg_close,0.017393023702361454
2024-10-26,Manchester City,Southampton,2425,0.8575301816052722,0.09575611200377916,0.046713706390948684,0.04119617246093843,avg_close,-0.012803430635933921
2024-10-27,Arsenal,Liverpool,2425,0.42564748365170163,0.2846045304890076,0.2897479858592909,0.039540683548983546,avg_close,0.04853110599078342
2024-10-27,Chelsea,Newcastle,2425,0.5359598005071957,0.23342288148610224,0.230617318006702,0.04235283569480042,avg_close,-0.012720273461936049
2024-10-27,Crystal Palace,Tottenham,2425,0.25825185125265004,0.2426396486580314,0.4991085000893185,0.038120398536958255,avg_close,0.020676305005273454
2024-10-27,West Ham,Manchester United,2425,0.29161382808623254,0.26079285438606165,0.44759331752770576,0.039149292127170776,avg_close,-0.04137166099854084
2024-11-02,Bournemouth,Manchester City,2425,0.16470658468151156,0.21578413229060953,0.619509283027879,0.04140697806710225,avg_close,-0.007528657760581453
2024-11-02,Ipswich,Leicester,2425,0.40783127230443816,0.26810078067924065,0.3240679470163212,0.038980682293084934,avg_close,-0.008053168180186698
2024-11-02,Liverpool,Brighton,2425,0.6983232929542149,0.17301367042671748,0.1286630366190676,0.037682243268564175,avg_close,0.012442595753889063
2024-11-02,Newcastle,Arsenal,2425,0.2408816071776867,0.26623756582796954,0.49288082699434366,0.04045538948586058,avg_close,-0.014655554213471839
2024-11-02,Nottingham Forest,West Ham,2425,0.4691733184960089,0.27638083417149945,0.25444584733249165,0.039711464438125565,avg_close,0.03000371502775273
2024-11-02,Southampton,Everton,2425,0.35592724165486467,0.2894589013458237,0.3546138569993117,0.04057887968437912,avg_close,-0.004582099728326183
2024-11-02,Wolves,Crystal Palace,2425,0.3953311223353763,0.287621145890708,0.31704773177391565,0.04095683464997646,avg_close,0.019999935345304476
2024-11-03,Manchester United,Chelsea,2425,0.3618936294564582,0.2663939216832262,0.37171244886031557,0.04273316756862178,avg_close,-0.0026535715706160756
2024-11-03,Tottenham,Aston Villa,2425,0.4950536255219278,0.23890647599814424,0.2660398984799279,0.04122844668055348,avg_close,-0.003731171532919353
2024-11-04,Fulham,Brentford,2425,0.47661761599662045,0.2574244877842709,0.2659578962191087,0.038672278017531925,avg_close,0.013167778451981083
2024-11-09,Brentford,Bournemouth,2425,0.3698634393400345,0.26861590566594684,0.3615206549940187,0.039884843177992124,avg_close,-0.012651640631619221
2024-11-09,Brighton,Manchester City,2425,0.23372728044444022,0.23259542920742116,0.5336772903481386,0.04099530859397249,avg_close,0.006752488745852103
2024-11-09,Crystal Palace,Fulham,2425,0.28691976707059336,0.28777880828936764,0.4253014246400389,0.04038653639755241,avg_close,-0.06613837591260019
2024-11-09,Liverpool,Aston Villa,2425,0.648035422540919,0.2023401741267004,0.14962440333238067,0.042652380060306694,avg_close,-0.021113049399508754
2024-11-09,West Ham,Everton,2425,0.4450738477964292,0.27946497419775795,0.27546117800581293,0.040193588670965674,avg_close,-0.0002133899726562971
2024-11-09,Wolves,Southampton,2425,0.5012164713245909,0.25391441291377687,0.24486911576163214,0.039138502286048205,avg_close,0.0016500742723483675
2024-11-10,Chelsea,Arsenal,2425,0.3193194048872604,0.28186258319960517,0.3988180119131343,0.040418804922171425,avg_close,-0.010787246491466618
2024-11-10,Manchester United,Leicester,2425,0.7220602596610628,0.16967140377194587,0.10826833656699139,0.04129771606743016,avg_close,0.0321099483467161
2024-11-10,Nottingham Forest,Newcastle,2425,0.348423375329205,0.29140864118442594,0.36016798348636914,0.03988097881600572,avg_close,-0.004777510167015497
2024-11-10,Tottenham,Ipswich,2425,0.7664830261420021,0.14278744898323437,0.0907295248747635,0.04372826626924997,avg_close,0.004147829629738697
2024-11-23,Arsenal,Nottingham Forest,2425,0.6830125728555273,0.20274689004764074,0.11424053709683198,0.038370135985834164,avg_close,-0.01755256415938511
2024-11-23,Aston Villa,Crystal Palace,2425,0.5551878739248973,0.2507767681175123,0.19403535795759033,0.0411514898452523,avg_close,-0.036993256182089485
2024-11-23,Bournemouth,Brighton,2425,0.3910514264496565,0.27022092951296495,0.3387276440373786,0.0395156175014828,avg_close,0.008836876044900799
2024-11-23,Everton,Brentford,2425,0.40779400994487913,0.2847319122692056,0.30747407778591523,0.0390756196163764,avg_close,0.02458453441936731
2024-11-23,Fulham,Wolves,2425,0.6195570503416937,0.21628680811478046,0.1641561415435257,0.04132668648797688,avg_close,0.033922561132680995
2024-11-23,Leicester,Chelsea,2425,0.1390201240444595,0.19847707792297833,0.6625027980325622,0.040984542951162606,avg_close,-0.008963597057312644
2024-11-23,Manchester City,Tottenham,2425,0.6817927242879362,0.17968742827027853,0.1385198474417853,0.04022796502666859,avg_close,0.033928321476171086
2024-11-24,Ipswich,Manchester United,2425,0.1898576547077349,0.23488502024966715,0.575257325042598,0.040929631213717066,avg_close,0.010407863288571656
2024-11-24,Southampton,Liverpool,2425,0.10516252390057364,0.1682600382409178,0.7265774378585087,0.04266347687400307,avg_close,0.024590369420031233
2024-11-25,Newcastle,West Ham,2425,0.6525694923762314,0.1998494070402209,0.14758110058354773,0.04245159602302451,avg_close,0.018927763121855734
2024-11-29,Brighton,Southampton,2425,0.6916978155994784,0.17641467223546325,0.13188751216505828,0.040084910212050184,avg_close,0.006221731697288346
2024-11-30,Brentford,Leicester,2425,0.5961865547052784,0.2216767559065816,0.1821366893881401,0.041818215322562136,avg_close,0.017247682225872918
2024-11-30,Crystal Palace,Newcastle,2425,0.2954383518032837,0.27591225383927354,0.4286493943574428,0.04147720095995955,avg_close,-0.03162445379636725
2024-11-30,Nottingham Forest,Ipswich,2425,0.5588613748973806,0.2433522948920239,0.19778633021059558,0.04032122267166249,avg_close,0.0069497487977795425
2024-11-30,West Ham,Arsenal,2425,0.1305500658136809,0.20128744457046616,0.6681624896158529,0.039334675677022535,avg_close,-0.0018455347119473997
2024-11-30,Wolves,Bournemouth,2425,0.35519802463733574,0.2774024918637406,0.3673994834989236,0.038867517390223316,avg_close,0.022307120253283352
2024-12-01,Chelsea,Aston Villa,2425,0.5584510186338323,0.23542542942406652,0.20612355194210116,0.04108566273100722,avg_close,-0.0032079312547553807
2024-12-01,Liverpool,Manchester City,2425,0.4704973829476875,0.2552698567056602,0.2742327603466521,0.04186781095416903,avg_close,0.026190563568082137
2024-12-01,Manchester United,Everton,2425,0.5933974091099038,0.23735896364396156,0.16924362724613456,0.040253868892366595,avg_close,-0.017151621224034463
2024-12-01,Tottenham,Fulham,2425,0.4933719698852822,0.23638214773373467,0.2702458823809832,0.03941963492525291,avg_close,-0.0713355890683317
2024-12-03,Ipswich,Crystal Palace,2425,0.294017172400353,0.2861417124253436,0.4198411151743033,0.04011066787998807,avg_close,-0.019242708783090035
2024-12-03,Leicester,West Ham,2425,0.32072108457831233,0.2763562083254046,0.40292270709628314,0.042800665802353643,avg_close,-0.009274912048247874
2024-12-04,Arsenal,Manchester United,2425,0.6618321858418017,0.1982761713782257,0.13989164277997262,0.042039337413913636,avg_close,-0.017216884921652187
2024-12-04,Aston Villa,Brentford,2425,0.5692182202849787,0.2340581003118282,0.19672367940319305,0.03952395626956351,avg_close,0.043430788952636745
2024-12-04,Everton,Wolves,2425,0.455783970984652,0.28707587426197484,0.25714015475337315,0.03982079112005166,avg_close,-0.00041643657037337967
2024-12-04,Manchester City,Nottingham Forest,2425,0.7270769842321452,0.17016695375645952,0.10275606201139525,0.04194710327108164,avg_close,0.02661512836360469
2024-12-04,Newcastle,Liverpool,2425,0.26388384370955287,0.25476020017704176,0.4813559561134055,0.04395210328649268,avg_close,0.04677411154608774
2024-12-04,Southampton,Chelsea,2425,0.10955171940107147,0.16508310820092498,0.7253651723980036,0.04440602665174587,avg_close,-0.0009028020912630746
2024-12-05,Bournemouth,Tottenham,2425,0.44008295723347957,0.2453659454652137,0.31455109730130676,0.04233892449261645,avg_close,0.08905222150700232
2024-12-05,Fulham,Brighton,2425,0.3698634393400345,0.26861590566594684,0.3615206549940187,0.039884843177992124,avg_close,-0.033192015811469244
2024-12-07,Aston Villa,Southampton,2425,0.7261813280255981,0.16905808694775828,0.10476058502664366,0.043232218095605957,avg_close,0.030519912743760425
2024-12-07,Brentford,Newcastle,2425,0.32597447526792606,0.2613110603370603,0.41271446439501375,0.039906730638463284,avg_close,0.0
2024-12-07,Crystal Palace,Manchester City,2425,0.20612572484584996,0.2406517837575298,0.5532224913966202,0.03884540599079478,avg_close,0.039551603187218815
2024-12-07,Manchester United,Nottingham Forest,2425,0.5689771398827556,0.2432268689575138,0.18779599115973072,0.046154675670715184,avg_close,-0.008114246559452032
2024-12-08,Fulham,Arsenal,2425,0.17999433980063523,0.22669098456023395,0.5933146756391309,0.04039892482405372,avg_close,0.0013942029326864391
2024-12-08,Ipswich,Bournemouth,2425,0.251960801022582,0.25064507882403064,0.4973941201533873,0.04169851237108202,avg_close,-0.015794780399117803
2024-12-08,Leicester,Brighton,2425,0.19561874413621194,0.2280673509834509,0.5763139048803371,0.03902125237445597,avg_close,-0.017428117367958518
2024-12-08,Tottenham,Chelsea,2425,0.33076592018758444,0.24101034385527506,0.4282237359571405,0.042512439042503125,avg_close,0.050160767824717845
2024-12-09,West Ham,Wolves,2425,0.5267822834746522,0.24709890616594513,0.22611881035940257,0.04303156481720971,avg_close,0.0275265575653173
2024-12-14,Arsenal,Everton,2425,0.7756830342955792,0.1493098798409331,0.0750070858634876,0.04811900497426458,avg_close,0.00473292628177846
2024-12-14,Liverpool,Fulham,2425,0.7434413663276841,0.15645014071169863,0.10010849296061718,0.042710069092298575,avg_close,0.026003437087971593
2024-12-14,Newcastle,Leicester,2425,0.7431184228665962,0.15511695234594003,0.10176462478746383,0.04316320871077939,avg_close,0.010751083081108614
2024-12-14,Nottingham Forest,Aston Villa,2425,0.3531804451861093,0.3000373060985443,0.34678224871534646,0.04480215444106195,avg_close,-0.006963728068385799
2024-12-14,Wolves,Ipswich,2425,0.483289076091933,0.2628880139181393,0.2538229099899277,0.04502776916570017,avg_close,-0.006306819192655966
2024-12-15,Brighton,Crystal Palace,2425,0.5040218546061618,0.25952344817119444,0.2364546972226438,0.04423207974769805,avg_close,-0.01491541915888478
2024-12-15,Chelsea,Brentford,2425,0.7107595177423649,0.16430228577948505,0.1249381964781501,0.042181950786402744,avg_close,0.0
2024-12-15,Manchester City,Manchester United,2425,0.6244133903431015,0.20075086036083012,0.17483574929606843,0.039937098392213155,avg_close,0.03288945024299883
2024-12-15,Southampton,Tottenham,2425,0.24101960591011595,0.21702670396431256,0.5419536901255715,0.04247237671086723,avg_close,0.02464884203967116
2024-12-16,Bournemouth,West Ham,2425,0.552234245245713,0.2298774130927131,0.21788834166157384,0.040704463053439,avg_close,-0.015586517687907198
2024-12-21,Aston Villa,Manchester City,2425,0.29915668499305703,0.26371939172941666,0.43712392327752625,0.044603098230121985,avg_close,0.013905705641242716
2024-12-21,Brentford,Nottingham Forest,2425,0.38446968957343186,0.267410482412806,0.348119828013762,0.044572398277722414,avg_close,-0.02956006440865261
2024-12-21,Crystal Palace,Arsenal,2425,0.1344138605560989,0.21713008243677517,0.6484560570071258,0.04197604197604199,avg_close,-0.017244049309576376
2024-12-21,Ipswich,Newcastle,2425,0.20459791774626654,0.23751589956187874,0.5578861826918547,0.042139717517147623,avg_close,0.0019581739216566196
2024-12-21,West Ham,Brighton,2425,0.34612835331465047,0.26412549274974706,0.38974615393560236,0.04299698902947213,avg_close,0.013560364040911321
2024-12-22,Everton,Chelsea,2425,0.19779616844222944,0.2323624891408715,0.5698413424168991,0.044568112087970846,avg_close,0.019168308385936722
2024-12-22,Fulham,Southampton,2425,0.5935396127311002,0.23003209871396713,0.17642828855493256,0.040004638910159596,avg_close,-0.05864688827759246
2024-12-22,Leicester,Wolves,2425,0.3280804089440838,0.27929877379496343,0.39262081726095277,0.0438470085028011,avg_close,-0.04555262526971954
2024-12-22,Manchester United,Bournemouth,2425,0.5157677571470675,0.25582080754494546,0.22841143530798702,0.04239631336405525,avg_close,1.7898426429963088e-05
2024-12-22,Tottenham,Liverpool,2425,0.20466579464058962,0.21003995117382174,0.5852942541855887,0.04179409450964888,avg_close,-0.012555961139067817
2024-12-26,Bournemouth,Crystal Palace,2425,0.4606485871420444,0.2632277640811682,0.2761236487767874,0.043678943534851244,avg_close,-0.04565701559020047
2024-12-26,Chelsea,Fulham,2425,0.6539229961735126,0.19405032000270903,0.1520266838237784,0.04741920815944911,avg_close,0.01254687500667262
2024-12-26,Liverpool,Leicester,2425,0.889575040278271,0.07511657885070624,0.035308380871022886,0.040863203216991995,avg_close,0.0009821004566766822
2024-12-26,Manchester City,Everton,2425,0.7135929232454084,0.17674944864119174,0.10965762811339991,0.04579043934797,avg_close,0.010513463635736908
2024-12-26,Newcastle,Aston Villa,2425,0.49446210680271646,0.2531019755137915,0.25243591768349205,0.04247405500667867,avg_close,0.0029734395981932393
2024-12-26,Nottingham Forest,Tottenham,2425,0.44325991026753564,0.24486992485367703,0.3118701648787874,0.044450337689089015,avg_close,0.03213214746356291
2024-12-26,Southampton,West Ham,2425,0.31056111205289033,0.27174097304627903,0.4176979149008307,0.04544745647365733,avg_close,0.012807268734722266
2024-12-26,Wolves,Manchester United,2425,0.22066081776437013,0.25193557933727295,0.5274036028983571,0.041802798522863505,avg_close,-0.024123681916589257
2024-12-27,Arsenal,Ipswich,2425,0.8395150754544238,0.10900309635740811,0.051481828188167995,0.04488056034172083,avg_close,0.00103155247561737
2024-12-27,Brighton,Brentford,2425,0.5912652350551364,0.2128554846198491,0.19587928032501453,0.044005150344618604,avg_close,0.007850728460240708
2024-12-29,Crystal Palace,Southampton,2425,0.6252701339864573,0.22042933294914277,0.15430053306439992,0.04529984036625412,avg_close,0.037939450960166154
2024-12-29,Everton,Nottingham Forest,2425,0.35661144608481404,0.31145610063900964,0.3319324532761763,0.04244329781691025,avg_close,-0.0027095041570928124
2024-12-29,Fulham,Bournemouth,2425,0.4177415895581838,0.2801182670506771,0.30214014339113915,0.04079320700505673,avg_close,0.012596290870678706
2024-12-29,Leicester,Manchester City,2425,0.0991337517704209,0.14994759308670583,0.7509186551428731,0.048584383155769295,avg_close,-0.026933405743314598
2024-12-29,Tottenham,Wolves,2425,0.578405352662392,0.21195427934206856,0.20964036799553945,0.04150080178430837,avg_close,-0.015734856338327274
2024-12-29,West Ham,Liverpool,2425,0.1285023549192226,0.17870234029888157,0.692795304781896,0.045962171160425225,avg_close,-0.00010578092769872316
2024-12-30,Aston Villa,Brighton,2425,0.5070429137272364,0.25691986781353265,0.23603721845923076,0.04350246256504953,avg_close,0.01934931506849319
2024-12-30,Ipswich,Chelsea,2425,0.12823905946386877,0.18443648513625913,0.6873244553998722,0.04670284140131087,avg_close,-0.008834982260809393
2024-12-30,Manchester United,Newcastle,2425,0.3492223016103578,0.2710677355275865,0.37970996286205566,0.04507501945520187,avg_close,0.004181161398230937
2025-01-01,Brentford,Arsenal,2425,0.16318985753794396,0.21478126989859442,0.6220288725634617,0.04392364726510367,avg_close,0.026562743456767707
2025-01-04,Aston Villa,Leicester,2425,0.717932119023766,0.16960030520454863,0.11246757577168537,0.04728522282930547,avg_close,-0.005841361348889573
2025-01-04,Bournemouth,Everton,2425,0.5652283768418876,0.24747045514580054,0.18730116801231178,0.04686176521686347,avg_close,0.016083183640396514
2025-01-04,Brighton,Arsenal,2425,0.20246526598512488,0.2673218275123933,0.5302129065024818,0.04200818401375117,avg_close,-0.028667286771139777
2025-01-04,Crystal Palace,Chelsea,2425,0.26735305287142913,0.24925102324992618,0.48339592387864466,0.04479678065571924,avg_close,0.012791129571536941
2025-01-04,Manchester City,West Ham,2425,0.7698935183139664,0.1369681438607343,0.09313833782529933,0.04748461146850569,avg_close,0.043694235948651516
2025-01-04,Southampton,Brentford,2425,0.2874385220648371,0.2673659995742758,0.4451954783608872,0.0447461883086151,avg_close,-0.02942708966083246
2025-01-04,Tottenham,Newcastle,2425,0.25156230968866233,0.21298942220306746,0.5354482681082702,0.04334863170036707,avg_close,-0.08651589397802223
2025-01-05,Fulham,Ipswich,2425,0.6119440914866582,0.2294790343074968,0.158576874205845,0.047523213220887595,avg_close,0.007283956682723636
2025-01-05,Liverpool,Manchester United,2425,0.7027039446475812,0.17632423703334144,0.12097181831907726,0.04637824114652167,avg_close,-0.03119819255177958
2025-01-06,Wolves,Nottingham Forest,2425,0.24776976571852025,0.27641366926979427,0.4758165650116857,0.045597136364361024,avg_close,-0.04545875255890941
2025-01-14,Brentford,Manchester City,2425,0.18589563644303048,0.2145909360281963,0.5995134275287733,0.04251209614484153,avg_close,-0.016718401213092732
2025-01-14,Chelsea,Bournemouth,2425,0.6272076804637261,0.20070645774839233,0.17208586178788152,0.04892646779403398,avg_close,-0.01733420865959845
2025-01-14,Nottingham Forest,Liverpool,2425,0.17812690158765282,0.22774796702992753,0.5941251313824196,0.04543298980996324,avg_close,0.0
2025-01-14,West Ham,Fulham,2425,0.3126076472614537,0.29081984154323115,0.39657251119531517,0.041986342548972155,avg_close,-0.004277750179389472
2025-01-15,Arsenal,Tottenham,2425,0.693159950412623,0.18014326394904326,0.12669678563833373,0.04541192942272465,avg_close,0.01816484889622516
2025-01-15,Everton,Aston Villa,2425,0.27482933869467735,0.30752607673873866,0.417644584566584,0.045580952906632666,avg_close,-0.014487737382650356
2025-01-15,Leicester,Crystal Palace,2425,0.24366309799482866,0.2652620429694395,0.49107485903573167,0.04428174927847195,avg_close,0.00655810363041906
2025-01-15,Newcastle,Wolves,2425,0.6971973369486598,0.18158942046001217,0.1212132425913279,0.04694462903982721,avg_close,-0.01750710582530557
2025-01-16,Ipswich,Brighton,2425,0.2515727220390433,0.26188307949965983,0.48654419846129693,0.043305448514866285,avg_close,0.010618932232831363
2025-01-16,Manchester United,Southampton,2425,0.7494359356439472,0.16149461239465526,0.08906945196139762,0.042450679027977056,avg_close,0.006704139995637903
2025-01-18,Arsenal,Aston Villa,2425,0.6103877145860095,0.2314755342753708,0.15813675113861964,0.04350507052920749,avg_close,-0.014797416071169911
2025-01-18,Brentford,Liverpool,2425,0.15882159883921787,0.1930145788710012,0.648163822289781,0.042445833043724956,avg_close,0.020293956045719708
2025-01-18,Leicester,Fulham,2425,0.21262080727686183,0.25582717453098347,0.5315520181921546,0.045157456922162886,avg_close,-0.006505402756263656
2025-01-18,Newcastle,Bournemouth,2425,0.5839554737880904,0.22640354066488613,0.18964098554702344,0.04418251892651637,avg_close,-0.004461870682239466
2025-01-18,West Ham,Crystal Palace,2425,0.3441403688360711,0.2934693942835207,0.36239023688040817,0.045248575261374935,avg_close,-0.02267153096409752
2025-01-19,Everton,Tottenham,2425,0.37323751908984365,0.28295587730409977,0.3438066036060567,0.04251324817132218,avg_close,0.03749103061681602
2025-01-19,Ipswich,Manchester City,2425,0.12444431461029422,0.18439733374116532,0.6911583516485406,0.0408967188426419,avg_close,0.00924251413539956
2025-01-19,Manchester United,Brighton,2425,0.41565750928424794,0.2824026018960626,0.30193988881968953,0.04148348876428787,avg_close,-0.031676260910075416
2025-01-19,Nottingham Forest,Southampton,2425,0.6853601066880411,0.19661970273837248,0.11802019057358641,0.042204977084899564,avg_close,0.0
2025-01-20,Chelsea,Wolves,2425,0.6700197902081492,0.18568377906931263,0.14429643072253814,0.043701558551656694,avg_close,-0.03465109427420077
2025-01-25,Bournemouth,Nottingham Forest,2425,0.4820311429745651,0.2635280149778529,0.25444084204758216,0.042489826929265284,avg_close,0.03172415507779375
2025-01-25,Brighton,Everton,2425,0.564614796406041,0.25664308927547314,0.17874211431848597,0.04183471255439697,avg_close,-0.019303231660935505
2025-01-25,Liverpool,Ipswich,2425,0.8699306648881306,0.08530238851818243,0.044766946593686845,0.03560080965389667,avg_close,-0.009455516721349033
2025-01-25,Manchester City,Chelsea,2425,0.409880894506563,0.25240034030140984,0.33771876519202726,0.042620998143607425,avg_close,-0.07258400014651373
2025-01-25,Southampton,Newcastle,2425,0.14797032584599,0.1952846662896161,0.6567450078643938,0.042918482283676784,avg_close,-0.0014230328999470243
2025-01-25,Wolves,Arsenal,2425,0.16363905927643996,0.23601014200312098,0.6003507987204391,0.04105799697792878,avg_close,0.030359413945809627
2025-01-26,Aston Villa,West Ham,2425,0.6514938921132846,0.20162021503295333,0.14688589285376202,0.044172657761845535,avg_close,0.033007659153343916
2025-01-26,Crystal Palace,Brentford,2425,0.48629413944253747,0.2547870890164359,0.2589187715410267,0.04384193027675032,avg_close,0.02376405983706642
2025-01-26,Fulham,Manchester United,2425,0.40094646692628233,0.2785645511493648,0.3204889819243528,0.043555876794725945,avg_close,-0.0052057344078529355
2025-01-26,Tottenham,Leicester,2425,0.6339064296698578,0.19455258308973275,0.1715409872404095,0.04471515768351453,avg_close,-0.025243832472747973
2025-02-01,Bournemouth,Liverpool,2425,0.21248803757306284,0.2270902960792686,0.5604216663476687,0.04349163630414954,avg_close,0.00719188689251854
2025-02-01,Everton,Leicester,2425,0.4920204195851636,0.2863999457286773,0.2215796346861591,0.042274857724170056,avg_close,-0.050912353483126505
2025-02-01,Ipswich,Southampton,2425,0.49843602737293574,0.26291131114176824,0.23865266148529593,0.0449351666620994,avg_close,0.00962888938434181
2025-02-01,Newcastle,Fulham,2425,0.5543070274810922,0.24715236019131173,0.19854061232759612,0.04280597831793154,avg_close,-0.0034074264907560936
2025-02-01,Nottingham Forest,Brighton,2425,0.3646011680459943,0.2828616731448274,0.35253715880917824,0.042860446443121925,avg_close,-0.03438206887940104
2025-02-01,Wolves,Aston Villa,2425,0.30280465664354717,0.2798515339825203,0.4173438093739325,0.04178521144923675,avg_close,0.007798769181156073
2025-02-02,Arsenal,Manchester City,2425,0.5031908780207482,0.24455332748591074,0.252255794493341,0.04048032723378503,avg_close,0.01091703056768556
2025-02-02,Brentford,Tottenham,2425,0.4797913586789769,0.23290842654319266,0.28730021477783046,0.0421196442067322,avg_close,0.03862227373749194
2025-02-02,Manchester United,Crystal Palace,2425,0.5345449461764296,0.26359103406496115,0.20186401975860946,0.045111775676027754,avg_close,0.06251704168980105
2025-02-03,Chelsea,West Ham,2425,0.7442502707804176,0.1536132558890782,0.10213647333050413,0.041576777173016666,avg_close,0.05663625777582115
2025-02-12,Everton,Liverpool,2425,0.1285960133880781,0.21168882203883627,0.6597151645730855,0.038223075094154346,avg_close,0.007348382617165278
2025-02-14,Brighton,Chelsea,2425,0.32872333137972765,0.26315829533950874,0.4081183732807636,0.03824978560281411,avg_close,-0.022181502089591687
2025-02-15,Aston Villa,Ipswich,2425,0.6717549734094937,0.19445538703959028,0.13378963955091588,0.04100561511498335,avg_close,-0.0031484591941354223
2025-02-15,Crystal Palace,Everton,2425,0.47652566023728676,0.3026986898362639,0.22077564992644938,0.038872711920663994,avg_close,-0.04438517187242319
2025-02-15,Fulham,Nottingham Forest,2425,0.44542441103350305,0.2796850953001066,0.27489049366639046,0.03937492309585311,avg_close,0.018724992132356344
2025-02-15,Leicester,Arsenal,2425,0.0950712381946423,0.17748974228574624,0.7274390195196114,0.04142854211483993,avg_close,-0.0095207040390278
2025-02-15,Manchester City,Newcastle,2425,0.4651390604369862,0.23951190425486604,0.29534903530814766,0.038596472602755005,avg_close,-0.02494805896399588
2025-02-15,Southampton,Bournemouth,2425,0.15975762239107436,0.20332788304318553,0.6369144945657402,0.03978110292602821,avg_close,-0.006651407672126852
2025-02-15,West Ham,Brentford,2425,0.4034790084979311,0.26309042197947285,0.33343056952259587,0.04136289218883915,avg_close,0.0
2025-02-16,Liverpool,Wolves,2425,0.7818726023354834,0.13758273259980608,0.08054466506471061,0.03982174033572017,avg_close,-0.028630530627772433
2025-02-16,Tottenham,Manchester United,2425,0.4375,0.25,0.3125,0.03896103896103886,avg_close,0.05627564091978349
2025-02-19,Aston Villa,Liverpool,2425,0.25137621998244825,0.24190224184240622,0.5067215381751456,0.03866867662484452,avg_close,0.008699618998296077
2025-02-21,Leicester,Brentford,2425,0.2630464565948437,0.25071615394196045,0.486237389463196,0.038691215433018566,avg_close,0.008164315055121996
2025-02-22,Arsenal,West Ham,2425,0.7470801749025037,0.17117822835243868,0.08174159674505767,0.03763133394722673,avg_close,0.0013095006763444994
2025-02-22,Aston Villa,Chelsea,2425,0.36618113919541534,0.27178316846798534,0.3620356923365993,0.04232399885918481,avg_close,0.0011116389968286455
2025-02-22,Bournemouth,Wolves,2425,0.585987603261395,0.22990901180590617,0.18410338493269882,0.040561428547794875,avg_close,-0.03628522912842125
2025-02-22,Everton,Manchester United,2425,0.36308452612217496,0.3074038320203717,0.32951164185745324,0.03931306188206918,avg_close,-0.019871488093243572
2025-02-22,Fulham,Crystal Palace,2425,0.46289955980090336,0.2782748798803119,0.2588255603187847,0.038603776110768484,avg_close,-0.009264902083659099
2025-02-22,Ipswich,Tottenham,2425,0.2839034742624501,0.2525246692123898,0.4635718565251601,0.04210767034213614,avg_close,0.053820755511160945
2025-02-22,Southampton,Brighton,2425,0.1689042875703768,0.21394543092247728,0.6171502815071459,0.03868645973909124,avg_close,0.019315625095850275
2025-02-23,Manchester City,Liverpool,2425,0.307146108997988,0.25247088540672313,0.4403830055952888,0.036872446857869834,avg_close,-0.012028136459092398
2025-02-23,Newcastle,Nottingham Forest,2425,0.502917321787495,0.2501489803682593,0.24693369784424563,0.04104628483111039,avg_close,-0.02735282917284948
2025-02-25,Brighton,Bournemouth,2425,0.48647976627090206,0.24889662460371728,0.26462360912538074,0.038173712592317166,avg_close,0.017699192748224013
2025-02-25,Chelsea,Southampton,2425,0.8240249973637327,0.11601795991763744,0.05995704271862981,0.03722685286885952,avg_close,0.007928751905016851
2025-02-25,Crystal Palace,Aston Villa,2425,0.42543969325664743,0.27315162123864295,0.3014086855047095,0.040048409021555376,avg_close,0.042401355128238116
2025-02-25,Wolves,Fulham,2425,0.3970696199565754,0.2929599025289367,0.3099704775144879,0.040681834437645836,avg_close,0.038907654069211595
2025-02-26,Brentford,Everton,2425,0.4618194468603235,0.2668290137415203,0.2713515393981562,0.04103288425322327,avg_close,0.002968805250315898
2025-02-26,Liverpool,Newcastle,2425,0.7002073707087628,0.17537186432742322,0.12442076496381389,0.04244404991113493,avg_close,0.06698805029934352
2025-02-26,Manchester United,Ipswich,2425,0.6355861516732098,0.21327446422812146,0.15113938409866876,0.04195419281199131,avg_close,0.016940785418643856
2025-02-26,Nottingham Forest,Arsenal,2425,0.22693751335076134,0.27824512506484655,0.4948173615843921,0.04172560937488412,avg_close,-0.019380526206871113
2025-02-26,Tottenham,Manchester City,2425,0.24775183565712405,0.22407392129362266,0.5281742430492533,0.040282741313669046,avg_close,-0.041897233201581036
2025-02-27,West Ham,Leicester,2425,0.5433113687244514,0.25508252589980873,0.20160610537573984,0.03986734667237091,avg_close,-0.0477962739347938
2025-03-08,Brentford,Aston Villa,2425,0.4459477210035465,0.24825955602259295,0.30579272297386045,0.038155239186167034,avg_close,0.014812521076355611
2025-03-08,Brighton,Fulham,2425,0.47886411015538777,0.27113151025699417,0.25000437958761795,0.03894283839627555,avg_close,0.0
2025-03-08,Crystal Palace,Ipswich,2425,0.6185625220562286,0.22827902599694153,0.15315845194682978,0.04300093736350563,avg_close,-0.03244855875549302
2025-03-08,Liverpool,Southampton,2425,0.871071944311227,0.08862418498491861,0.040303870703854196,0.034243964329789156,avg_close,0.012929517180281014
2025-03-08,Nottingham Forest,Manchester City,2425,0.25307764746168987,0.2537453985104015,0.4931769540279086,0.0398306503014183,avg_close,0.014184075946620828
2025-03-08,Wolves,Everton,2425,0.3386363636363636,0.3227272727272727,0.3386363636363636,0.039795821911333906,avg_close,-0.023856393647209206
2025-03-09,Chelsea,Leicester,2425,0.7828531349581103,0.13834904540207985,0.0787978196398098,0.0385193515573059,avg_close,-0.031240716428208692
2025-03-09,Manchester United,Arsenal,2425,0.18861560503850516,0.27096889737926094,0.5404154975822338,0.039566325026608284,avg_close,0.02465095571774306
2025-03-09,Tottenham,Bournemouth,2425,0.34324942791762014,0.25629290617848965,0.40045766590389015,0.040476190476190554,avg_close,-0.01160900328324882
2025-03-10,West Ham,Newcastle,2425,0.28714074683520635,0.2756222068475476,0.4372370463172461,0.039585868521419876,avg_close,-0.0031416653466391775
2025-03-15,Bournemouth,Brentford,2425,0.5466559871846217,0.22907488986784144,0.22426912294753706,0.03937728937728924,avg_close,-0.0030037808944818334
2025-03-15,Everton,West Ham,2425,0.449477453774757,0.2987210407074472,0.25180150551779584,0.03962883054939015,avg_close,0.0
2025-03-15,Ipswich,Nottingham Forest,2425,0.24058698590461475,0.2696466499324194,0.48976636416296576,0.04172952445318767,avg_close,-0.010338109602815504
2025-03-15,Manchester City,Brighton,2425,0.5304262883638913,0.23823116177137546,0.23134254986473327,0.041589001083367716,avg_close,-0.04305929775392903
2025-03-15,Southampton,Wolves,2425,0.24596549805230944,0.2838063439065109,0.47022815804117973,0.0424643230073094,avg_close,-0.012956981023421493
2025-03-16,Arsenal,Chelsea,2425,0.5554748983142637,0.2611335799140424,0.1833915217716939,0.04061350717219603,avg_close,0.030467241900597797
2025-03-16,Fulham,Tottenham,2425,0.5188164507864904,0.2436067091256364,0.23757684008787314,0.04187239961477274,avg_close,0.047436516771334314
2025-03-16,Leicester,Manchester United,2425,0.2132470608989302,0.2565806882473759,0.5301722508536939,0.042088089211911095,avg_close,0.0012742654941349796
2025-04-01,Arsenal,Fulham,2425,0.6418876713122112,0.2299068822728833,0.12820544641490544,0.04557381235458502,avg_close,-0.010964103210903353
2025-04-01,Nottingham Forest,Manchester United,2425,0.407330708691839,0.2835694609182124,0.3090998303899486,0.04025747265691382,avg_close,0.0004598232156590165
2025-04-01,Wolves,West Ham,2425,0.40526052045822697,0.2955284410726148,0.29921103846915825,0.04115971571312871,avg_close,0.03381374476577337
2025-04-02,Bournemouth,Ipswich,2425,0.68950775831719,0.1868256889007591,0.12366655278205085,0.04338849237531317,avg_close,-0.012442595753889063
2025-04-02,Brighton,Aston Villa,2425,0.40834160337031356,0.274957813157661,0.3167005834720254,0.042097869483345374,avg_close,-0.05146812117589822
2025-04-02,Liverpool,Everton,2425,0.6463143306771079,0.21838931721509583,0.13529635210779628,0.04542889365892222,avg_close,-0.05633312802508894
2025-04-02,Manchester City,Leicester,2425,0.8008544828465758,0.12645070781788037,0.07269480933554393,0.040555245905990356,avg_close,0.006249218847643956
2025-04-02,Newcastle,Brentford,2425,0.5735879889694618,0.22173424573587988,0.2046777652946584,0.04395909036627588,avg_close,0.024263590323746587
2025-04-02,Southampton,Crystal Palace,2425,0.1685234892373382,0.23693401457130717,0.5945424961913546,0.044699102925776835,avg_close,0.007095662074999981
2025-04-03,Chelsea,Tottenham,2425,0.5707328226820625,0.21991539956556536,0.20935177775237226,0.04293650475694455,avg_close,-0.012385919165580073
2025-04-05,Aston Villa,Nottingham Forest,2425,0.4482881241040572,0.2829901432397293,0.2687217326562136,0.04238701518155841,avg_close,-0.03974322464743768
2025-04-05,Crystal Palace,Brighton,2425,0.37783348339474615,0.28198192123560695,0.34018459536964685,0.046114053854507064,avg_close,-0.022516370320258328
2025-04-05,Everton,Arsenal,2425,0.2339700277045843,0.3026110768418913,0.46341889545352444,0.042451639713215084,avg_close,0.0672628246485319
2025-04-05,Ipswich,Wolves,2425,0.33700126535646213,0.29908862300386013,0.36391011163967774,0.04484081293846742,avg_close,-0.00573651790035673
2025-04-05,West Ham,Bournemouth,2425,0.32196071135091553,0.27491201141138344,0.4031272772377009,0.04227148831494687,avg_close,0.011878844884738893
2025-04-06,Brentford,Chelsea,2425,0.3323701320023642,0.26906153543048533,0.39856833256715046,0.04107056539970144,avg_close,0.030420525505773566
2025-04-06,Fulham,Liverpool,2425,0.228695181375203,0.27222523010286953,0.49907958852192746,0.04358772691111601,avg_close,0.014757314516782583
2025-04-06,Manchester United,Manchester City,2425,0.28325877261969645,0.261647749095578,0.4550934782847256,0.041398464059260176,avg_close,-0.003075657660540243
2025-04-06,Tottenham,Southampton,2425,0.698509299436301,0.17688682813821302,0.12460387242548598,0.04497822418158681,avg_close,0.010267962475953407
2025-04-07,Leicester,Newcastle,2425,0.13328925764226818,0.20669910796360377,0.660011634394128,0.044913659812795714,avg_close,0.0002560331924056358
2025-04-12,Arsenal,Brentford,2425,0.5862932944306002,0.23027905299322365,0.18342765257617624,0.046399367591534624,avg_close,0.0
2025-04-12,Brighton,Leicester,2425,0.7439340809119633,0.16048076327365096,0.09558515581438574,0.042019472342668784,avg_close,-0.007851300029214081
2025-04-12,Manchester City,Crystal Palace,2425,0.5884357483437667,0.22568241642360934,0.18588183523262397,0.04258949977479931,avg_close,-0.049359491784574994
2025-04-12,Nottingham Forest,Everton,2425,0.4859667736885214,0.2866330970558046,0.22740012925567396,0.0445451020141614,avg_close,0.035348614009941215
2025-04-12,Southampton,Aston Villa,2425,0.15738570420772363,0.21100061443233276,0.6316136813599436,0.041609382851833354,avg_close,-0.0074577779864114235
2025-04-13,Chelsea,Ipswich,2425,0.7984653026522681,0.13071737560473692,0.07081732174299495,0.04366881136255252,avg_close,0.04636131668355836
2025-04-13,Liverpool,West Ham,2425,0.7477401001962434,0.162221581059524,0.0900383187442325,0.04481490265797161,avg_close,0.020687183163500378
2025-04-13,Newcastle,Manchester United,2425,0.5947513105909453,0.2232050373080238,0.18204365210103082,0.044332313963658,avg_close,0.022634612312345204
2025-04-13,Wolves,Tottenham,2425,0.4208872345618746,0.26955699292165003,0.3095557725164755,0.04207601279385487,avg_close,0.0
2025-04-14,Bournemouth,Fulham,2425,0.4281409558885076,0.2812421528417176,0.29061689126977486,0.042714006423683726,avg_close,-0.009141661755276809
2025-04-16,Newcastle,Crystal Palace,2425,0.57273855662791,0.23971764149589211,0.18754380187619799,0.04550739299816997,avg_close,0.0029547990949222447
2025-04-19,Aston Villa,Newcastle,2425,0.3773879020755555,0.2662681309088642,0.35634396701558035,0.043225777075263316,avg_close,-0.029461515940480354
2025-04-19,Brentford,Brighton,2425,0.3627479363092211,0.26750127146825237,0.3697507922225265,0.044217873826812415,avg_close,-0.029769938540405605
2025-04-19,Crystal Palace,Bournemouth,2425,0.3729613986838228,0.27464492682447694,0.35239367449170017,0.04328506847868652,avg_close,-0.004074096477531375
2025-04-19,Everton,Manchester City,2425,0.23579127296899483,0.2629979583115711,0.5012107687194339,0.04459090286857048,avg_close,-0.015039358490011145
2025-04-19,West Ham,Southampton,2425,0.5987864014729145,0.2228042424085263,0.17840935611855924,0.043777878827248706,avg_close,-0.052255099852116516
2025-04-20,Fulham,Chelsea,2425,0.3130158318688314,0.26917607950625,0.41780808862491847,0.04062755253638084,avg_close,-0.03863528431405472
2025-04-20,Ipswich,Arsenal,2425,0.10537404584807661,0.18666847575040135,0.7079574784015221,0.04630682398219599,avg_close,-0.016596640407978258
2025-04-20,Leicester,Liverpool,2425,0.08054188132035871,0.13780576225911087,0.7816523564205304,0.04864026112723163,avg_close,0.008236009234315375
2025-04-20,Manchester United,Wolves,2425,0.37429039989907903,0.27854169294815184,0.347167907152769,0.04364151499831492,avg_close,-0.0995749468683585
2025-04-21,Tottenham,Nottingham Forest,2425,0.40024176301025943,0.2752378886030437,0.3245203483866968,0.04103745579390283,avg_close,0.029742062362742572
2025-04-22,Manchester City,Aston Villa,2425,0.5038695337814315,0.24550785957207505,0.25062260664649333,0.0390789169070771,avg_close,-0.017950382324542602
2025-04-23,Arsenal,Crystal Palace,2425,0.6866755942417141,0.2015400066956813,0.11178439906260462,0.0402083899231771,avg_close,-0.002138331924011694
2025-04-26,Brighton,West Ham,2425,0.5382850301790791,0.24195640245423256,0.21975856736668825,0.04368080349937897,avg_close,-0.03236472799097556
2025-04-26,Chelsea,Everton,2425,0.6677275839119432,0.20073647616559462,0.13153593992246213,0.040011617276581646,avg_close,0.05827068860404605
2025-04-26,Newcastle,Ipswich,2425,0.8198374869431205,0.11871409154993204,0.06144842150694753,0.042524729977555964,avg_close,-0.00991185728526156
2025-04-26,Southampton,Fulham,2425,0.18575390091469723,0.23446877198791438,0.5797773270973884,0.04533340255784579,avg_close,0.010612120580620887
2025-04-26,Wolves,Leicester,2425,0.6254188244236719,0.217970569787749,0.15661060578857905,0.045051325156582056,avg_close,-0.008561826249375737
2025-04-27,Bournemouth,Manchester United,2425,0.490774984633656,0.24987238121034697,0.2593526341559971,0.044919828591738487,avg_close,-0.06376098529627372
2025-04-27,Liverpool,Tottenham,2425,0.7961875599374127,0.1291114962060669,0.07470094385652036,0.04665455134571639,avg_close,0.034857356422075436
2025-05-01,Nottingham Forest,Brentford,2425,0.41580294526129724,0.27132904055186347,0.31286801418683935,0.04111920762944887,avg_close,-0.0268275815618243
2025-05-02,Manchester City,Wolves,2425,0.7170272095378919,0.17727240973815042,0.10570038072395767,0.040781502834978056,avg_close,0.038683742234607466
2025-05-03,Arsenal,Bournemouth,2425,0.5692775561068746,0.2367292807573142,0.19399316313581125,0.045602604305634786,avg_close,0.10165801160992555
2025-05-03,Aston Villa,Fulham,2425,0.5152047014277825,0.25554153190818013,0.22925376666403724,0.0435355250295828,avg_close,-0.02480620249475174
2025-05-03,Everton,Ipswich,2425,0.61408261958865,0.22382450620520888,0.16209287420614113,0.04387523857138165,avg_close,-0.02744225396959632
2025-05-03,Leicester,Southampton,2425,0.3960559613448449,0.26998744407169706,0.333956594583458,0.04334533709006716,avg_close,-0.005193119117169798
2025-05-04,Brentford,Manchester United,2425,0.5804140415042007,0.21965210286282824,0.19993385563297103,0.04418667144912569,avg_close,0.01153549618918115
2025-05-04,Brighton,Newcastle,2425,0.30743358518157443,0.2585425298562028,0.4340238849622228,0.042543287271367136,avg_close,-0.025066763407782022
2025-05-04,Chelsea,Liverpool,2425,0.40731513506666006,0.25800284835758786,0.3346820165757522,0.04472404351970782,avg_close,-0.03318043002509924
2025-05-04,West Ham,Tottenham,2425,0.5149870775446344,0.24373434204402544,0.24127858041134004,0.043976503576545145,avg_close,0.06728584959801015
2025-05-05,Crystal Palace,Nottingham Forest,2425,0.4366112565100989,0.2800422053417544,0.2833465381481468,0.04107589478729068,avg_close,0.01870574043135259
2025-05-10,Bournemouth,Aston Villa,2425,0.3712552291403411,0.27134234877679325,0.3574024220828657,0.04401734656318501,avg_close,-0.023170869226987967
2025-05-10,Fulham,Everton,2425,0.5440166392570378,0.26018187094901807,0.19580148979394407,0.044419926121713305,avg_close,0.0290959577325115
2025-05-10,Ipswich,Brentford,2425,0.16924058710912573,0.20467985534992558,0.6260795575409488,0.04394843014672567,avg_close,-0.025746706664927593
2025-05-10,Southampton,Manchester City,2425,0.06907007903487407,0.1276274891645737,0.8033024318005522,0.04610181817851666,avg_close,-0.012916407125949908
2025-05-10,Wolves,Brighton,2425,0.32169421162706585,0.2870205840265438,0.39128520434639025,0.043134932709570695,avg_close,-0.026760595994340164
2025-05-11,Liverpool,Arsenal,2425,0.4277024149887463,0.2691161262850539,0.3031814587261999,0.043783144035597354,avg_close,-0.04279617963828486
2025-05-11,Manchester United,West Ham,2425,0.47690259359855147,0.26119188368749,0.2619055227139585,0.04321604555948988,avg_close,-0.025814745415036422
2025-05-11,Newcastle,Chelsea,2425,0.4279709375247178,0.2556413066814314,0.3163877557938508,0.043128241395568034,avg_close,-0.01590900051704247
2025-05-11,Nottingham Forest,Leicester,2425,0.6874992333666856,0.18998487761027688,0.12251588902303756,0.04643674569443701,avg_close,-0.028756375982674776
2025-05-11,Tottenham,Crystal Palace,2425,0.31431473317026964,0.2633681143322314,0.4223171524974988,0.043122761545524746,avg_close,-0.05359035740379836
2025-05-16,Aston Villa,Tottenham,2425,0.7618481022869358,0.14413342475698787,0.09401847295607631,0.04174413674903388,avg_close,0.02521567623062959
2025-05-16,Chelsea,Manchester United,2425,0.6119486071834154,0.2120881486264817,0.17596324419010295,0.0408434101857984,avg_close,-0.0487138344025454
2025-05-18,Arsenal,Newcastle,2425,0.5046657292598747,0.2550172568068516,0.2403170139332737,0.04289980269823479,avg_close,0.00848993630809447
2025-05-18,Brentford,Fulham,2425,0.4701773240193445,0.2557764642665234,0.27404621171413224,0.04257703081232478,avg_close,-0.022062586668917084
2025-05-18,Everton,Southampton,2425,0.6711070056881715,0.20161407943993384,0.12727891487189458,0.04201072760910507,avg_close,-0.00602144367865165
2025-05-18,Leicester,Ipswich,2425,0.4227902305928719,0.2615078537999508,0.3157019156071774,0.04195556681498358,avg_close,0.018381057362726605
2025-05-18,West Ham,Nottingham Forest,2425,0.31951239543369353,0.28275433224220664,0.39773327232409983,0.04325634340689599,avg_close,-0.016773014371092798
2025-05-19,Brighton,Liverpool,2425,0.43137496499579947,0.24618314197703725,0.32244189302716325,0.04422019589114701,avg_close,0.07508984608455127
2025-05-20,Crystal Palace,Wolves,2425,0.40393799650320933,0.2892244869222375,0.3068375165745532,0.0445685524082402,avg_close,-0.014469341593223273
2025-05-20,Manchester City,Bournemouth,2425,0.7159188330943569,0.17161560578648272,0.11246556111916042,0.042392827537281574,avg_close,0.09576597275875909
2025-05-25,Bournemouth,Leicester,2425,0.716138298287013,0.17136166423296384,0.11250003748002317,0.042073379543414946,avg_close,0.0008743840166641759
2025-05-25,Fulham,Manchester City,2425,0.1581130047808655,0.21151541036910484,0.6303715848500296,0.04366179036865003,avg_close,-0.024493535579761777
2025-05-25,Ipswich,West Ham,2425,0.30004743654421007,0.2674517540226942,0.43250080943309555,0.04150198248387671,avg_close,-0.020308333811070944
2025-05-25,Liverpool,Crystal Palace,2425,0.7011411318260975,0.16143921858853,0.13741964958537245,0.04105575064210076,avg_close,0.01093894896057468
2025-05-25,Manchester United,Aston Villa,2425,0.20229735109996694,0.22351735296359984,0.5741852959364332,0.04287309244483506,avg_close,-0.00719188689251854
2025-05-25,Newcastle,Everton,2425,0.756298324271185,0.15542052942142479,0.08828114630739017,0.041125637243659696,avg_close,0.025147952932938478
2025-05-25,Nottingham Forest,Chelsea,2425,0.2793330559182678,0.2542078604123919,0.4664590836693404,0.04068483217275265,avg_close,-0.03882762869951345
2025-05-25,Southampton,Arsenal,2425,0.08185441169699544,0.15002378893839943,0.7681217993646051,0.0415014919011083,avg_close,-0.032302780334276415
2025-05-25,Tottenham,Brighton,2425,0.2587125360109169,0.23876206681604528,0.5025253971730377,0.04185820730529777,avg_close,0.029580508739620537
2025-05-25,Wolves,Brentford,2425,0.32977340620415485,0.256588398944944,0.4136381948509012,0.042056773586854446,avg_close,-0.027686386392758444
2025-08-15,Liverpool,Bournemouth,2526,0.7337278106508877,0.15722738799661878,0.10904480135249367,0.05651412853213289,avg_close,0.010751083081108614
2025-08-16,Aston Villa,Newcastle,2526,0.3983692510117422,0.2780407089172863,0.3235900400709714,0.054720127519345185,avg_close,-0.028172833380451567
2025-08-16,Brighton,Fulham,2526,0.5175113638639139,0.26017741644806663,0.2223112196880194,0.05591514619452731,avg_close,0.02771540796339056
2025-08-16,Sunderland,West Ham,2526,0.2790438371706344,0.2992899199937404,0.4216662428356253,0.054019504752479186,avg_close,-0.01426038671279184
2025-08-16,Tottenham,Burnley,2526,0.6104420846606088,0.23595641676407572,0.15360149857531552,0.056875511263734246,avg_close,-0.08054674767154812
2025-08-16,Wolves,Manchester City,2526,0.15204743790557168,0.21962407697471467,0.6283284851197136,0.05398954736703088,avg_close,0.0012185275442521681
2025-08-17,Chelsea,Crystal Palace,2526,0.521790667351535,0.25528468133865423,0.22292465130981076,0.05300953778918327,avg_close,-0.049148316755508015
2025-08-17,Manchester United,Arsenal,2526,0.2507488052474305,0.2568481005102058,0.4924030942423636,0.052257228040240467,avg_close,-0.011030473841817823
2025-08-17,Nottingham Forest,Brentford,2526,0.4964338245497183,0.27563622235173313,0.22792995309854852,0.0546424992273038,avg_close,0.06550867011952982
2025-08-18,Leeds,Everton,2526,0.4049438309899639,0.29519269922632874,0.29986346978370737,0.05533260330373779,avg_close,0.0053541145871637275
2025-08-22,West Ham,Chelsea,2526,0.19979687034367832,0.24843851678860526,0.5517646128677164,0.05370176933872495,avg_close,0.01010311895095134
2025-08-23,Arsenal,Leeds,2526,0.7158688565734552,0.17763163791841333,0.1064995055081315,0.05030368669344387,avg_close,-0.03284807749523866
2025-08-23,Bournemouth,Wolves,2526,0.5268842451279644,0.2535806527353839,0.21953510213665178,0.054416716181421965,avg_close,1.7898426429963088e-05
2025-08-23,Brentford,Aston Villa,2526,0.2913027480295138,0.2744156322017159,0.4342816197687705,0.056262976486350924,avg_close,-0.02727691693208928
2025-08-23,Burnley,Sunderland,2526,0.3992966394998326,0.3055710617394217,0.2951322987607458,0.052270481798199375,avg_close,-0.026702321813727836
2025-08-23,Manchester City,Tottenham,2526,0.6165201005025125,0.2095896147403685,0.1738902847571189,0.05325138437721222,avg_close,-0.03381110899176687
2025-08-24,Crystal Palace,Nottingham Forest,2526,0.39703020255171917,0.29287104447487927,0.31009875297340156,0.05384940277056116,avg_close,-0.0017875550910848026
2025-08-24,Everton,Brighton,2526,0.32661816074561756,0.28359061861146434,0.38979122064291805,0.055751417556543004,avg_close,0.02385001286809768
2025-08-24,Fulham,Manchester United,2526,0.27460759865043277,0.2699134516649553,0.45547894968461194,0.05552458813328376,avg_close,-0.01313288015938141
2025-08-25,Newcastle,Liverpool,2526,0.32519170690144844,0.26015336552115875,0.4146549275773928,0.05311957887180707,avg_close,0.03546811334452016
2025-08-30,Chelsea,Fulham,2526,0.5691699946157767,0.24186104096904504,0.18896896441517833,0.0520624784758863,avg_close,-0.04301947200042089
2025-08-30,Leeds,Newcastle,2526,0.2581434378846082,0.28196024316562857,0.4598963189497631,0.05553550485562875,avg_close,-0.026479498668027512
2025-08-30,Manchester United,Burnley,2526,0.6876130942589243,0.1875308438887975,0.12485606185227832,0.0538450870258651,avg_close,-0.022613869840168666
2025-08-30,Sunderland,Brentford,2526,0.3055305530553056,0.29142914291429145,0.4030403040304031,0.05580486774721494,avg_close,-0.012338345756260694
2025-08-30,Tottenham,Bournemouth,2526,0.5009549453646013,0.252481292463759,0.24656376217163967,0.05618386243386264,avg_close,-0.05292638593320487
2025-08-30,Wolves,Everton,2526,0.2852184637764803,0.30539468950986476,0.40938684671365494,0.0528781914190497,avg_close,-0.07408212665533404
2025-08-31,Aston Villa,Crystal Palace,2526,0.45392651852074634,0.27028673040124207,0.2757867510780116,0.05406685884042073,avg_close,-0.06885023806158902
2025-08-31,Brighton,Manchester City,2526,0.2730258903861573,0.2602746812197708,0.46669942839407197,0.05552055020404412,avg_close,0.011544991511035663
2025-08-31,Liverpool,Arsenal,2526,0.40014611303400116,0.2847886750422171,0.3150652119237817,0.05446714219160498,avg_close,-0.03069609423639086
2025-08-31,Nottingham Forest,West Ham,2526,0.5737904164260286,0.23609830102317886,0.19011128255079257,0.056240377515502926,avg_close,0.011291876932972511
2025-09-13,Arsenal,Nottingham Forest,2526,0.6740898550178165,0.1988424049320337,0.12706774005014987,0.05211471864872297,avg_close,-0.015333819415272676
2025-09-13,Bournemouth,Brighton,2526,0.3925240315979823,0.2706291044065861,0.3368468639954316,0.05273335447416683,avg_close,0.0
2025-09-13,Brentford,Chelsea,2526,0.22561818308360765,0.25533670719945917,0.5190451097169333,0.05279498294417051,avg_close,0.01619151736833435
2025-09-13,Crystal Palace,Sunderland,2526,0.5647133178712683,0.2599228421982824,0.17536383993044932,0.05405358152680462,avg_close,-0.013290593948478424
2025-09-13,Everton,Aston Villa,2526,0.3630470016207455,0.2972447325769854,0.33970826580226904,0.051322246455834275,avg_close,-0.03380834721165532
2025-09-13,Fulham,Leeds,2526,0.4655722285092812,0.28183007304419394,0.2525976984465249,0.05288943028439341,avg_close,-0.02291366548495566
2025-09-13,Newcastle,Wolves,2526,0.6981400495284261,0.18989409347173192,0.11196585699984192,0.05321864594894565,avg_close,0.03245839703346176
2025-09-13,West Ham,Tottenham,2526,0.2908214109804011,0.27093618629798055,0.4382424027216183,0.05154017554135937,avg_close,0.02288447239211555
2025-09-14,Burnley,Liverpool,2526,0.10994277947999387,0.171264654677319,0.7187925658426872,0.05395602789464338,avg_close,-0.012676545824318389
2025-09-14,Manchester City,Manchester United,2526,0.5746579417013682,0.22903033908387863,0.19631171921475307,0.05464583725453309,avg_close,0.039791112802804784
2025-09-20,Brighton,Tottenham,2526,0.43689510178580326,0.2611742068526703,0.30193069136152645,0.054782924331087335,avg_close,0.026443177484181957
2025-09-20,Burnley,Nottingham Forest,2526,0.2782080989485941,0.2866131774666785,0.4351787235847275,0.05408553192046206,avg_close,-0.008549056689312995
2025-09-20,Fulham,Brentford,2526,0.4471160781395914,0.28811127223584615,0.26477264962456254,0.054979089927249536,avg_close,-0.024379976375241308
2025-09-20,Liverpool,Everton,2526,0.6303464683741683,0.21880992350459638,0.15084360812123523,0.050615318488676175,avg_close,-0.02395466778860844
2025-09-20,Manchester United,Chelsea,2526,0.35957323877891834,0.262230207286283,0.37819655393479856,0.05343734721252291,avg_close,0.006129368805425139
2025-09-20,West Ham,Crystal Palace,2526,0.31202161188653765,0.27735254389914454,0.4106258442143179,0.054245462140198875,avg_close,-0.023292722316639147
2025-09-20,Wolves,Leeds,2526,0.3277244382856577,0.30644363060477087,0.3658319311095714,0.059494446122352995,avg_close,-0.047661120048260563
2025-09-21,Arsenal,Manchester City,2526,0.4640503140948692,0.26721998424002297,0.26872970166510785,0.05118963015948963,avg_close,-0.03620741169972924
2025-09-21,Bournemouth,Newcastle,2526,0.39817100538599637,0.28803859964093353,0.31379039497307,0.05524526282261544,avg_close,-0.00044524434110781996
2025-09-21,Sunderland,Aston Villa,2526,0.2495431232682898,0.28562164711430765,0.4648352296174026,0.05455879244532302,avg_close,-0.03169334727377704
2025-09-27,Brentford,Manchester United,2526,0.28764100049043656,0.25380088278567925,0.45855811672388436,0.05350176961430142,avg_close,0.017923810797888295
2025-09-27,Chelsea,Brighton,2526,0.4801639820523581,0.25352658252364507,0.26630943542399693,0.051829216535098865,avg_close,-0.03155354449472081
2025-09-27,Crystal Palace,Liverpool,2526,0.2366725228990056,0.255810462756068,0.5075170143449264,0.05367769586800253,avg_close,-0.02461928934010149
2025-09-27,Leeds,Bournemouth,2526,0.3205476799444897,0.29375267264262833,0.3856996474128819,0.0539394260983026,avg_close,0.009165876961842345
2025-09-27,Manchester City,Burnley,2526,0.7977688578428818,0.13523432205598707,0.06699682010113121,0.05335790710858168,avg_close,0.0
2025-09-27,Nottingham Forest,Sunderland,2526,0.5422306585851556,0.257155461388624,0.20061388002622035,0.05384777194192969,avg_close,0.007840434239434813
2025-09-27,Tottenham,Wolves,2526,0.6206529547294651,0.22238852944638915,0.15695851582414572,0.05307606491090322,avg_close,-0.0018211619012928892
2025-09-28,Aston Villa,Fulham,2526,0.4222799747137739,0.29324998244012074,0.2844700428461052,0.05248761735787699,avg_close,0.0187079014036744
2025-09-28,Newcastle,Arsenal,2526,0.2792199235735934,0.291210963236263,0.4295691131901436,0.05335480109929769,avg_close,0.01184464120810469
2025-09-29,Everton,West Ham,2526,0.5750905544719978,0.24519364725550288,0.17971579827249928,0.05385247827108297,avg_close,0.027198419846302224
2025-10-03,Bournemouth,Fulham,2526,0.48666598259872695,0.2766759959380517,0.23665802146322132,0.053742260928377306,avg_close,0.0018986910943851187
2025-10-04,Arsenal,West Ham,2526,0.8046708904942724,0.13042742455813755,0.06490168494758997,0.05317296441292885,avg_close,0.017434311395518987
2025-10-04,Chelsea,Liverpool,2526,0.32993655066333394,0.26014228033070563,0.40992116900596043,0.05605776337483648,avg_close,-0.01126267504458317
2025-10-04,Leeds,Tottenham,2526,0.34490764106187544,0.2831331381851216,0.371959220753003,0.05430068906802887,avg_close,-0.010973185379552053
2025-10-04,Manchester United,Sunderland,2526,0.5892047570030005,0.22479138833526796,0.18600385466173155,0.05416326843945907,avg_close,-0.04537084393363289
2025-10-05,Aston Villa,Burnley,2526,0.6114073216682469,0.23399539471253894,0.15459728361921415,0.055207007600489355,avg_close,0.015249288377268355
2025-10-05,Brentford,Manchester City,2526,0.18838467016825422,0.22669255764266003,0.5849227721890856,0.055325557435703665,avg_close,-0.002985687839880402
2025-10-05,Everton,Crystal Palace,2526,0.3578387228817028,0.30589439214081043,0.3362668849774867,0.054549064805342384,avg_close,-0.024206584515908958
2025-10-05,Newcastle,Nottingham Forest,2526,0.628613001642807,0.21475240553860597,0.1566345928185872,0.05351250117070672,avg_close,0.028902123031756877
2025-10-05,Wolves,Brighton,2526,0.27445146338728366,0.2690090830934848,0.45653945351923136,0.05307269078986332,avg_close,0.015580628075124003
2025-10-18,Brighton,Newcastle,2526,0.33187160147342576,0.2759165058761621,0.39221189265041223,0.05357116456482203,avg_close,-0.03101555966731495
2025-10-18,Burnley,Leeds,2526,0.2724954209269435,0.2944981567781874,0.4330064222948692,0.054536332616470506,avg_close,-0.014654368789948746
2025-10-18,Crystal Palace,Bournemouth,2526,0.44493790419504375,0.2795627539632576,0.2754993418416986,0.055166493231185276,avg_close,0.011049101430022079
2025-10-18,Fulham,Arsenal,2526,0.14019443873033477,0.22706132780008764,0.6327442334695775,0.05361160387204089,avg_close,-0.013341112098616714
2025-10-18,Manchester City,Everton,2526,0.6577212977460583,0.21235844590904124,0.1299202563449004,0.05583390232950114,avg_close,-0.006780874172320761
2025-10-18,Nottingham Forest,Chelsea,2526,0.3079323395992106,0.27561291037013885,0.4164547500306504,0.057806722888408046,avg_close,0.04809706804556946
2025-10-18,Sunderland,Wolves,2526,0.38019579325601005,0.31243812713117664,0.30736607961281337,0.056314753678465834,avg_close,0.0
2025-10-19,Liverpool,Manchester United,2526,0.5696690882091748,0.22124357611844692,0.20908733567237842,0.05114075452468425,avg_close,-0.0441853971799524
2025-10-19,Tottenham,Aston Villa,2526,0.4229249011857707,0.28194993412384717,0.295125164690382,0.05557409879839792,avg_close,-0.036210695821679795
2025-10-20,West Ham,Brentford,2526,0.3441268523379853,0.287644025510474,0.3682291221515407,0.05669278978327741,avg_close,-0.041291591967257624
2025-10-24,Leeds,West Ham,2526,0.5307004642478034,0.26097632719878244,0.2083232085534141,0.05268273821640479,avg_close,-0.0018811922578488849
2025-10-25,Brentford,Liverpool,2526,0.2420485675813716,0.23661605608952038,0.521335376329108,0.05392914887036726,avg_close,0.012004754362521602
2025-10-25,Chelsea,Sunderland,2526,0.6585081585081585,0.2097902097902098,0.1317016317016317,0.054572271386430726,avg_close,-0.0418214377251368
2025-10-25,Manchester United,Brighton,2526,0.4760860026327337,0.24608081694523118,0.2778331804220352,0.05550795451913926,avg_close,-0.003793122214564737
2025-10-25,Newcastle,Fulham,2526,0.5932253609807459,0.23788485653363242,0.16888978248562161,0.0535625094765384,avg_close,0.01451977336868493
2025-10-26,Arsenal,Crystal Palace,2526,0.6887758468028959,0.19358669421344116,0.1176374589836629,0.05206604517708491,avg_close,0.015333819415272676
2025-10-26,Aston Villa,Manchester City,2526,0.22783389450056118,0.2514029180695848,0.5207631874298542,0.05508715422508503,avg_close,0.006475774484435731
2025-10-26,Bournemouth,Nottingham Forest,2526,0.48693867551032727,0.2644931524359716,0.24856817205370105,0.05315214956598102,avg_close,-0.05054834046933343
2025-10-26,Everton,Tottenham,2526,0.4307869219293884,0.28375186474390857,0.28546121332670316,0.05515147142735333,avg_close,0.029625981426730452
2025-10-26,Wolves,Burnley,2526,0.49401879216855005,0.28742911544352,0.21855209238792997,0.05427838290741516,avg_close,0.008503010144716106
2025-11-01,Brighton,Leeds,2526,0.4921141853315767,0.26309705753184015,0.24478875713658324,0.05287498403810087,avg_close,-0.016314806732584064
2025-11-01,Burnley,Arsenal,2526,0.06954368506235178,0.1643541069120632,0.766102208025585,0.05266843569297386,avg_close,-0.0220677299395534
2025-11-01,Crystal Palace,Brentford,2526,0.4602345153523321,0.27640906752938893,0.26335641711827895,0.05475986048603443,avg_close,-0.03807468646128581
2025-11-01,Fulham,Wolves,2526,0.5295914508199105,0.25690208589908947,0.21350646328099998,0.054887153129420385,avg_close,0.025302053312657224
2025-11-01,Liverpool,Aston Villa,2526,0.5750983308924446,0.22170846868517136,0.20319320042238403,0.05383822818632411,avg_close,-0.00763392095456783
2025-11-01,Nottingham Forest,Manchester United,2526,0.2904208226250184,0.2616187575712976,0.44796041980368406,0.05299060442497572,avg_close,0.017215579934358405
2025-11-01,Tottenham,Chelsea,2526,0.31394549491533463,0.27561494030357864,0.4104395647810868,0.05472393513360707,avg_close,-0.0442811693425762
2025-11-02,Manchester City,Bournemouth,2526,0.6742640884448245,0.1871481032888194,0.13858780826635603,0.0518428466090024,avg_close,0.03830702964895816
2025-11-02,West Ham,Newcastle,2526,0.18990747573366634,0.2322642901742635,0.5778282340920702,0.05525493837986817,avg_close,0.01953611585298151
2025-11-03,Sunderland,Everton,2526,0.2927715611844709,0.306983772892455,0.4002446659230741,0.054207499047939756,avg_close,-0.06874552262006134
2025-11-08,Chelsea,Wolves,2526,0.6972750171742614,0.1859400045798031,0.11678497824593544,0.05452525837921374,avg_close,0.002069340052127
2025-11-08,Everton,Fulham,2526,0.41071195141950584,0.2955590678439434,0.2937289807365506,0.05402443587102601,avg_close,-0.01824807818801527
2025-11-08,Sunderland,Arsenal,2526,0.12897553436987688,0.22349661156765896,0.647527854062464,0.057763774256486045,avg_close,-8.971169245153288e-05
2025-11-08,Tottenham,Manchester United,2526,0.3274155949190441,0.27363262975943164,0.39895177532152426,0.05318009147413316,avg_close,-0.03544105638403311
2025-11-08,West Ham,Burnley,2526,0.509635104676427,0.26627002660060517,0.2240948687229679,0.05493990439198759,avg_close,0.014614761158293077
2025-11-09,Aston Villa,Bournemouth,2526,0.4124684144030323,0.2815066329753632,0.30602495262160456,0.05409915890145278,avg_close,-0.02027591007560281
2025-11-09,Brentford,Newcastle,2526,0.33522994205773343,0.2806806911311792,0.3840893668110873,0.0540731782201862,avg_close,-7.760781665933081e-05
2025-11-09,Crystal Palace,Brighton,2526,0.3994548722282395,0.2804432436292655,0.3201018841424949,0.05185365466469061,avg_close,-0.021109469610270715
2025-11-09,Manchester City,Liverpool,2526,0.502035615501756,0.24082419119246665,0.2571401933057775,0.05391034572661413,avg_close,0.013166777742953995
2025-11-09,Nottingham Forest,Leeds,2526,0.4246825942835699,0.30160579148164357,0.2737116142347864,0.05591917189362294,avg_close,0.005332626039129151
2025-11-22,Bournemouth,West Ham,2526,0.568818944132639,0.2392764827963494,0.19190457307101152,0.05271176599552607,avg_close,-0.007625502194467337
2025-11-22,Brighton,Brentford,2526,0.45133432648462257,0.27552386209817076,0.2731418114172068,0.055072588649426546,avg_close,-0.05643574850934102
2025-11-22,Burnley,Chelsea,2526,0.17317406360199514,0.2283889824316168,0.5984369539663882,0.057607469275053,avg_close,0.03688657004614701
2025-11-22,Fulham,Sunderland,2526,0.4679916341142231,0.28388681709030955,0.24812154879546738,0.05781699685184516,avg_close,0.025595694108865197
2025-11-22,Liverpool,Nottingham Forest,2526,0.6512188300092515,0.2052755007637858,0.1435056692269627,0.05902216065219679,avg_close,-0.004721874225894318
2025-11-22,Newcastle,Manchester City,2526,0.258134917085562,0.2560419312713547,0.48582315164308343,0.055570347123480524,avg_close,-0.013786012370302303
2025-11-22,Wolves,Crystal Palace,2526,0.21453645642213007,0.2603826032739825,0.5250809403038874,0.05219242489654241,avg_close,-0.03810528405847455
2025-11-23,Arsenal,Tottenham,2526,0.6458897922312556,0.22131887985546522,0.13279132791327913,0.05323248180391027,avg_close,-0.028096586998986095
2025-11-23,Leeds,Aston Villa,2526,0.2946150457791901,0.28747286285120977,0.4179120913696001,0.0541179436027166,avg_close,-0.02172841833739675
2025-11-24,Manchester United,Everton,2526,0.5105081030616075,0.25732928772211117,0.2321626092162812,0.0531358961353634,avg_close,-0.0341114827882294
2025-11-29,Brentford,Burnley,2526,0.6396509170972496,0.2171292103908095,0.1432198725119409,0.056319404249285165,avg_close,-0.016717965148757563
2025-11-29,Everton,Newcastle,2526,0.3541776355757158,0.2876351707099753,0.35818719371430885,0.05352312195454978,avg_close,0.019132049803870232
2025-11-29,Manchester City,Leeds,2526,0.7746253396282522,0.14362354321374887,0.08175111715799893,0.05815300534953716,avg_close,0.012386417477683764
2025-11-29,Sunderland,Bournemouth,2526,0.30150154921744654,0.2868832922856916,0.41161515849686187,0.056284249305573075,avg_close,0.0
2025-11-29,Tottenham,Fulham,2526,0.40514628072213427,0.2829977005641176,0.3118560187137481,0.05480525845804718,avg_close,-0.02750190985485107
2025-11-30,Aston Villa,Wolves,2526,0.6488799706892291,0.21241362269198982,0.13870640661878106,0.05555963781990769,avg_close,0.0015540223214116633
2025-11-30,Chelsea,Arsenal,2526,0.31425037835023023,0.30124001236757736,0.38450960928219224,0.0572013162415308,avg_close,0.05043607042948822
2025-11-30,Crystal Palace,Manchester United,2526,0.4579124579124579,0.26329966329966326,0.27878787878787875,0.05498721227621495,avg_close,0.05011239806662454
2025-11-30,Nottingham Forest,Brighton,2526,0.3331423799515086,0.2885883838485713,0.37826923619992014,0.05323493526560319,avg_close,-0.028223825827462468
2025-11-30,West Ham,Liverpool,2526,0.18733479274659284,0.2115339419209857,0.6011312653324213,0.052867200402673564,avg_close,-0.02092105828261384
2025-12-02,Bournemouth,Everton,2526,0.4370751833976091,0.27895680822729757,0.28396800837509334,0.05434833775117154,avg_close,0.014649209135019381
2025-12-02,Fulham,Manchester City,2526,0.1847343596353313,0.23272907071705953,0.5825365696476091,0.05314750091390308,avg_close,-0.029841590424594444
2025-12-02,Newcastle,Tottenham,2526,0.5171276735204251,0.25035546099004713,0.23251686548952774,0.05669859768220431,avg_close,-0.007402601413093235
2025-12-03,Arsenal,Brentford,2526,0.6630700522254421,0.2093135043448967,0.12761644342966114,0.054640753195921654,avg_close,-0.03382313634518719
2025-12-03,Brighton,Aston Villa,2526,0.42235545738227975,0.27786543248834195,0.29977911012937836,0.052299518512369136,avg_close,-0.022256706017104
2025-12-03,Burnley,Crystal Palace,2526,0.19001125637532573,0.2619215937328386,0.5480671498918356,0.054678577606783296,avg_close,-0.010768722588110818
2025-12-03,Leeds,Chelsea,2526,0.2402378274144303,0.27435856232256683,0.4854036102630029,0.05648269188326571,avg_close,0.009289321789321736
2025-12-03,Liverpool,Sunderland,2526,0.7011070110701108,0.18028465998945706,0.11860832894043227,0.0565302144249511,avg_close,0.005620299198280887
2025-12-03,Wolves,Nottingham Forest,2526,0.3060191644246875,0.2937026036274091,0.40027823194790346,0.05411909665114667,avg_close,0.013001297994964467
2025-12-04,Manchester United,West Ham,2526,0.6791149444874097,0.18901807600047188,0.1318669795121184,0.05178912654447787,avg_close,0.02185691533222134
2025-12-06,Aston Villa,Arsenal,2526,0.22703480764197853,0.2734886155456686,0.4994765768123527,0.05373467727479575,avg_close,0.0
2025-12-06,Bournemouth,Chelsea,2526,0.28470640519971113,0.2528192878173435,0.4624743069829454,0.0547718450157475,avg_close,-0.019395224902524655
2025-12-06,Everton,Nottingham Forest,2526,0.45593686476144923,0.2891306947267727,0.2549324405117781,0.05446448385079372,avg_close,0.03196803746320287
2025-12-06,Leeds,Liverpool,2526,0.21579532814238042,0.24471635150166857,0.5394883203559512,0.053186504217431985,avg_close,-0.025027777040427496
2025-12-06,Manchester City,Sunderland,2526,0.75740290040239,0.15319637953122778,0.08940072006638221,0.05624100406135124,avg_close,0.0
2025-12-06,Newcastle,Burnley,2526,0.7289036268279823,0.17135166634292534,0.09974470682909232,0.05532575352695268,avg_close,-0.01507751857853723
2025-12-06,Tottenham,Brentford,2526,0.39110305958132047,0.2825281803542673,0.3263687600644123,0.05655818938933144,avg_close,-0.03171289002806432
2025-12-07,Brighton,West Ham,2526,0.5926150645748461,0.22362832625465892,0.1837566091704949,0.054647506216176645,avg_close,-0.021206570188623375
2025-12-07,Fulham,Crystal Palace,2526,0.38114343029087255,0.2858575727181545,0.3329989969909729,0.05368843796237588,avg_close,0.022059995243623898
2025-12-08,Wolves,Manchester United,2526,0.18848561826295146,0.23226589634358813,0.5792484853934605,0.052667573479786345,avg_close,-0.02598351168514257
2025-12-13,Arsenal,Wolves,2526,0.8503080326592558,0.10700505579532209,0.042686911545422083,0.05003964276900774,avg_close,0.0075654711400258146
2025-12-13,Burnley,Fulham,2526,0.244643610367043,0.27836281766103416,0.4769935719719229,0.05349965354176622,avg_close,0.007044964205158349
2025-12-13,Chelsea,Everton,2526,0.5543842445043718,0.24687423388085314,0.19874152161477485,0.054855594174114675,avg_close,-0.02118576641753167
2025-12-13,Liverpool,Brighton,2526,0.5448536414214826,0.23820234574708035,0.21694401283143702,0.05480187703027606,avg_close,-0.02556408119995024
2025-12-14,Brentford,Leeds,2526,0.442559116258788,0.29140815655194047,0.26603272718927146,0.05588090372297039,avg_close,-0.053300197928534965
2025-12-14,Crystal Palace,Manchester City,2526,0.23570259903061522,0.2533960917192405,0.5109013092501442,0.05801361388934012,avg_close,-0.006161518375757125
2025-12-14,Nottingham Forest,Tottenham,2526,0.36206812730926297,0.2865916898943411,0.3513401827963959,0.0541645633087251,avg_close,-0.01781706769705127
2025-12-14,Sunderland,Newcastle,2526,0.2780392774667532,0.28301908542138166,0.438941637111865,0.054725557614339504,avg_close,-0.0064102564102563875
2025-12-14,West Ham,Aston Villa,2526,0.28684651964480834,0.2776204619954139,0.43553301835977776,0.05322806077436626,avg_close,0.034741928061967964
2025-12-15,Manchester United,Bournemouth,2526,0.5404467878451505,0.22755654225058972,0.23199666990425974,0.05131870696697405,avg_close,0.03633735589528231
2025-12-20,Bournemouth,Burnley,2526,0.6470882393053599,0.20589171250625088,0.14702004818838935,0.05128183070333647,avg_close,0.0015483434468148705
2025-12-20,Brighton,Sunderland,2526,0.5181504765767593,0.25978503346177245,0.22206448996146827,0.054612727642145975,avg_close,-0.0636712051581042
2025-12-20,Everton,Arsenal,2526,0.15100838122371718,0.23515235484091287,0.6138392639353699,0.05785127720180894,avg_close,-0.013583648321665448
2025-12-20,Leeds,Crystal Palace,2526,0.3345884442105955,0.30943963958038734,0.355971916209017,0.05609412570433925,avg_close,-0.03517559206838777
2025-12-20,Manchester City,West Ham,2526,0.7929434797412326,0.12789410963568268,0.0791624106230848,0.050936611024636314,avg_close,0.0033441958810748185
2025-12-20,Newcastle,Chelsea,2526,0.3392078915785151,0.2680991551002995,0.39269295332118553,0.05664681738436972,avg_close,-0.012588818175770511
2025-12-20,Tottenham,Liverpool,2526,0.2674835492342648,0.2637581516126177,0.4687582991531175,0.05608691269013599,avg_close,-0.008335317932841146
2025-12-20,Wolves,Brentford,2526,0.2773513908719602,0.2814663966712474,0.4411822124567925,0.05424984493299112,avg_close,0.004542635358420033
2025-12-21,Aston Villa,Manchester United,2526,0.47234669359866704,0.2586966904995424,0.26895661590179054,0.05327812082381289,avg_close,0.026565418504356786
2025-12-22,Fulham,Nottingham Forest,2526,0.37132777811568646,0.284350100358859,0.34432212152545466,0.05609352668176193,avg_close,-0.030743268031403648
2025-12-26,Manchester United,Newcastle,2526,0.3835616438356165,0.2602739726027397,0.35616438356164387,0.0555234239444764,avg_close,0.007316742015547717
2025-12-27,Arsenal,Brighton,2526,0.7188979223394241,0.1741183958693651,0.1069836817912108,0.05380156769749567,avg_close,0.044327256617526456
2025-12-27,Brentford,Bournemouth,2526,0.41544447770128706,0.2729721640227477,0.3115833582759653,0.05572829768946863,avg_close,0.001800069548141603
2025-12-27,Burnley,Everton,2526,0.2590979496066373,0.3059027405033202,0.4349993098900425,0.05452028520741248,avg_close,0.031218240320288276
2025-12-27,Chelsea,Aston Villa,2526,0.5354241159632603,0.2405331688464393,0.22404271519030042,0.05518547739675683,avg_close,0.02031196905654542
2025-12-27,Liverpool,Wolves,2526,0.7672459816272574,0.147960344823919,0.08479367354882346,0.05109916795239111,avg_close,0.018968070856616892
2025-12-27,Nottingham Forest,Manchester City,2526,0.18335272458491317,0.22786865050576946,0.5887786249093173,0.05492622548589243,avg_close,0.00010188102898123219
2025-12-27,West Ham,Fulham,2526,0.3182932535603876,0.2848390076906772,0.39686773874893516,0.05428081193996226,avg_close,-0.04515360868319285
2025-12-28,Crystal Palace,Tottenham,2526,0.4251140553715393,0.28047465783388537,0.2944112867945753,0.05484748765040326,avg_close,0.012834836257117899
2025-12-28,Sunderland,Leeds,2526,0.3337809401380485,0.3057864096748573,0.3604326501870942,0.05492145809975768,avg_close,-0.04533210925081499
2025-12-30,Arsenal,Aston Villa,2526,0.6901729463832615,0.1879795102475285,0.12184754336920986,0.057600143738367526,avg_close,0.028395152259164003
2025-12-30,Burnley,Newcastle,2526,0.1653937210499228,0.2292228512609367,0.6053834276891404,0.058875436138966286,avg_close,-0.008754121504965962
2025-12-30,Chelsea,Bournemouth,2526,0.6069048825156841,0.21275766667965557,0.18033745080466043,0.05622093262542682,avg_close,-0.04042831188441376
2025-12-30,Manchester United,Wolves,2526,0.6889995359512373,0.18728757227245935,0.12371289177630343,0.059401304663475596,avg_close,-0.011693349923114438
2025-12-30,Nottingham Forest,Everton,2526,0.49833340801687614,0.28095948819942573,0.22070710378369807,0.05615192761842769,avg_close,0.05884819769388555
2025-12-30,West Ham,Brighton,2526,0.2852461993658673,0.2637931425890472,0.4509606580450854,0.055946827501010876,avg_close,0.005383910398605751
2026-01-01,Brentford,Tottenham,2526,0.3951593577761802,0.27893601725377426,0.3259046249700455,0.05442692540933902,avg_close,-0.04953620257616381
2026-01-01,Crystal Palace,Fulham,2526,0.426699484294421,0.28968588842006565,0.28361462728551345,0.05566204560875754,avg_close,-0.007557708380822203
2026-01-01,Liverpool,Leeds,2526,0.6449961052008046,0.21306612913374892,0.14193776566544652,0.05469180876952806,avg_close,0.02752672799178213
2026-01-01,Sunderland,Manchester City,2526,0.13106422421919184,0.2016158172563313,0.6673199585244769,0.05530389600485108,avg_close,0.011647676017788877
2026-01-03,Aston Villa,Nottingham Forest,2526,0.49882149046793756,0.27001733102253034,0.23116117850953208,0.05511851339835938,avg_close,-0.04992302797676473
2026-01-03,Bournemouth,Arsenal,2526,0.15914665626196994,0.21375228098391,0.62710106275412,0.056052516831407884,avg_close,0.012594683735360712
2026-01-03,Brighton,Burnley,2526,0.6541717174856765,0.21032128389229066,0.13550699862203297,0.05424180529310885,avg_close,0.011611040593629829
2026-01-03,Wolves,West Ham,2526,0.3608206635392528,0.28242807890126037,0.3567512575594868,0.05378703412523711,avg_close,-0.017660133964121916
2026-01-04,Everton,Brentford,2526,0.3852441089032718,0.29990522401963565,0.31485066707709264,0.05518567486444437,avg_close,-0.011795973523599734
2026-01-04,Fulham,Liverpool,2526,0.23297438133129195,0.26266086759511315,0.5043647510735949,0.0546234495665745,avg_close,-0.013349152801157865
2026-01-04,Leeds,Manchester United,2526,0.3470623347829795,0.2871152042295558,0.36582246098746485,0.05543105543105531,avg_close,-0.01275661855213106
2026-01-04,Manchester City,Chelsea,2526,0.6451612903225806,0.19354838709677416,0.16129032258064516,0.054421768707483054,avg_close,0.04496047233462874
2026-01-04,Newcastle,Crystal Palace,2526,0.5648638659603302,0.24146852285327092,0.1936676111863989,0.053772654099807804,avg_close,0.01106025783960407
2026-01-04,Tottenham,Sunderland,2526,0.48080272025795057,0.2794045306513754,0.23979274909067405,0.05576402089745791,avg_close,-0.04020467836257302
2026-01-06,West Ham,Nottingham Forest,2526,0.3243473700644924,0.2793788556307722,0.3962737743047354,0.055861046003124804,avg_close,0.0135533892343776
2026-01-07,Bournemouth,Tottenham,2526,0.4358730342946672,0.26947136308245806,0.2946556026228747,0.05725625773862131,avg_close,-0.01962391450446055
2026-01-07,Brentford,Sunderland,2526,0.47212545436860326,0.2947118519505877,0.23316269368080894,0.05377168972237123,avg_close,-0.05001326656314825
2026-01-07,Burnley,Manchester United,2526,0.19734400937408456,0.2519285226052143,0.550727468020701,0.05568612897905334,avg_close,-0.0012195000072179885
2026-01-07,Crystal Palace,Aston Villa,2526,0.3170375585539817,0.28466735738030186,0.3982950840657165,0.05491652806230807,avg_close,0.022452912229583233
2026-01-07,Everton,Wolves,2526,0.5155239284558003,0.27415145328285334,0.21032461826134646,0.054225091932200487,avg_close,-0.029246871405404495
2026-01-07,Fulham,Chelsea,2526,0.262462724615142,0.2661489988372648,0.47138827654759335,0.05541962446474713,avg_close,-0.02160645127135402
2026-01-07,Manchester City,Brighton,2526,0.6314157036029912,0.20500509857239976,0.1635791978246091,0.055828454792185234,avg_close,-0.04746775715633844
2026-01-07,Newcastle,Leeds,2526,0.588859559048853,0.2406253528093029,0.17051508814184416,0.054781234129258616,avg_close,0.0324651280308772
2026-01-08,Arsenal,Liverpool,2526,0.6041274157771226,0.22800001028126984,0.16787257394160754,0.054318440986328875,avg_close,0.01916363951215405
2026-01-17,Chelsea,Brentford,2526,0.5088162762022194,0.25036991368680644,0.24081381011097408,0.056637599361066604,avg_close,-0.042315639095115376
2026-01-17,Leeds,Fulham,2526,0.4103779567505866,0.2838242754772021,0.3057977677722113,0.054882275666513713,avg_close,-0.03722460784569015
2026-01-17,Liverpool,Burnley,2526,0.7715665219709085,0.14875028558373316,0.0796831924453583,0.05371099824877423,avg_close,0.005519963242367254
2026-01-17,Manchester United,Manchester City,2526,0.3145666155011949,0.2608389842034702,0.42459440029533485,0.05613850055871694,avg_close,0.07041421050217972
2026-01-17,Nottingham Forest,Arsenal,2526,0.16353566646330353,0.2446696405226169,0.5917946930140796,0.0561095044918396,avg_close,0.013708143160176323
2026-01-17,Sunderland,Crystal Palace,2526,0.3974659254451562,0.3022264864407258,0.300307588114118,0.057117202578581994,avg_close,0.04979741910150465
2026-01-17,Tottenham,West Ham,2526,0.5154255961566848,0.2549416927226613,0.22963271112065378,0.0544262157759674,avg_close,-0.0421650217626498
2026-01-18,Aston Villa,Everton,2526,0.5940402092511589,0.24123460274158737,0.16472518800725378,0.05211733190227763,avg_close,0.016593050106697427
2026-01-18,Wolves,Newcastle,2526,0.21066236659732393,0.23818609288642154,0.5511515405162546,0.0548738524664667,avg_close,0.008815151325627268
2026-01-19,Brighton,Bournemouth,2526,0.4832638312698224,0.24992008160655724,0.26681608712362026,0.055746465221786945,avg_close,-0.02137828713230322
2026-01-24,Bournemouth,Liverpool,2526,0.22541205231008477,0.23843837694106954,0.5361495707488457,0.05375772403086598,avg_close,-0.027772593228563958
2026-01-24,Burnley,Tottenham,2526,0.2456049581136271,0.28395768430554486,0.4704373575808281,0.05755299785150525,avg_close,-0.014854263066634843
2026-01-24,Fulham,Brighton,2526,0.3683653705301193,0.28862774459219714,0.3430068848776836,0.05630194772595676,avg_close,0.003756951840019007
2026-01-24,Manchester City,Wolves,2526,0.7311288514640348,0.16882193728299208,0.1000492112529732,0.052113820553569834,avg_close,-0.05128907274990513
2026-01-24,West Ham,Sunderland,2526,0.42745215029282924,0.2845389313696243,0.2880089183375465,0.058571555840401635,avg_close,0.049238437470425056
2026-01-25,Arsenal,Manchester United,2526,0.6145783849465699,0.21908581315224945,0.1663358019011806,0.056579055260953304,avg_close,0.008147021861505399
2026-01-25,Brentford,Nottingham Forest,2526,0.5139259517519745,0.27017821463532377,0.21589583361270168,0.0575030488669559,avg_close,0.01803638422134196
2026-01-25,Crystal Palace,Chelsea,2526,0.27926930844448505,0.2720468263295414,0.4486838652259736,0.056275221865643044,avg_close,0.006113155167660256
2026-01-25,Newcastle,Aston Villa,2526,0.4408054760728253,0.26847925596503525,0.2907152679621394,0.055150864307606184,avg_close,-0.04214811312391037
2026-01-26,Everton,Leeds,2526,0.3798155248233031,0.30805884586645765,0.31212562931023924,0.05737232802594261,avg_close,-0.0017280518916928944
2026-01-31,Brighton,Everton,2526,0.49540032402434026,0.2726843282093631,0.23191534776629655,0.05684268668011594,avg_close,-0.014614761158293077
2026-01-31,Chelsea,West Ham,2526,0.5961201949310403,0.21839426496321523,0.18548554010574445,0.055040280396503105,avg_close,-0.0426972513891366
2026-01-31,Leeds,Arsenal,2526,0.1610297803426603,0.2369034613061193,0.6020667583512204,0.05792699285295888,avg_close,0.007528657760581453
2026-01-31,Liverpool,Newcastle,2526,0.5774599503028776,0.22441571528358276,0.19812433441353958,0.05592794312602756,avg_close,0.05686702846749425
2026-01-31,Wolves,Bournemouth,2526,0.3223023820633383,0.2778794730985966,0.39981814483806516,0.055332114656620135,avg_close,0.01612267285027774
2026-02-01,Aston Villa,Brentford,2526,0.4119302640863216,0.2853733757224517,0.3026963601912267,0.055476245864134466,avg_close,-0.04985886324628713
2026-02-01,Manchester United,Fulham,2526,0.6225979089485498,0.20439499386647852,0.1730070971849718,0.056692814714339734,avg_close,0.018394599053287553
2026-02-01,Nottingham Forest,Crystal Palace,2526,0.45261360938495115,0.29377715640203345,0.2536092342130155,0.057124420478019466,avg_close,-0.03559916571861976
2026-02-01,Tottenham,Manchester City,2526,0.19011128255079257,0.23609830102317886,0.5737904164260286,0.056240377515502926,avg_close,-0.012937905502560132
2026-02-02,Sunderland,Burnley,2526,0.4951518713673406,0.29279878461660086,0.21204934401605843,0.05737297928066942,avg_close,-0.03312209165000812
2026-02-06,Leeds,Nottingham Forest,2526,0.44161290073923337,0.28043074408960217,0.2779563551711645,0.058143271729502066,avg_close,0.018724992132356344
2026-02-07,Arsenal,Sunderland,2526,0.7532048797879431,0.16797135372262095,0.07882376648943593,0.05369842249858703,avg_close,-0.014642300736018243
2026-02-07,Bournemouth,Aston Villa,2526,0.33313270663889577,0.26427287342303457,0.4025944199380697,0.0569741998885025,avg_close,-0.011078761296177242
2026-02-07,Burnley,West Ham,2526,0.3040616795101009,0.2641429673956463,0.4317953530942529,0.05749402186488606,avg_close,0.010676318312353938
2026-02-07,Fulham,Everton,2526,0.4442264735069523,0.277478706325457,0.2782948201675907,0.056856347098750204,avg_close,-0.002349163364889717
2026-02-07,Manchester United,Tottenham,2526,0.5937446084834742,0.21553742636728862,0.1907179651492372,0.05926152191336986,avg_close,-0.010485411715529969
2026-02-07,Newcastle,Brentford,2526,0.4930473571474017,0.2558516015467598,0.25110104130583855,0.056355592993523995,avg_close,0.04083103158400381
2026-02-07,Wolves,Chelsea,2526,0.17768103728236745,0.22517572982562553,0.5971432328920069,0.05989879402941334,avg_close,-0.0025637919057700798
2026-02-08,Brighton,Crystal Palace,2526,0.4318269466746135,0.2892052028187778,0.2789678505066087,0.05741665285719,avg_close,-0.05390772128060273
2026-02-08,Liverpool,Manchester City,2526,0.4397186324227057,0.24619663013250453,0.3140847374447898,0.057758859357696535,avg_close,0.04812221646926662
2026-02-10,Chelsea,Leeds,2526,0.6275114530537141,0.21535052138888822,0.15713802555739773,0.05536186217218142,avg_close,0.0076633215954377
2026-02-10,Everton,Bournemouth,2526,0.4075502366420729,0.27727758035472405,0.31517218300320304,0.05762294805676338,avg_close,0.011504155153756523
2026-02-10,Tottenham,Newcastle,2526,0.3157894736842105,0.2631578947368421,0.42105263157894735,0.05555555555555558,avg_close,0.018957920342108248
2026-02-10,West Ham,Manchester United,2526,0.21177113559572805,0.22810047617178414,0.5601283882324878,0.05639347828548624,avg_close,0.00799005620456203
2026-02-11,Aston Villa,Brighton,2526,0.45976334009788705,0.2566700489435359,0.28356661095857705,0.05584080083577425,avg_close,-0.04205449624349794
2026-02-11,Crystal Palace,Burnley,2526,0.6494838818851003,0.21308909383196548,0.13742702428293427,0.054578144204794565,avg_close,0.04548258815507267
2026-02-11,Manchester City,Fulham,2526,0.6908046985042893,0.18095648890074115,0.1282388125949697,0.056632951222953976,avg_close,0.006289337020713215
2026-02-11,Nottingham Forest,Wolves,2526,0.5471330456414054,0.24974674642734335,0.20312020793125135,0.056479199503099764,avg_close,-0.01977992632389225
2026-02-11,Sunderland,Liverpool,2526,0.2125517306990978,0.24695958266605358,0.5404886866348487,0.057244278296292084,avg_close,0.01656942755486024
2026-02-12,Brentford,Arsenal,2526,0.18617502851297485,0.25086714717398206,0.562957824313043,0.05734047832880318,avg_close,-0.011807754281810467
2026-02-18,Wolves,Arsenal,2526,0.0766735451660902,0.15968267838131772,0.763643776452592,0.056057336903198696,avg_close,-0.007190420036947115
2026-02-21,Aston Villa,Leeds,2526,0.518142254678721,0.2562551368248022,0.22560260849647665,0.06042412964609767,avg_close,0.0027144455370411436
2026-02-21,Brentford,Brighton,2526,0.4197154350947561,0.2785721914345727,0.3017123734706713,0.05891851307328122,avg_close,-0.059996284882123885
2026-02-21,Chelsea,Burnley,2526,0.7686612696415763,0.14983413021539446,0.08150460014302922,0.057693632021297514,avg_close,-0.014333523827677053
2026-02-21,Manchester City,Newcastle,2526,0.6162825966525373,0.20498384424296054,0.17873355910450234,0.05365728787041513,avg_close,-0.035573424082893546
2026-02-21,West Ham,Bournemouth,2526,0.3551000877262939,0.2609298987160061,0.38397001355769994,0.05868700858736253,avg_close,-0.0343118528364027
2026-02-22,Crystal Palace,Wolves,2526,0.5331236103424506,0.25434738283184294,0.2125290068257066,0.0597387556133957,avg_close,-0.03760401183904305
2026-02-22,Nottingham Forest,Liverpool,2526,0.24622319136410975,0.2494801118847991,0.5042966967510911,0.060406228583159916,avg_close,0.03161533590557017
2026-02-22,Sunderland,Fulham,2526,0.3317989320567114,0.29736696740931684,0.37083410053397164,0.0574994645325857,avg_close,-0.024113614146947238
2026-02-22,Tottenham,Arsenal,2526,0.13122171945701355,0.21719457013574658,0.6515837104072397,0.05842911877394652,avg_close,-0.03355731786619229
2026-02-23,Everton,Manchester United,2526,0.2672924937850173,0.2599087232384698,0.4727987829765129,0.06284656582763137,avg_close,0.015539380036106665
2026-02-27,Wolves,Aston Villa,2526,0.20518609138720378,0.2523679198880046,0.5424459887247916,0.05948362717037203,avg_close,-0.031172750096562396
2026-02-28,Bournemouth,Sunderland,2526,0.5233749450432327,0.25599861442332034,0.22062644053344704,0.0614867234610641,avg_close,-0.00963293135374732
2026-02-28,Burnley,Brentford,2526,0.2175286247474764,0.24909610327283577,0.5333752719796879,0.059238740700271464,avg_close,0.007819447058641099
2026-02-28,Leeds,Manchester City,2526,0.19831692171945295,0.2419365004096651,0.559746577870882,0.057114057904706694,avg_close,0.0006756319664306676
2026-02-28,Liverpool,West Ham,2526,0.6693911502504476,0.18952641001066886,0.14108243973888354,0.05949990209861489,avg_close,0.016657532666070507
2026-02-28,Newcastle,Everton,2526,0.5298434186064781,0.25284752952266243,0.21730905187085964,0.060309014098075764,avg_close,-0.024601528873037015
2026-03-01,Arsenal,Chelsea,2526,0.628152311099469,0.2161074464791751,0.15574024242135595,0.061313721030151314,avg_close,0.03343103211484777
2026-03-01,Brighton,Nottingham Forest,2526,0.45104089006136383,0.2780753569994839,0.27088375293915234,0.060810472098074664,avg_close,-0.015603799185888723
2026-03-01,Fulham,Tottenham,2526,0.4678538081899426,0.25821439686985903,0.2739317949401983,0.05812862113011019,avg_close,0.013491000657959606
2026-03-01,Manchester United,Crystal Palace,2526,0.6246455334194109,0.2168309782674277,0.1585234883131614,0.060203939991159805,avg_close,-0.00047847675295475955
2026-03-03,Bournemouth,Brentford,2526,0.3779798870147041,0.2654353139148203,0.3565847990704756,0.05825736697053219,avg_close,0.003555721614653118
2026-03-03,Everton,Burnley,2526,0.5858562908264697,0.2495313831297927,0.16461232604373757,0.06018834678065277,avg_close,-0.019072736583025995
2026-03-03,Leeds,Sunderland,2526,0.5216484381951012,0.26899819747382714,0.20935336433107166,0.059115962767761765,avg_close,0.015126452327903217
2026-03-03,Wolves,Liverpool,2526,0.13803456551277507,0.2007509073805752,0.6612145271066497,0.05760032581363195,avg_close,-0.025841203358772463
2026-03-04,Aston Villa,Chelsea,2526,0.357399320718098,0.2711305191654536,0.3714701601164483,0.05984498802853411,avg_close,0.006003235837804599
2026-03-04,Brighton,Arsenal,2526,0.187903809470788,0.24613441709324577,0.5659617734359663,0.058026218933901585,avg_close,-0.010187124615327475
2026-03-04,Fulham,West Ham,2526,0.4292479184818495,0.26904427939033304,0.30170780212781756,0.05893455733711317,avg_close,-0.045821296367688724
2026-03-04,Manchester City,Nottingham Forest,2526,0.6801798555168075,0.1957453414427251,0.12407480304046749,0.05769739370629967,avg_close,0.005437840751651435
2026-03-04,Newcastle,Manchester United,2526,0.3672345496119288,0.2597017809410325,0.3730636694470388,0.06369349074804864,avg_close,0.005417177012792929
2026-03-05,Tottenham,Crystal Palace,2526,0.3866637475623452,0.27995832167718754,0.3333779307604672,0.059928861077644946,avg_close,-0.0174042723809813
2026-03-14,Arsenal,Everton,2526,0.687617304440894,0.20258832410409133,0.10979437145501454,0.061530887290246916,avg_close,-0.00021504737298128074
2026-03-14,Burnley,Bournemouth,2526,0.24088830213588575,0.24027535480220666,0.5188363430619077,0.05900551647552721,avg_close,0.012022813677018629
2026-03-14,Chelsea,Newcastle,2526,0.5581577610012063,0.2224732585122732,0.2193689804865206,0.060123172470018194,avg_close,0.03884545815275364
2026-03-14,Sunderland,Brighton,2526,0.25886828411265045,0.2723354202803606,0.46879629560698893,0.06125505357668248,avg_close,-0.025303643724696345
2026-03-14,West Ham,Manchester City,2526,0.19580314576372987,0.22639738728931263,0.5777994669469575,0.061781755800160765,avg_close,-0.018949089572768696
2026-03-15,Crystal Palace,Leeds,2526,0.355571106445844,0.2928232641318716,0.35160562942228446,0.05728458473978515,avg_close,-0.02065784604341242
2026-03-15,Liverpool,Tottenham,2526,0.7250411471433839,0.16057129323448024,0.11438755962213581,0.06094774380942325,avg_close,0.00047529795567058386
2026-03-15,Manchester United,Aston Villa,2526,0.5576890149940074,0.2356236088349681,0.20668737617102467,0.06101422194539596,avg_close,0.007532908540379912
2026-03-15,Nottingham Forest,Fulham,2526,0.4126310842404184,0.2854758860756973,0.3018930296838844,0.058284844224175014,avg_close,-0.01824807818801527
2026-03-16,Brentford,Wolves,2526,0.6167702651274896,0.21996701763288087,0.16326271723962957,0.05970538496490052,avg_close,0.007226766290499009
2026-03-20,Bournemouth,Manchester United,2526,0.307391934324664,0.2536809780582576,0.4389270876170783,0.05966638239364408,avg_close,0.008852148646532332
2026-03-21,Brighton,Liverpool,2526,0.30909650932030586,0.26042661696876596,0.4304768737109282,0.06073295094787845,avg_close,0.002283425381572779
2026-03-21,Everton,Chelsea,2526,0.2996446574663251,0.2751838691017271,0.4251714734319478,0.05945595741514098,avg_close,0.026761276302265602
2026-03-21,Fulham,Burnley,2526,0.6207058363476391,0.21992374621175087,0.15937041744061,0.05991388886125737,avg_close,-0.003631242563109538
2026-03-21,Leeds,Brentford,2526,0.40229149587090846,0.27723900741836793,0.32046949671072367,0.05777009770588393,avg_close,0.012262573173658253
2026-03-22,Aston Villa,West Ham,2526,0.5444594240465763,0.24852633340384617,0.20701424254957734,0.06166714460520817,avg_close,0.05405191068965376
2026-03-22,Newcastle,Sunderland,2526,0.6147334171857232,0.22393860197479912,0.1613279808394779,0.06321659595799423,avg_close,0.03933309007069874
2026-03-22,Tottenham,Nottingham Forest,2526,0.39834848833408,0.2869562058819969,0.31469530578392324,0.059225629384530354,avg_close,-0.018732257386993856
2026-04-10,West Ham,Wolves,2526,0.5326595910722648,0.25208756048072417,0.2152528484470111,0.060661932839919386,avg_close,0.011439717725940324
2026-04-11,Arsenal,Bournemouth,2526,0.6416234364802217,0.2110036804532273,0.1473728830665509,0.06023575537597603,avg_close,-0.011298020958033117
2026-04-11,Brentford,Everton,2526,0.43827071562905184,0.2821203708390604,0.27960891353188766,0.061253381719068356,avg_close,0.009583330377079535
2026-04-11,Burnley,Brighton,2526,0.17831937108796894,0.22840423076400865,0.5932763981480225,0.06009748503958634,avg_close,-0.032823853463578356
2026-04-11,Liverpool,Fulham,2526,0.552000297995977,0.23249273634805934,0.21550696565596367,0.05941124263974373,avg_close,-0.032190521240547
2026-04-12,Chelsea,Manchester City,2526,0.2711190946649901,0.24254356026585233,0.4863373450691576,0.05988964810521358,avg_close,-0.04435737949310109
2026-04-12,Crystal Palace,Newcastle,2526,0.3242229367631297,0.2859056806002144,0.38987138263665594,0.059896055210019616,avg_close,0.0037505540591223907
2026-04-12,Nottingham Forest,Aston Villa,2526,0.40099695822712705,0.28383820838365925,0.3151648333892136,0.06118489470584265,avg_close,0.04843494321561692
2026-04-12,Sunderland,Tottenham,2526,0.34272723180119746,0.2847431684148921,0.3725295997839103,0.06100808425778892,avg_close,-0.023079799202207096
2026-04-13,Manchester United,Leeds,2526,0.5824342368431432,0.23182886085648452,0.18573690230037243,0.05983459001831681,avg_close,0.005267779572564968
2026-04-18,Brentford,Fulham,2526,0.4808883319003832,0.2513443014732669,0.26776736662634976,0.06096165739022896,avg_close,0.03338200643318462
2026-04-18,Chelsea,Manchester United,2526,0.4497795700762106,0.255972113051502,0.2942483168722873,0.05871966596835532,avg_close,0.02692921918584723
2026-04-18,Leeds,Wolves,2526,0.6185547677949353,0.23026491355869855,0.15118031864636597,0.05664818262060711,avg_close,0.0405255609676799
2026-04-18,Newcastle,Bournemouth,2526,0.4326923822746911,0.2570216330678002,0.3102859846575088,0.06014252878402537,avg_close,-0.04554655870445351
2026-04-18,Tottenham,Brighton,2526,0.3220562986159827,0.2509640837619227,0.4269796176220947,0.05974306291896103,avg_close,-0.0354961100221447
2026-04-19,Aston Villa,Sunderland,2526,0.5455256833044548,0.257857768337898,0.19661654835764725,0.059592059130105124,avg_close,-0.02713584562271587
2026-04-19,Everton,Liverpool,2526,0.2950259460827743,0.2835084166561195,0.42146563726110614,0.05922887172887181,avg_close,-0.009468669804440777
2026-04-19,Manchester City,Arsenal,2526,0.5132011300736444,0.26303344828287073,0.2237654216434848,0.05899661754754115,avg_close,-0.005551805180518121
2026-04-19,Nottingham Forest,Burnley,2526,0.6468203535286083,0.2151156528819518,0.1380639935894398,0.05892077006049412,avg_close,0.017502476765579922
2026-04-20,Crystal Palace,West Ham,2526,0.37363253856942497,0.28387096774193543,0.34249649368863955,0.057876057876057985,avg_close,-0.03888458903496289
2026-04-21,Brighton,Chelsea,2526,0.4128481455563331,0.27442967109867034,0.3127221833449965,0.06236759435370587,avg_close,0.042295116548887235
2026-04-22,Bournemouth,Leeds,2526,0.5156364524798436,0.2496335206450037,0.23473002687515274,0.05975457088743119,avg_close,0.056010667295310235
2026-04-22,Burnley,Manchester City,2526,0.05998840803709428,0.11686630602782071,0.823145285935085,0.056393363661782825,avg_close,0.012616286330950598
2026-04-24,Sunderland,Nottingham Forest,2526,0.3539400481607573,0.3037033961637466,0.34235655567549617,0.062156858421714034,avg_close,0.007073803990777172
2026-04-25,Arsenal,Newcastle,2526,0.682507325773984,0.1934004331762008,0.12409224104981527,0.061728795859677055,avg_close,0.03442479635903839
2026-04-25,Fulham,Aston Villa,2526,0.3869209809264305,0.26485013623978204,0.3482288828337875,0.0635831449602966,avg_close,0.042423647255229235
2026-04-25,Liverpool,Crystal Palace,2526,0.6037176002651641,0.2155147497514087,0.18076764998342726,0.061797172625231545,avg_close,-0.06177101122778983
2026-04-25,West Ham,Everton,2526,0.3884804121358353,0.278142780286604,0.3333768075775608,0.0636910577395624,avg_close,-0.004551838191864999
2026-04-25,Wolves,Tottenham,2526,0.20304622784359136,0.22495769127995013,0.5719960808764586,0.06601446748841022,avg_close,0.0
2026-04-27,Manchester United,Brentford,2526,0.48060518679393344,0.25254320807402403,0.26685160513204237,0.06158671535813154,avg_close,-0.027949125171101097
2026-05-01,Leeds,Burnley,2526,0.6968094085870238,0.19222328512745487,0.11096730628552136,0.05522989297471392,avg_close,-0.012913530996447986
2026-05-02,Arsenal,Fulham,2526,0.6516326307742711,0.21377088566124278,0.1345964835644862,0.05834965875533826,avg_close,0.00378847271158822
2026-05-02,Brentford,West Ham,2526,0.5072694324171035,0.2444355296103142,0.2482950379725823,0.05985966085194594,avg_close,0.011290180537208205
2026-05-02,Newcastle,Brighton,2526,0.35458607601018594,0.2619997117186374,0.38341421227117667,0.06022169244248832,avg_close,-0.029861686810070287
2026-05-02,Wolves,Sunderland,2526,0.25666369602203676,0.26760106943206674,0.4757352345458964,0.06162097817411194,avg_close,-0.029086747687050718
2026-05-03,Aston Villa,Tottenham,2526,0.4198272237603027,0.2656533845262932,0.31451939171340404,0.0633626076699032,avg_close,-0.019651270486852168
2026-05-03,Bournemouth,Crystal Palace,2526,0.6024680335448486,0.2221867925129938,0.17534517394215743,0.06399942459008834,avg_close,0.00306821625110576
2026-05-03,Manchester United,Liverpool,2526,0.40143111570949613,0.2542757741017024,0.34429311018880143,0.06003719751899328,avg_close,-0.0040401673578733255
2026-05-04,Chelsea,Nottingham Forest,2526,0.6696616992474981,0.19753619161903185,0.13280210913347007,0.05907185516654456,avg_close,0.1049800164568182
2026-05-04,Everton,Manchester City,2526,0.14090408359493894,0.20447902803690707,0.6546168883681539,0.060841015231937634,avg_close,0.0
2026-05-09,Brighton,Wolves,2526,0.7455227750782008,0.1591283906469437,0.09534883427485549,0.056173736235698435,avg_close,-0.011811617739492464
2026-05-09,Fulham,Bournemouth,2526,0.3577391465274118,0.2613483209353036,0.3809125325372846,0.06286421425504884,avg_close,0.006950700406880672
2026-05-09,Liverpool,Chelsea,2526,0.473678968627234,0.2554528855198363,0.2708681458529298,0.06087159468025094,avg_close,-0.04766452059017623
2026-05-09,Manchester City,Brentford,2526,0.702427426996296,0.1689861314497373,0.12858644155396676,0.06241389221886551,avg_close,-0.0052123663861812775
2026-05-09,Sunderland,Manchester United,2526,0.29346570691928087,0.2683831678663509,0.4381511252143682,0.06154304372083108,avg_close,0.05502417866227813
2026-05-10,Burnley,Aston Villa,2526,0.1488499940838635,0.21350881504336983,0.6376411908727666,0.05964872619168404,avg_close,-0.03816013739462326
2026-05-10,Crystal Palace,Everton,2526,0.33899766746607973,0.2899733894017544,0.37102894313216594,0.0611053253097098,avg_close,-0.00808449010150103
2026-05-10,Nottingham Forest,Newcastle,2526,0.2880589515993971,0.2738234801540781,0.4381175682465249,0.06162435104188879,avg_close,-0.09678990959779138
2026-05-10,West Ham,Arsenal,2526,0.1614484679665738,0.22735376044568245,0.6111977715877437,0.06242312969138242,avg_close,-0.013295068647084574
2026-05-11,Tottenham,Leeds,2526,0.5204540334809346,0.2525527615550916,0.22699320496397385,0.06154655801229891,avg_close,0.0010799990575544038
2026-05-13,Manchester City,Crystal Palace,2526,0.7243891537544696,0.16521156138259832,0.11039928486293209,0.06190265997756583,avg_close,-0.0635147879242366
2026-05-15,Aston Villa,Liverpool,2526,0.3501859466898212,0.2744147184586903,0.3753993348514884,0.06553198917692238,avg_close,0.009398712648490237
2026-05-17,Brentford,Crystal Palace,2526,0.5461352334863872,0.24085964143502203,0.21300512507859085,0.06456297486197826,avg_close,-0.012344299255131252
2026-05-17,Everton,Sunderland,2526,0.5103376386693267,0.26229643998646957,0.22736592134420366,0.06493862041343967,avg_close,0.005219743344284877
2026-05-17,Leeds,Brighton,2526,0.27270212962109336,0.2687839955748133,0.45851387480409334,0.06909758977482605,avg_close,-0.02636109209519588
2026-05-17,Manchester United,Nottingham Forest,2526,0.6032714166897698,0.21291932353756585,0.18380925977266427,0.06258248491704377,avg_close,0.016653813969514486
2026-05-17,Newcastle,West Ham,2526,0.4568606178267573,0.2458173927939245,0.2973219893793182,0.06773238711014784,avg_close,0.008906024993661943
2026-05-17,Wolves,Fulham,2526,0.2325359551305038,0.2581597518390993,0.5093042930303969,0.06709931234985422,avg_close,-0.016839378238341973
2026-05-18,Arsenal,Burnley,2526,0.8651620472951134,0.09327662033152063,0.04156133237336595,0.06041543954552098,avg_close,-0.0033655326122875584
2026-05-19,Bournemouth,Manchester City,2526,0.2030878092070078,0.22128907512650375,0.5756231156664884,0.06579620556932753,avg_close,-0.01074852724251013
2026-05-19,Chelsea,Tottenham,2526,0.42707135617190223,0.28514825305380054,0.2877803907742972,0.06919136103900558,avg_close,-0.07730681690867774
2026-05-24,Brighton,Manchester United,2526,0.5014668023708316,0.2298389510866312,0.2686942465425373,0.06639034879385441,avg_close,-0.00038145776841735923
2026-05-24,Burnley,Wolves,2526,0.3927192768140728,0.2744441729782556,0.33283655020767167,0.06541763173773174,avg_close,-0.003180933359739846
2026-05-24,Crystal Palace,Arsenal,2526,0.23701692082724046,0.2570921245038646,0.5058909546688949,0.06274762108374055,avg_close,0.004896482396487295
2026-05-24,Fulham,Newcastle,2526,0.3698666548531431,0.2588047667567448,0.37132857839011213,0.0644397980615341,avg_close,0.05001268816798976
2026-05-24,Liverpool,Brentford,2526,0.5310871073233574,0.23153304925180854,0.237379843424834,0.06380242265689384,avg_close,0.0006240898689410246
2026-05-24,Manchester City,Aston Villa,2526,0.6770222111637694,0.18273026670245424,0.14024752213377634,0.06263051428548838,avg_close,-0.07062187707697543
2026-05-24,Nottingham Forest,Bournemouth,2526,0.2657539467319447,0.2542618841705633,0.4799841690974919,0.06296022760913811,avg_close,-0.03085454508476021
2026-05-24,Sunderland,Chelsea,2526,0.2778767434098265,0.25808278360529086,0.4640404729848827,0.06156869091561279,avg_close,0.02434902535911654
2026-05-24,Tottenham,Everton,2526,0.5016419033421698,0.26956044806030394,0.2287976485975263,0.06601811915224065,avg_close,9.808450916115596e-05
2026-05-24,West Ham,Leeds,2526,0.554191658529781,0.22922769330915513,0.21658064816106387,0.06142935402200145,avg_close,0.046616459205396366
2026-08-21,Arsenal,Coventry,2627,0.7909604519774012,0.14124293785310735,0.06779661016949153,0.0535714285714286,avg_close,0.00991185728526156
2026-08-22,Brentford,Tottenham,2627,0.4709408782328998,0.25260710180147455,0.2764520199656256,0.06703959252727465,avg_close,0.08950226293336788
2026-08-22,Everton,Crystal Palace,2627,0.4079747762667601,0.2816968693270486,0.3103283544061913,0.05652238283668476,avg_close,-0.04027553286920771
2026-08-22,Hull,Manchester United,2627,0.11114483694461262,0.18466138271228205,0.7041937803431054,0.05974900311220055,avg_close,-0.007204965235274405
2026-08-22,Ipswich,Sunderland,2627,0.33312259325248583,0.29277544686476237,0.3741019598827519,0.06074129349594082,avg_close,-0.029881406635259622
2026-08-22,Nottingham Forest,Leeds,2627,0.3847695390781563,0.29458917835671344,0.32064128256513025,0.0607993197278911,avg_close,-0.035183217737881856
2026-08-23,Brighton,Aston Villa,2627,0.4555588026551998,0.276541560556089,0.26789963678871126,0.06043782849533197,avg_close,0.028353446641814606
2026-08-23,Manchester City,Bournemouth,2627,0.6545914939796393,0.19719911115704616,0.14820939486331455,0.06088216976746219,avg_close,0.015169621701942693
2026-08-23,Newcastle,Liverpool,2627,0.2587747152716033,0.24793598374190268,0.4932893009864939,0.055837481761222385,avg_close,0.0029147235176548714
2026-08-24,Fulham,Chelsea,2627,0.2640384816480184,0.2693192512809788,0.4666422670710028,0.06087583548270792,avg_close,0.00394992723154497
2026-08-28,Crystal Palace,Manchester City,2627,0.1900166427155459,0.22820400674796795,0.5817793505364861,0.06102760444841726,avg_close,-2.9908350310220433e-05
2026-08-29,Bournemouth,Everton,2627,0.4342356021753614,0.2735935296943029,0.29217086813033577,0.05637491267937955,avg_close,-0.030256520883625515
2026-08-29,Coventry,Hull,2627,0.5510648182107142,0.24812342600063567,0.20081175578865007,0.05503986032891239,avg_close,0.05196513522690349
2026-08-29,Liverpool,Nottingham Forest,2627,0.645005002659071,0.20036325614515824,0.15463174119577072,0.061901076775598085,avg_close,0.007424028721630949
2026-08-29,Tottenham,Newcastle,2627,0.43697786355482754,0.2559952061697219,0.3070269302754507,0.06439322872337994,avg_close,0.020234762346874435
2026-08-30,Chelsea,Brighton,2627,0.5132827814774876,0.24524999741613637,0.24146722110637592,0.06461410191617922,avg_close,-0.006484451224967658
2026-08-30,Leeds,Brentford,2627,0.34355748231689426,0.27686691222008536,0.37957560546302027,0.06230695716007162,avg_close,-0.026414610212863288
2026-08-30,Manchester United,Ipswich,2627,0.7026973807058343,0.17469656588976218,0.1226060534044034,0.062005747007079615,avg_close,0.032086826065046314
2026-08-30,Sunderland,Fulham,2627,0.4252421522189733,0.28694151304745313,0.28781633473357343,0.05927986701209331,avg_close,0.03603725564520488
2026-08-31,Aston Villa,Arsenal,2627,0.14425907752698722,0.21393523061825315,0.6418056918547594,0.05993467723480839,avg_close,-0.011543749681015902
2026-09-04,Ipswich,Liverpool,2627,0.19531953195319532,0.21872187218721875,0.585958595859586,0.053460014033490655,avg_close,0.020439119537880523
2026-09-05,Brentford,Sunderland,2627,0.5621794528136671,0.24467914008470487,0.19314140710162794,0.05880443025616122,avg_close,-0.030883377631859332
2026-09-05,Brighton,Leeds,2627,0.48672636358080834,0.26012373150048707,0.2531499049187046,0.05904252593499337,avg_close,0.007582069696232874
2026-09-05,Fulham,Crystal Palace,2627,0.43822279846729095,0.2792216061030527,0.2825555954296563,0.056455676386993225,avg_close,0.021884697043932755
2026-09-05,Hull,Aston Villa,2627,0.24003863202991502,0.26210346450063143,0.49785790346945347,0.06275410195028197,avg_close,0.012411515097467657
2026-09-05,Manchester City,Coventry,2627,0.7951912247029126,0.131793531670817,0.07301524362627052,0.056772394297655016,avg_close,-0.0014593801729324563
2026-09-05,Newcastle,Bournemouth,2627,0.4462686567164179,0.2599147121535181,0.29381663113006395,0.05698239414400197,avg_close,-0.011110689960333098
2026-09-05,Nottingham Forest,Tottenham,2627,0.35809444945079033,0.2796950729438126,0.36221047760539715,0.05778762940566651,avg_close,-0.04319693908225014
2026-09-06,Arsenal,Chelsea,2627,0.555491294289541,0.24528187020577136,0.1992268355046877,0.05894601799292776,avg_close,-0.00959894012332596
2026-09-06,Everton,Manchester United,2627,0.25863236289776576,0.2471225457007448,0.4942450914014896,0.059312916875851496,avg_close,-0.03206115117629582
